Pfam_code,alignment_type,score_original
PF00001,FULL,0.7
PF00002,HMMER,1.05
PF00003,FULL,1.01
PF00004,HMMER,1.42
PF00005,HMMER,1.19
PF00006,FULL,1.89
PF00007,HMMER,1.65
PF00008,HMMER,2.56
PF00009,HMMER,1.2
PF00010,HMMER,1.4
PF00011,HMMER,1.75
PF00012,HMMER,2.32
PF00013,SEED,1.07
PF00014,HMMER,2.31
PF00017,SEED,1.47
PF00018,HMMER,1.64
PF00019,HMMER,1.99
PF00020,SEED,1.68
PF00021,SEED,0.79
PF00022,HMMER,2.28
PF00023,FULL,1.49
PF00024,HMMER,0.99
PF00025,HMMER,1.87
PF00026,HMMER,2.25
PF00027,HMMER,1.12
PF00028,HMMER,1.02
PF00029,HMMER,2.31
PF00030,SEED,1.45
PF00031,HMMER,1.03
PF00035,HMMER,1.08
PF00036,HMMER,2.28
PF00038,HMMER,1.78
PF00039,HMMER,2.34
PF00040,FULL,2.92
PF00041,HMMER,0.76
PF00042,HMMER,2.02
PF00043,HMMER,0.9
PF00044,HMMER,3.25
PF00045,HMMER,1.17
PF00046,SEED,1.66
PF00047,HMMER,0.76
PF00048,HMMER,1.59
PF00049,HMMER,1.12
PF00050,HMMER,2.18
PF00051,FULL,3.04
PF00052,SEED,0.98
PF00053,SEED,2.07
PF00054,HMMER,0.9
PF00055,FULL,2.38
PF00056,HMMER,2.17
PF00057,HMMER,2.66
PF00058,HMMER,1.65
PF00059,HMMER,1.04
PF00060,SEED,1.1
PF00061,HMMER,0.39
PF00062,HMMER,2.67
PF00063,FULL,1.99
PF00066,HMMER,2.59
PF00067,HMMER,0.82
PF00068,HMMER,2.13
PF00069,HMMER,1.08
PF00071,HMMER,1.46
PF00074,HMMER,1.21
PF00075,HMMER,4.09
PF00076,HMMER,1.09
PF00077,HMMER,5.23
PF00078,HMMER,4.26
PF00079,SEED,1.66
PF00080,FULL,3.2
PF00082,FULL,2.15
PF00083,HMMER,0.82
PF00084,HMMER,1.45
PF00085,HMMER,1.23
PF00086,HMMER,2.11
PF00087,HMMER,1.26
PF00088,HMMER,2.26
PF00089,HMMER,1.64
PF00090,HMMER,2.15
PF00091,HMMER,3.03
PF00092,HMMER,0.9
PF00093,HMMER,2.1
PF00094,HMMER,0.97
PF00095,HMMER,2.31
PF00096,FULL,2.75
PF00097,HMMER,1.96
PF00098,HMMER,3.73
PF00100,HMMER,1.07
PF00102,HMMER,1.96
PF00103,HMMER,3.25
PF00104,HMMER,0.92
PF00105,HMMER,3.4
PF00106,SEED,1.01
PF00107,HMMER,1.14
PF00108,HMMER,1.19
PF00109,FULL,2.15
PF00110,HMMER,2.52
PF00111,FULL,1.4
PF00112,HMMER,1.87
PF00113,HMMER,2.79
PF00117,HMMER,1.02
PF00118,HMMER,1.02
PF00120,FULL,2.32
PF00122,HMMER,1.52
PF00123,HMMER,1.92
PF00125,HMMER,1.72
PF00128,FULL,2.67
PF00129,HMMER,1.69
PF00130,HMMER,1.86
PF00131,HMMER,5.29
PF00133,FULL,2.05
PF00134,HMMER,0.83
PF00135,SEED,1.46
PF00136,HMMER,1.35
PF00137,HMMER,1.81
PF00143,HMMER,3.26
PF00144,HMMER,0.57
PF00145,HMMER,1.03
PF00147,HMMER,2.32
PF00149,HMMER,0.58
PF00151,HMMER,2.09
PF00152,HMMER,0.9
PF00153,HMMER,0.83
PF00155,FULL,0.57
PF00156,HMMER,0.97
PF00157,HMMER,3.28
PF00159,HMMER,3.14
PF00160,HMMER,2.7
PF00162,HMMER,4.64
PF00163,HMMER,0.89
PF00164,HMMER,2.01
PF00167,HMMER,1.94
PF00168,HMMER,0.79
PF00169,HMMER,0.56
PF00170,HMMER,1.6
PF00171,HMMER,1.45
PF00173,HMMER,1.31
PF00175,HMMER,1.08
PF00176,SEED,1.29
PF00177,HMMER,0.85
PF00178,HMMER,2.8
PF00179,HMMER,1.66
PF00180,FULL,2.25
PF00181,HMMER,1.05
PF00183,HMMER,2.84
PF00184,HMMER,5.08
PF00185,HMMER,0.87
PF00186,HMMER,4.93
PF00188,FULL,1.95
PF00191,HMMER,1.53
PF00193,HMMER,2.1
PF00194,HMMER,1.85
PF00198,HMMER,1.46
PF00200,HMMER,3.08
PF00201,FULL,2.56
PF00202,HMMER,1.39
PF00204,FULL,4.7
PF00205,HMMER,1.17
PF00206,HMMER,0.24
PF00207,HMMER,2.08
PF00208,HMMER,5.2
PF00209,HMMER,2.4
PF00210,HMMER,3.36
PF00211,SEED,2.14
PF00212,HMMER,2.72
PF00214,FULL,2.13
PF00217,HMMER,4.1
PF00219,FULL,2.75
PF00220,HMMER,5.22
PF00224,FULL,4.51
PF00225,HMMER,1.77
PF00226,HMMER,2.4
PF00227,HMMER,0.79
PF00229,HMMER,0.79
PF00230,SEED,2.63
PF00232,SEED,2.54
PF00233,HMMER,1.83
PF00235,FULL,3.09
PF00237,HMMER,0.5
PF00238,HMMER,0.51
PF00240,HMMER,1.38
PF00241,HMMER,0.78
PF00243,HMMER,3.26
PF00244,HMMER,3.8
PF00245,HMMER,4.02
PF00246,HMMER,1.35
PF00248,HMMER,1.66
PF00249,FULL,1.87
PF00250,HMMER,2.98
PF00252,HMMER,2.15
PF00253,HMMER,0.84
PF00254,HMMER,1.91
PF00255,HMMER,2.39
PF00258,HMMER,1.61
PF00261,HMMER,4.07
PF00262,HMMER,2.6
PF00264,FULL,2.72
PF00266,HMMER,0.4
PF00268,HMMER,4.65
PF00270,SEED,1.04
PF00271,HMMER,0.85
PF00273,HMMER,1.04
PF00274,FULL,4.29
PF00276,FULL,3.25
PF00277,HMMER,3.63
PF00282,HMMER,1.75
PF00285,FULL,4.9
PF00287,FULL,2.5
PF00288,HMMER,0.89
PF00289,HMMER,2.22
PF00291,HMMER,0.73
PF00292,HMMER,3.91
PF00293,HMMER,0.65
PF00294,HMMER,0.25
PF00297,HMMER,2.29
PF00298,HMMER,0.97
PF00300,HMMER,1.29
PF00305,HMMER,2.41
PF00307,HMMER,0.73
PF00312,HMMER,0.44
PF00313,HMMER,1.55
PF00316,HMMER,4.06
PF00318,HMMER,2.12
PF00319,HMMER,3.71
PF00320,HMMER,2.82
PF00322,HMMER,4.89
PF00323,HMMER,2.85
PF00324,HMMER,2.16
PF00326,HMMER,1.03
PF00327,HMMER,1.29
PF00328,SEED,3.94
PF00330,HMMER,2.05
PF00333,HMMER,0.63
PF00334,FULL,2.03
PF00335,SEED,0.89
PF00337,HMMER,1.55
PF00338,HMMER,0.71
PF00339,HMMER,1.03
PF00340,HMMER,1.31
PF00341,HMMER,1.76
PF00343,HMMER,4.45
PF00344,FULL,4.79
PF00347,HMMER,0.22
PF00348,HMMER,0.5
PF00349,HMMER,2.97
PF00350,HMMER,1.09
PF00351,HMMER,3.55
PF00352,HMMER,1.86
PF00354,HMMER,1.27
PF00355,HMMER,2.35
PF00357,HMMER,2.75
PF00361,FULL,0.59
PF00362,HMMER,2.74
PF00364,HMMER,1.1
PF00365,FULL,2.92
PF00366,HMMER,0.68
PF00370,HMMER,1.49
PF00373,HMMER,0.83
PF00375,HMMER,2.69
PF00377,HMMER,0.89
PF00378,HMMER,1.15
PF00380,HMMER,1.35
PF00382,HMMER,0.59
PF00383,HMMER,0.68
PF00385,HMMER,1.8
PF00386,SEED,1.21
PF00387,HMMER,2.42
PF00388,HMMER,2.75
PF00389,HMMER,1.38
PF00390,HMMER,4.07
PF00396,HMMER,3.32
PF00397,HMMER,2.48
PF00398,HMMER,0.61
PF00400,FULL,1.06
PF00402,HMMER,3.38
PF00403,HMMER,1.96
PF00405,SEED,2.69
PF00406,HMMER,1.3
PF00411,HMMER,1.18
PF00412,HMMER,1.45
PF00413,SEED,2.87
PF00414,FULL,2.63
PF00415,FULL,1.46
PF00418,HMMER,3.08
PF00428,HMMER,1.45
PF00429,HMMER,1.53
PF00431,HMMER,1.37
PF00432,HMMER,1.38
PF00433,HMMER,1.25
PF00435,HMMER,0.48
PF00438,HMMER,4.64
PF00439,HMMER,1.47
PF00441,HMMER,1.22
PF00443,SEED,0.7
PF00446,HMMER,4.5
PF00447,HMMER,2.3
PF00448,HMMER,1.42
PF00450,FULL,3.42
PF00452,HMMER,1.25
PF00454,HMMER,1.04
PF00456,HMMER,3.95
PF00458,HMMER,1.98
PF00459,HMMER,0.86
PF00462,HMMER,1.36
PF00464,HMMER,3.76
PF00466,HMMER,1.32
PF00467,HMMER,1.5
PF00472,HMMER,1.52
PF00473,HMMER,1.73
PF00474,HMMER,1.64
PF00476,HMMER,1.62
PF00478,FULL,2.78
PF00479,FULL,3.65
PF00481,HMMER,1.09
PF00483,HMMER,1.18
PF00485,HMMER,3.37
PF00487,HMMER,0.74
PF00488,HMMER,2.02
PF00491,HMMER,1.91
PF00493,HMMER,2.49
PF00494,HMMER,-0.17
PF00498,FULL,1.07
PF00501,SEED,1.26
PF00503,HMMER,2.67
PF00505,HMMER,1.72
PF00514,HMMER,0.88
PF00515,HMMER,1.15
PF00517,HMMER,4.88
PF00520,HMMER,0.61
PF00521,HMMER,4.29
PF00525,HMMER,2.59
PF00530,HMMER,2.27
PF00531,HMMER,0.76
PF00533,HMMER,0.45
PF00534,HMMER,0.44
PF00535,HMMER,1.45
PF00536,HMMER,0.97
PF00538,HMMER,1.93
PF00549,FULL,1.92
PF00550,HMMER,0.88
PF00551,HMMER,1.42
PF00552,FULL,5.95
PF00554,HMMER,1.85
PF00557,HMMER,0.64
PF00560,FULL,1.49
PF00561,FULL,0.7
PF00562,HMMER,1.99
PF00564,HMMER,0.61
PF00565,HMMER,0.88
PF00566,HMMER,1.02
PF00567,HMMER,0.62
PF00568,HMMER,1.53
PF00569,HMMER,2.21
PF00570,FULL,1.71
PF00571,HMMER,0.98
PF00572,HMMER,0.8
PF00573,FULL,2.44
PF00575,FULL,1.14
PF00578,HMMER,2.73
PF00579,HMMER,0.09
PF00580,HMMER,0.95
PF00581,HMMER,0.46
PF00583,HMMER,0.5
PF00586,HMMER,2.16
PF00587,HMMER,0.97
PF00588,FULL,1.35
PF00594,HMMER,3.18
PF00595,HMMER,1.11
PF00596,FULL,2.83
PF00605,HMMER,2.6
PF00607,HMMER,5.09
PF00609,HMMER,2.27
PF00610,HMMER,1.26
PF00611,HMMER,1.08
PF00612,HMMER,1.69
PF00613,HMMER,1.49
PF00614,HMMER,4.69
PF00615,SEED,1.17
PF00616,HMMER,1.4
PF00617,HMMER,1.33
PF00618,HMMER,0.93
PF00619,HMMER,0.69
PF00620,HMMER,1.31
PF00621,HMMER,0.89
PF00622,SEED,0.66
PF00623,SEED,2.19
PF00625,HMMER,1.43
PF00626,HMMER,0.7
PF00627,HMMER,1.19
PF00628,HMMER,2.1
PF00629,FULL,1.25
PF00630,HMMER,1.51
PF00631,HMMER,1.78
PF00632,HMMER,1.47
PF00633,HMMER,1.87
PF00634,HMMER,1.48
PF00635,HMMER,1.36
PF00636,HMMER,1.43
PF00637,HMMER,0.36
PF00638,HMMER,2.98
PF00640,SEED,1.29
PF00641,HMMER,2.34
PF00642,HMMER,2.34
PF00643,HMMER,1.99
PF00644,HMMER,1.15
PF00645,FULL,2.82
PF00646,HMMER,1.0
PF00648,HMMER,2.17
PF00650,HMMER,1.32
PF00651,HMMER,1.17
PF00652,HMMER,0.98
PF00653,HMMER,2.54
PF00654,HMMER,1.89
PF00656,SEED,1.18
PF00657,HMMER,0.67
PF00658,HMMER,3.65
PF00659,HMMER,1.02
PF00664,HMMER,0.24
PF00665,HMMER,4.58
PF00666,HMMER,0.72
PF00667,HMMER,1.52
PF00670,HMMER,3.45
PF00675,HMMER,0.96
PF00676,HMMER,1.17
PF00679,HMMER,1.17
PF00681,HMMER,1.94
PF00682,HMMER,2.81
PF00683,HMMER,2.59
PF00684,HMMER,3.0
PF00685,HMMER,0.85
PF00686,HMMER,1.21
PF00687,FULL,2.58
PF00688,HMMER,0.84
PF00689,FULL,1.4
PF00690,HMMER,1.16
PF00692,HMMER,1.08
PF00694,FULL,3.31
PF00696,HMMER,-0.13
PF00698,HMMER,0.63
PF00701,HMMER,0.81
PF00702,HMMER,0.41
PF00704,SEED,2.99
PF00708,HMMER,3.36
PF00709,HMMER,4.34
PF00711,HMMER,2.09
PF00717,HMMER,4.23
PF00719,HMMER,4.32
PF00723,FULL,3.22
PF00725,SEED,1.4
PF00726,HMMER,1.28
PF00728,HMMER,2.27
PF00730,SEED,0.54
PF00733,HMMER,0.66
PF00735,HMMER,2.83
PF00736,HMMER,4.63
PF00743,HMMER,3.03
PF00748,FULL,2.5
PF00749,FULL,2.45
PF00750,HMMER,1.52
PF00751,HMMER,4.26
PF00752,HMMER,0.86
PF00753,HMMER,0.41
PF00754,HMMER,1.43
PF00755,SEED,1.14
PF00757,SEED,3.01
PF00758,FULL,3.1
PF00763,HMMER,1.93
PF00769,HMMER,2.73
PF00773,HMMER,1.5
PF00777,HMMER,0.98
PF00778,HMMER,2.83
PF00779,HMMER,2.66
PF00780,SEED,0.76
PF00781,HMMER,1.75
PF00782,HMMER,1.42
PF00784,HMMER,1.37
PF00786,HMMER,1.57
PF00787,HMMER,0.96
PF00788,HMMER,0.45
PF00789,HMMER,0.81
PF00790,HMMER,1.82
PF00791,FULL,2.37
PF00792,HMMER,1.2
PF00794,HMMER,0.9
PF00795,HMMER,0.75
PF00797,FULL,4.64
PF00801,HMMER,0.75
PF00804,FULL,2.2
PF00805,FULL,1.27
PF00806,HMMER,1.51
PF00808,HMMER,1.11
PF00810,HMMER,4.22
PF00812,HMMER,2.22
PF00814,HMMER,0.98
PF00817,HMMER,1.6
PF00821,HMMER,4.17
PF00822,HMMER,1.03
PF00828,FULL,2.39
PF00832,FULL,5.1
PF00834,HMMER,5.06
PF00835,HMMER,2.65
PF00836,HMMER,3.06
PF00837,HMMER,1.67
PF00838,HMMER,3.8
PF00839,HMMER,1.07
PF00849,FULL,1.72
PF00850,HMMER,1.8
PF00852,FULL,2.78
PF00853,HMMER,5.0
PF00854,HMMER,0.9
PF00855,HMMER,1.16
PF00856,HMMER,1.15
PF00857,HMMER,2.54
PF00858,FULL,1.86
PF00859,FULL,3.49
PF00860,FULL,2.77
PF00864,HMMER,2.5
PF00867,SEED,1.7
PF00868,HMMER,1.52
PF00870,FULL,4.47
PF00875,HMMER,4.29
PF00876,HMMER,1.11
PF00878,SEED,1.32
PF00879,HMMER,2.94
PF00880,FULL,1.55
PF00883,HMMER,1.29
PF00884,SEED,1.52
PF00887,HMMER,2.06
PF00888,HMMER,1.34
PF00891,HMMER,2.34
PF00892,HMMER,0.76
PF00899,HMMER,0.81
PF00900,HMMER,4.8
PF00903,FULL,0.96
PF00904,FULL,3.09
PF00907,HMMER,3.04
PF00909,HMMER,2.02
PF00916,HMMER,1.75
PF00918,HMMER,4.92
PF00919,HMMER,1.34
PF00927,HMMER,0.48
PF00928,SEED,0.36
PF00929,HMMER,0.56
PF00930,HMMER,1.35
PF00932,HMMER,1.82
PF00935,HMMER,5.33
PF00939,HMMER,2.39
PF00941,FULL,2.08
PF00955,HMMER,2.56
PF00956,HMMER,2.42
PF00957,HMMER,1.73
PF00962,HMMER,0.74
PF00965,FULL,3.18
PF00969,HMMER,2.93
PF00970,HMMER,2.49
PF00975,HMMER,0.07
PF00976,HMMER,2.71
PF00988,FULL,3.57
PF00989,HMMER,1.83
PF00992,HMMER,1.45
PF00993,HMMER,2.1
PF00994,HMMER,0.5
PF00995,HMMER,0.81
PF00996,HMMER,3.82
PF00999,HMMER,0.95
PF01000,HMMER,1.84
PF01007,HMMER,2.81
PF01008,HMMER,0.77
PF01012,FULL,2.73
PF01017,HMMER,1.56
PF01018,FULL,3.12
PF01019,HMMER,2.87
PF01023,HMMER,1.77
PF01025,HMMER,2.82
PF01026,HMMER,0.74
PF01027,FULL,1.73
PF01028,HMMER,4.13
PF01030,HMMER,1.44
PF01031,HMMER,1.78
PF01033,HMMER,2.54
PF01034,FULL,3.31
PF01039,HMMER,1.23
PF01040,HMMER,-0.03
PF01044,HMMER,1.88
PF01048,FULL,1.63
PF01049,HMMER,2.96
PF01055,HMMER,2.24
PF01056,HMMER,2.25
PF01061,HMMER,1.2
PF01062,HMMER,3.58
PF01063,FULL,4.23
PF01064,SEED,1.72
PF01066,HMMER,1.03
PF01067,HMMER,1.64
PF01068,SEED,1.21
PF01070,HMMER,2.46
PF01073,HMMER,1.63
PF01074,HMMER,1.35
PF01079,HMMER,2.29
PF01080,HMMER,4.44
PF01082,HMMER,1.77
PF01084,HMMER,1.87
PF01085,HMMER,4.59
PF01086,FULL,3.6
PF01088,HMMER,1.64
PF01091,HMMER,3.12
PF01093,SEED,1.02
PF01094,SEED,0.65
PF01096,HMMER,3.02
PF01099,SEED,1.13
PF01101,HMMER,2.38
PF01102,HMMER,2.37
PF01105,SEED,2.28
PF01108,HMMER,0.86
PF01111,HMMER,4.78
PF01112,FULL,2.16
PF01119,HMMER,1.26
PF01120,HMMER,3.64
PF01121,HMMER,1.3
PF01122,HMMER,1.01
PF01124,HMMER,0.81
PF01126,HMMER,3.15
PF01129,HMMER,1.66
PF01130,HMMER,1.78
PF01131,HMMER,1.86
PF01135,HMMER,2.09
PF01137,HMMER,1.11
PF01138,FULL,0.99
PF01142,HMMER,1.52
PF01144,FULL,1.75
PF01145,HMMER,0.82
PF01146,HMMER,2.81
PF01148,FULL,4.45
PF01150,HMMER,1.43
PF01151,HMMER,1.79
PF01153,HMMER,1.74
PF01154,HMMER,4.32
PF01160,HMMER,1.6
PF01161,HMMER,1.89
PF01163,HMMER,1.55
PF01166,HMMER,3.73
PF01167,HMMER,3.3
PF01169,FULL,2.65
PF01170,HMMER,0.94
PF01176,HMMER,2.55
PF01179,FULL,3.26
PF01180,FULL,2.93
PF01182,HMMER,1.44
PF01186,HMMER,3.55
PF01187,HMMER,2.61
PF01189,HMMER,1.27
PF01193,HMMER,0.89
PF01201,HMMER,0.63
PF01202,HMMER,0.41
PF01207,HMMER,1.15
PF01210,HMMER,3.6
PF01213,HMMER,3.12
PF01216,HMMER,3.7
PF01217,HMMER,1.14
PF01221,HMMER,3.18
PF01222,HMMER,2.38
PF01223,HMMER,0.97
PF01230,HMMER,1.79
PF01231,HMMER,2.29
PF01233,HMMER,4.8
PF01234,SEED,1.87
PF01237,FULL,2.4
PF01239,HMMER,1.23
PF01244,FULL,3.6
PF01246,HMMER,2.47
PF01248,HMMER,0.73
PF01253,HMMER,1.63
PF01255,HMMER,0.66
PF01266,FULL,0.97
PF01267,HMMER,2.92
PF01268,HMMER,4.0
PF01269,FULL,5.0
PF01271,SEED,0.61
PF01273,SEED,0.44
PF01275,HMMER,2.93
PF01279,HMMER,1.94
PF01283,HMMER,4.95
PF01284,HMMER,0.42
PF01285,HMMER,5.15
PF01287,HMMER,4.08
PF01290,HMMER,4.24
PF01291,HMMER,0.46
PF01296,HMMER,5.69
PF01299,FULL,1.48
PF01301,HMMER,2.71
PF01302,HMMER,2.5
PF01315,FULL,2.36
PF01321,HMMER,2.17
PF01329,FULL,4.22
PF01335,HMMER,0.91
PF01336,FULL,1.26
PF01342,HMMER,2.27
PF01344,HMMER,1.43
PF01347,HMMER,0.25
PF01352,HMMER,2.99
PF01363,HMMER,2.36
PF01365,HMMER,1.36
PF01369,HMMER,2.26
PF01370,HMMER,0.1
PF01380,SEED,-0.13
PF01384,HMMER,2.15
PF01387,HMMER,2.88
PF01388,HMMER,1.84
PF01390,HMMER,0.97
PF01391,HMMER,2.07
PF01392,HMMER,1.82
PF01393,FULL,4.91
PF01394,HMMER,0.41
PF01398,HMMER,0.7
PF01399,HMMER,0.45
PF01400,HMMER,2.53
PF01401,HMMER,2.61
PF01403,HMMER,1.09
PF01404,HMMER,3.08
PF01406,HMMER,2.64
PF01408,HMMER,1.13
PF01409,HMMER,1.22
PF01410,SEED,4.56
PF01411,HMMER,2.78
PF01412,HMMER,2.06
PF01413,HMMER,2.84
PF01414,HMMER,3.7
PF01416,HMMER,0.37
PF01417,HMMER,2.81
PF01419,HMMER,1.58
PF01421,SEED,1.62
PF01422,HMMER,3.81
PF01423,HMMER,0.93
PF01424,HMMER,1.29
PF01425,FULL,1.34
PF01426,HMMER,0.82
PF01428,HMMER,2.09
PF01429,HMMER,1.3
PF01431,HMMER,2.85
PF01432,HMMER,1.96
PF01433,HMMER,1.81
PF01434,HMMER,2.01
PF01435,HMMER,0.41
PF01436,HMMER,1.73
PF01437,HMMER,1.91
PF01442,HMMER,0.75
PF01448,HMMER,1.43
PF01454,HMMER,2.6
PF01457,HMMER,0.89
PF01459,HMMER,1.65
PF01462,HMMER,2.26
PF01463,HMMER,1.53
PF01465,HMMER,3.17
PF01467,HMMER,0.81
PF01470,HMMER,2.28
PF01471,HMMER,1.53
PF01472,HMMER,2.19
PF01476,HMMER,2.36
PF01477,HMMER,1.01
PF01479,FULL,1.83
PF01480,HMMER,1.31
PF01483,HMMER,2.47
PF01485,FULL,1.59
PF01490,HMMER,0.87
PF01494,HMMER,1.58
PF01496,FULL,3.17
PF01500,HMMER,4.09
PF01501,HMMER,0.72
PF01504,HMMER,1.86
PF01505,FULL,2.61
PF01509,HMMER,1.21
PF01510,HMMER,2.29
PF01513,HMMER,1.63
PF01521,HMMER,1.28
PF01529,HMMER,1.41
PF01530,HMMER,4.33
PF01531,HMMER,3.4
PF01532,SEED,2.05
PF01534,FULL,2.7
PF01535,FULL,0.9
PF01545,HMMER,1.05
PF01546,HMMER,0.32
PF01553,HMMER,0.61
PF01554,HMMER,1.31
PF01556,HMMER,1.95
PF01557,FULL,1.83
PF01562,FULL,1.21
PF01564,HMMER,0.81
PF01565,HMMER,1.03
PF01566,FULL,4.56
PF01569,HMMER,0.79
PF01571,HMMER,1.11
PF01575,HMMER,0.62
PF01576,HMMER,2.39
PF01582,HMMER,1.04
PF01583,HMMER,4.59
PF01585,HMMER,2.22
PF01586,HMMER,1.85
PF01588,HMMER,3.45
PF01590,HMMER,1.13
PF01591,HMMER,3.8
PF01593,HMMER,0.56
PF01595,HMMER,2.73
PF01596,HMMER,1.12
PF01597,HMMER,1.04
PF01602,HMMER,0.77
PF01603,HMMER,4.09
PF01607,HMMER,3.0
PF01608,HMMER,1.86
PF01612,HMMER,0.73
PF01619,HMMER,2.13
PF01624,HMMER,0.39
PF01630,FULL,2.58
PF01633,HMMER,2.16
PF01636,HMMER,0.99
PF01641,HMMER,2.42
PF01650,HMMER,1.44
PF01652,FULL,3.11
PF01661,SEED,1.06
PF01663,SEED,2.25
PF01667,HMMER,5.56
PF01693,HMMER,1.28
PF01694,HMMER,0.65
PF01699,HMMER,1.02
PF01702,FULL,2.51
PF01704,HMMER,1.64
PF01712,HMMER,1.4
PF01722,HMMER,1.66
PF01728,FULL,1.62
PF01731,HMMER,3.53
PF01733,SEED,2.2
PF01734,HMMER,0.68
PF01735,HMMER,2.26
PF01740,FULL,1.03
PF01747,HMMER,4.65
PF01749,FULL,2.46
PF01751,FULL,2.48
PF01753,HMMER,2.43
PF01754,HMMER,2.51
PF01755,HMMER,3.19
PF01756,HMMER,0.93
PF01758,HMMER,1.76
PF01759,HMMER,0.64
PF01762,HMMER,1.65
PF01764,HMMER,2.08
PF01769,FULL,2.13
PF01770,HMMER,2.43
PF01773,HMMER,3.53
PF01776,HMMER,4.01
PF01778,FULL,2.44
PF01780,FULL,5.0
PF01794,FULL,1.13
PF01795,HMMER,5.02
PF01798,HMMER,1.75
PF01799,HMMER,4.37
PF01803,HMMER,4.44
PF01805,HMMER,1.8
PF01812,HMMER,0.32
PF01821,FULL,3.14
PF01822,HMMER,1.38
PF01823,HMMER,0.81
PF01825,HMMER,2.24
PF01826,SEED,2.49
PF01833,HMMER,0.74
PF01834,HMMER,1.76
PF01835,HMMER,1.66
PF01839,SEED,2.35
PF01840,HMMER,1.8
PF01841,HMMER,2.68
PF01843,HMMER,1.57
PF01846,SEED,1.21
PF01847,HMMER,3.68
PF01849,HMMER,2.87
PF01851,HMMER,0.88
PF01852,HMMER,0.44
PF01853,HMMER,3.53
PF01857,HMMER,2.53
PF01858,HMMER,2.24
PF01866,FULL,3.26
PF01871,FULL,5.14
PF01873,HMMER,1.14
PF01883,FULL,3.95
PF01896,FULL,3.65
PF01900,FULL,0.36
PF01909,HMMER,1.33
PF01918,HMMER,2.9
PF01920,HMMER,0.36
PF01926,HMMER,1.22
PF01937,FULL,2.32
PF01938,HMMER,0.77
PF01956,HMMER,0.25
PF01963,HMMER,1.84
PF01974,HMMER,1.11
PF01979,FULL,1.48
PF01981,FULL,2.4
PF01991,HMMER,3.67
PF01992,FULL,4.6
PF01997,HMMER,0.89
PF02005,HMMER,0.97
PF02008,HMMER,2.75
PF02010,HMMER,0.4
PF02014,HMMER,1.18
PF02017,HMMER,1.81
PF02019,FULL,2.35
PF02020,HMMER,1.55
PF02022,FULL,5.36
PF02023,HMMER,2.93
PF02026,HMMER,1.97
PF02029,HMMER,0.94
PF02036,FULL,2.53
PF02037,HMMER,1.43
PF02038,HMMER,2.58
PF02044,HMMER,4.5
PF02046,FULL,3.84
PF02058,HMMER,2.23
PF02060,HMMER,1.58
PF02063,FULL,2.25
PF02064,HMMER,2.45
PF02078,HMMER,3.79
PF02089,FULL,3.32
PF02096,HMMER,1.16
PF02099,HMMER,2.16
PF02100,HMMER,2.84
PF02114,HMMER,1.81
PF02115,HMMER,3.55
PF02121,HMMER,2.89
PF02135,HMMER,3.41
PF02136,FULL,2.61
PF02137,FULL,2.06
PF02138,HMMER,2.74
PF02140,FULL,4.06
PF02141,HMMER,1.31
PF02142,HMMER,0.36
PF02145,HMMER,2.14
PF02146,FULL,2.3
PF02148,HMMER,1.89
PF02149,HMMER,3.07
PF02150,HMMER,2.0
PF02158,FULL,4.22
PF02170,HMMER,1.57
PF02171,FULL,2.6
PF02172,FULL,4.96
PF02173,FULL,3.7
PF02174,HMMER,1.13
PF02176,FULL,2.07
PF02177,HMMER,3.29
PF02178,HMMER,3.47
PF02179,FULL,1.23
PF02180,FULL,3.38
PF02181,HMMER,1.14
PF02182,FULL,4.97
PF02185,HMMER,1.61
PF02187,HMMER,3.21
PF02188,HMMER,2.45
PF02189,HMMER,1.31
PF02190,HMMER,0.81
PF02191,HMMER,1.88
PF02192,HMMER,2.31
PF02194,HMMER,1.02
PF02196,HMMER,1.26
PF02197,HMMER,1.68
PF02198,HMMER,1.6
PF02199,HMMER,3.23
PF02201,HMMER,2.64
PF02204,HMMER,1.14
PF02205,FULL,1.9
PF02207,HMMER,2.11
PF02208,HMMER,3.05
PF02209,HMMER,2.52
PF02210,FULL,0.79
PF02212,HMMER,1.83
PF02213,HMMER,2.83
PF02214,HMMER,1.43
PF02218,HMMER,3.57
PF02221,HMMER,0.21
PF02223,HMMER,0.59
PF02225,HMMER,0.83
PF02230,HMMER,2.19
PF02234,HMMER,2.63
PF02238,HMMER,2.83
PF02244,HMMER,1.48
PF02251,HMMER,2.46
PF02252,HMMER,2.47
PF02256,FULL,3.89
PF02257,HMMER,2.49
PF02259,HMMER,0.1
PF02260,HMMER,2.08
PF02262,HMMER,2.34
PF02263,HMMER,2.37
PF02267,HMMER,2.0
PF02269,HMMER,1.43
PF02275,FULL,4.18
PF02285,HMMER,2.44
PF02291,FULL,5.11
PF02295,FULL,2.71
PF02296,FULL,4.64
PF02297,HMMER,1.61
PF02301,HMMER,1.33
PF02310,FULL,3.45
PF02318,HMMER,1.63
PF02319,HMMER,2.14
PF02320,HMMER,5.11
PF02337,HMMER,5.25
PF02338,SEED,0.37
PF02351,HMMER,1.01
PF02354,HMMER,2.22
PF02359,HMMER,-0.4
PF02366,HMMER,1.81
PF02368,HMMER,2.55
PF02372,FULL,0.73
PF02373,HMMER,0.99
PF02375,HMMER,2.67
PF02376,HMMER,2.25
PF02377,HMMER,3.36
PF02383,FULL,2.76
PF02389,HMMER,4.64
PF02394,HMMER,0.92
PF02412,HMMER,2.84
PF02434,SEED,1.79
PF02437,HMMER,1.79
PF02450,FULL,3.75
PF02453,FULL,3.29
PF02460,HMMER,1.87
PF02463,FULL,0.66
PF02466,HMMER,0.75
PF02469,HMMER,0.91
PF02475,HMMER,0.86
PF02485,HMMER,1.78
PF02492,HMMER,4.96
PF02493,HMMER,1.83
PF02494,HMMER,1.76
PF02513,HMMER,2.38
PF02515,HMMER,1.11
PF02516,HMMER,3.39
PF02518,HMMER,2.18
PF02525,HMMER,2.57
PF02535,SEED,1.2
PF02536,HMMER,0.44
PF02540,HMMER,0.31
PF02544,SEED,3.19
PF02574,HMMER,2.01
PF02580,FULL,3.44
PF02617,FULL,3.43
PF02629,HMMER,0.49
PF02630,HMMER,3.37
PF02668,HMMER,1.13
PF02671,FULL,1.82
PF02690,HMMER,2.53
PF02709,HMMER,2.91
PF02714,HMMER,3.44
PF02727,HMMER,3.0
PF02728,FULL,3.0
PF02729,HMMER,1.25
PF02732,HMMER,0.12
PF02735,HMMER,0.31
PF02736,HMMER,2.07
PF02737,HMMER,1.04
PF02738,HMMER,2.74
PF02750,HMMER,4.28
PF02752,HMMER,1.36
PF02755,HMMER,2.29
PF02758,SEED,0.97
PF02759,HMMER,0.71
PF02760,HMMER,2.59
PF02761,HMMER,3.66
PF02762,HMMER,4.39
PF02769,FULL,0.72
PF02770,HMMER,1.47
PF02771,HMMER,1.07
PF02772,HMMER,4.63
PF02773,HMMER,4.85
PF02775,HMMER,1.38
PF02776,HMMER,1.54
PF02779,HMMER,0.94
PF02780,FULL,1.82
PF02781,HMMER,1.62
PF02782,FULL,1.59
PF02784,FULL,3.34
PF02785,HMMER,1.6
PF02786,HMMER,1.35
PF02787,FULL,3.02
PF02791,HMMER,1.48
PF02792,HMMER,5.29
PF02793,HMMER,1.59
PF02798,HMMER,1.63
PF02799,HMMER,4.47
PF02800,HMMER,4.03
PF02801,HMMER,1.09
PF02803,HMMER,2.16
PF02806,HMMER,3.77
PF02807,FULL,4.58
PF02809,HMMER,2.1
PF02812,FULL,5.25
PF02815,HMMER,1.1
PF02816,HMMER,1.16
PF02817,HMMER,1.93
PF02818,HMMER,3.25
PF02820,HMMER,1.87
PF02822,FULL,2.75
PF02824,HMMER,1.53
PF02825,HMMER,1.18
PF02826,HMMER,2.0
PF02827,HMMER,1.36
PF02828,HMMER,0.91
PF02833,HMMER,1.71
PF02836,FULL,3.7
PF02837,HMMER,4.57
PF02841,HMMER,2.4
PF02845,HMMER,1.0
PF02847,HMMER,0.66
PF02852,SEED,2.18
PF02854,SEED,0.4
PF02862,FULL,2.21
PF02864,FULL,2.65
PF02865,HMMER,1.83
PF02866,HMMER,1.61
PF02874,HMMER,0.75
PF02877,HMMER,1.82
PF02878,HMMER,1.41
PF02879,HMMER,1.52
PF02880,HMMER,1.36
PF02881,HMMER,0.43
PF02882,HMMER,2.31
PF02883,HMMER,0.73
PF02886,HMMER,0.77
PF02887,HMMER,3.5
PF02888,HMMER,3.55
PF02889,FULL,1.01
PF02891,HMMER,3.97
PF02892,HMMER,2.2
PF02893,HMMER,0.76
PF02897,HMMER,0.21
PF02898,HMMER,3.92
PF02902,HMMER,1.61
PF02906,FULL,3.94
PF02911,HMMER,1.47
PF02913,HMMER,0.38
PF02919,HMMER,4.02
PF02921,HMMER,4.83
PF02926,HMMER,0.81
PF02928,HMMER,2.75
PF02931,HMMER,1.4
PF02932,FULL,1.34
PF02933,FULL,3.73
PF02936,HMMER,3.24
PF02946,HMMER,2.26
PF02948,HMMER,5.15
PF02953,HMMER,1.3
PF02961,HMMER,1.99
PF02966,HMMER,2.11
PF02969,HMMER,2.17
PF02984,HMMER,0.73
PF02985,FULL,1.06
PF02990,HMMER,1.93
PF02991,HMMER,2.82
PF02994,HMMER,2.22
PF02996,HMMER,0.38
PF03002,HMMER,5.23
PF03006,HMMER,0.69
PF03009,FULL,1.28
PF03015,HMMER,3.45
PF03016,FULL,1.66
PF03020,FULL,2.32
PF03024,SEED,1.74
PF03028,HMMER,2.12
PF03029,HMMER,1.43
PF03031,HMMER,1.81
PF03034,HMMER,1.97
PF03036,HMMER,1.36
PF03045,HMMER,1.78
PF03055,HMMER,2.02
PF03061,HMMER,0.94
PF03062,HMMER,0.2
PF03066,FULL,3.55
PF03068,HMMER,3.3
PF03071,HMMER,1.91
PF03073,FULL,3.26
PF03083,HMMER,0.81
PF03096,HMMER,3.63
PF03097,FULL,1.58
PF03098,HMMER,1.66
PF03104,HMMER,0.43
PF03105,HMMER,-1.67
PF03109,HMMER,1.17
PF03114,HMMER,0.8
PF03127,HMMER,1.75
PF03128,HMMER,4.04
PF03129,HMMER,0.61
PF03131,HMMER,1.93
PF03133,HMMER,1.28
PF03134,HMMER,3.51
PF03137,HMMER,1.83
PF03144,HMMER,0.78
PF03145,HMMER,3.79
PF03147,HMMER,1.67
PF03148,HMMER,1.25
PF03151,HMMER,0.66
PF03153,HMMER,1.83
PF03154,HMMER,2.82
PF03155,FULL,4.34
PF03159,HMMER,3.05
PF03160,FULL,1.02
PF03165,HMMER,2.24
PF03166,FULL,3.01
PF03167,HMMER,-0.04
PF03171,FULL,4.46
PF03172,HMMER,2.23
PF03176,HMMER,0.44
PF03177,HMMER,0.02
PF03178,HMMER,0.86
PF03179,FULL,3.59
PF03184,HMMER,1.11
PF03185,HMMER,1.78
PF03188,HMMER,1.47
PF03189,HMMER,1.89
PF03194,HMMER,2.63
PF03208,HMMER,1.23
PF03221,HMMER,1.56
PF03223,HMMER,3.37
PF03226,HMMER,1.79
PF03247,HMMER,2.38
PF03250,HMMER,2.74
PF03253,FULL,4.41
PF03256,HMMER,1.69
PF03259,HMMER,1.46
PF03261,HMMER,3.87
PF03265,HMMER,2.05
PF03271,HMMER,3.77
PF03281,SEED,1.06
PF03285,HMMER,1.92
PF03298,HMMER,1.92
PF03299,HMMER,4.25
PF03311,HMMER,2.94
PF03332,HMMER,3.77
PF03348,HMMER,2.26
PF03351,HMMER,0.67
PF03357,HMMER,0.91
PF03359,HMMER,2.45
PF03360,FULL,3.46
PF03364,HMMER,4.43
PF03366,HMMER,2.42
PF03367,HMMER,2.06
PF03370,HMMER,1.82
PF03371,HMMER,0.59
PF03372,FULL,0.66
PF03381,HMMER,2.9
PF03388,HMMER,2.21
PF03399,FULL,2.22
PF03402,HMMER,1.69
PF03403,SEED,2.27
PF03414,HMMER,2.06
PF03416,HMMER,2.46
PF03435,HMMER,0.61
PF03441,HMMER,5.17
PF03446,HMMER,0.89
PF03450,FULL,2.19
PF03451,HMMER,3.09
PF03455,HMMER,1.36
PF03456,FULL,1.81
PF03462,HMMER,2.48
PF03464,HMMER,-0.1
PF03465,HMMER,0.75
PF03467,HMMER,3.97
PF03473,HMMER,2.3
PF03474,HMMER,3.13
PF03476,HMMER,2.23
PF03489,HMMER,1.61
PF03493,HMMER,1.94
PF03501,HMMER,4.03
PF03516,HMMER,2.88
PF03520,HMMER,2.46
PF03521,HMMER,2.72
PF03522,HMMER,2.14
PF03528,HMMER,2.35
PF03529,FULL,2.9
PF03530,HMMER,3.36
PF03535,HMMER,2.24
PF03546,FULL,3.89
PF03556,HMMER,2.55
PF03561,FULL,1.35
PF03567,SEED,0.89
PF03572,HMMER,1.62
PF03577,HMMER,2.89
PF03607,HMMER,1.51
PF03615,HMMER,4.0
PF03619,HMMER,1.41
PF03623,HMMER,3.02
PF03630,HMMER,3.08
PF03637,HMMER,2.65
PF03638,HMMER,4.06
PF03643,FULL,2.72
PF03645,FULL,1.75
PF03647,HMMER,3.05
PF03650,HMMER,1.76
PF03662,HMMER,2.49
PF03665,HMMER,2.34
PF03700,HMMER,1.52
PF03712,HMMER,1.49
PF03719,HMMER,0.6
PF03725,HMMER,0.45
PF03727,FULL,3.23
PF03730,FULL,2.0
PF03731,HMMER,0.15
PF03736,FULL,1.01
PF03747,HMMER,0.92
PF03764,FULL,1.48
PF03765,HMMER,2.41
PF03770,SEED,1.6
PF03781,HMMER,2.78
PF03782,FULL,2.08
PF03792,HMMER,4.34
PF03798,HMMER,0.54
PF03803,HMMER,3.17
PF03807,SEED,0.61
PF03810,HMMER,0.58
PF03815,HMMER,1.9
PF03820,HMMER,1.91
PF03821,HMMER,1.9
PF03826,HMMER,2.89
PF03828,HMMER,1.51
PF03832,HMMER,1.76
PF03836,FULL,3.38
PF03853,HMMER,1.22
PF03859,HMMER,5.21
PF03874,HMMER,1.02
PF03876,HMMER,0.48
PF03878,HMMER,3.23
PF03881,HMMER,3.56
PF03901,HMMER,0.29
PF03909,HMMER,0.68
PF03914,HMMER,1.06
PF03915,HMMER,3.07
PF03920,HMMER,4.41
PF03921,SEED,1.55
PF03931,HMMER,1.32
PF03942,FULL,2.62
PF03943,HMMER,3.94
PF03946,FULL,2.15
PF03947,HMMER,0.89
PF03949,HMMER,3.13
PF03950,HMMER,0.84
PF03952,HMMER,4.23
PF03953,HMMER,2.75
PF03954,HMMER,2.38
PF03957,HMMER,1.99
PF03966,HMMER,0.44
PF03982,HMMER,2.76
PF03987,FULL,2.87
PF03992,HMMER,2.19
PF03999,HMMER,0.64
PF04000,HMMER,0.74
PF04003,HMMER,0.47
PF04005,HMMER,2.57
PF04042,HMMER,0.05
PF04046,HMMER,1.86
PF04051,HMMER,1.17
PF04053,FULL,2.84
PF04055,FULL,0.6
PF04056,HMMER,5.08
PF04061,HMMER,4.61
PF04068,HMMER,1.17
PF04072,HMMER,1.65
PF04089,FULL,1.28
PF04091,HMMER,4.0
PF04099,FULL,3.12
PF04103,HMMER,0.77
PF04109,HMMER,2.8
PF04111,HMMER,3.5
PF04113,HMMER,-2.0
PF04116,HMMER,0.86
PF04117,FULL,2.66
PF04118,HMMER,3.2
PF04127,HMMER,1.0
PF04130,FULL,1.78
PF04133,HMMER,3.6
PF04137,FULL,4.25
PF04139,HMMER,2.16
PF04142,HMMER,1.48
PF04144,HMMER,3.14
PF04145,HMMER,1.43
PF04146,FULL,3.25
PF04153,HMMER,1.08
PF04157,FULL,2.69
PF04177,HMMER,4.4
PF04178,HMMER,1.1
PF04184,HMMER,4.31
PF04193,SEED,0.25
PF04194,HMMER,1.97
PF04201,HMMER,3.04
PF04212,HMMER,1.39
PF04218,HMMER,1.5
PF04253,HMMER,2.25
PF04258,HMMER,1.73
PF04280,HMMER,0.05
PF04300,HMMER,2.2
PF04326,HMMER,1.87
PF04379,HMMER,1.7
PF04382,HMMER,2.74
PF04387,HMMER,1.94
PF04389,HMMER,0.99
PF04408,HMMER,1.87
PF04410,FULL,0.54
PF04419,HMMER,2.17
PF04424,HMMER,3.82
PF04427,HMMER,0.9
PF04430,HMMER,0.66
PF04433,HMMER,1.43
PF04434,HMMER,1.47
PF04438,HMMER,2.22
PF04440,HMMER,1.29
PF04487,HMMER,2.26
PF04488,HMMER,2.03
PF04494,FULL,1.5
PF04495,HMMER,4.04
PF04499,HMMER,2.9
PF04500,HMMER,4.31
PF04502,HMMER,0.76
PF04503,FULL,4.69
PF04505,FULL,2.51
PF04511,HMMER,2.75
PF04515,HMMER,2.29
PF04516,HMMER,2.62
PF04538,HMMER,1.27
PF04547,HMMER,1.97
PF04548,HMMER,1.91
PF04553,HMMER,2.05
PF04560,HMMER,2.23
PF04561,HMMER,0.55
PF04563,HMMER,1.2
PF04564,HMMER,1.19
PF04565,HMMER,1.9
PF04566,HMMER,1.9
PF04567,FULL,3.66
PF04571,HMMER,3.99
PF04572,HMMER,2.35
PF04577,HMMER,1.28
PF04579,FULL,5.01
PF04588,HMMER,2.47
PF04589,HMMER,2.2
PF04598,HMMER,0.87
PF04615,HMMER,4.21
PF04617,FULL,2.78
PF04621,FULL,3.73
PF04627,HMMER,4.71
PF04628,HMMER,2.75
PF04629,HMMER,1.26
PF04636,FULL,3.42
PF04643,FULL,1.08
PF04644,HMMER,0.78
PF04658,FULL,3.5
PF04664,HMMER,2.96
PF04666,FULL,3.13
PF04667,FULL,3.75
PF04670,HMMER,2.23
PF04675,HMMER,0.39
PF04676,HMMER,1.63
PF04677,HMMER,1.69
PF04678,FULL,2.42
PF04679,FULL,2.04
PF04680,FULL,5.12
PF04692,HMMER,0.99
PF04698,HMMER,2.22
PF04699,HMMER,3.75
PF04704,HMMER,3.06
PF04706,HMMER,2.43
PF04707,SEED,1.14
PF04710,FULL,4.29
PF04712,FULL,4.44
PF04714,FULL,4.94
PF04718,HMMER,4.46
PF04719,HMMER,4.52
PF04722,HMMER,4.77
PF04727,HMMER,1.47
PF04729,HMMER,4.58
PF04731,FULL,1.61
PF04732,HMMER,0.8
PF04739,FULL,5.13
PF04749,FULL,2.78
PF04750,HMMER,2.02
PF04752,HMMER,2.73
PF04756,HMMER,2.47
PF04757,HMMER,-0.07
PF04774,HMMER,2.03
PF04775,HMMER,3.53
PF04777,FULL,2.38
PF04790,HMMER,1.93
PF04791,HMMER,0.91
PF04799,HMMER,3.4
PF04802,FULL,4.54
PF04803,FULL,2.74
PF04810,FULL,3.47
PF04811,HMMER,1.65
PF04812,HMMER,2.41
PF04814,FULL,3.02
PF04815,HMMER,1.2
PF04818,HMMER,1.13
PF04819,HMMER,1.92
PF04824,HMMER,2.21
PF04825,HMMER,2.36
PF04826,HMMER,1.49
PF04828,HMMER,4.83
PF04831,HMMER,1.5
PF04832,HMMER,1.26
PF04836,HMMER,3.63
PF04840,HMMER,0.74
PF04845,HMMER,3.56
PF04847,HMMER,3.63
PF04849,HMMER,2.0
PF04851,HMMER,1.05
PF04856,HMMER,4.43
PF04857,HMMER,1.16
PF04868,HMMER,4.97
PF04880,FULL,3.84
PF04893,HMMER,0.75
PF04900,HMMER,1.41
PF04901,HMMER,1.79
PF04904,HMMER,4.81
PF04905,HMMER,3.07
PF04906,HMMER,2.06
PF04908,SEED,2.75
PF04916,HMMER,1.66
PF04921,HMMER,4.84
PF04922,HMMER,5.16
PF04923,FULL,4.09
PF04926,HMMER,4.26
PF04928,HMMER,4.85
PF04930,HMMER,3.41
PF04950,HMMER,0.9
PF04952,HMMER,2.84
PF04960,HMMER,4.4
PF04968,HMMER,3.24
PF04969,HMMER,0.63
PF04970,HMMER,2.05
PF04979,FULL,3.76
PF04983,FULL,2.12
PF04988,HMMER,2.13
PF04991,HMMER,2.59
PF04997,FULL,1.87
PF04998,HMMER,1.61
PF05000,HMMER,1.3
PF05001,FULL,4.55
PF05002,HMMER,1.92
PF05004,HMMER,2.48
PF05008,HMMER,1.19
PF05010,HMMER,3.03
PF05018,HMMER,0.77
PF05030,HMMER,3.52
PF05033,FULL,2.69
PF05039,HMMER,3.08
PF05041,HMMER,3.07
PF05044,HMMER,4.03
PF05047,HMMER,0.58
PF05049,HMMER,1.51
PF05053,HMMER,-2.0
PF05057,FULL,4.69
PF05063,HMMER,1.06
PF05064,HMMER,3.53
PF05066,HMMER,3.77
PF05071,HMMER,1.15
PF05093,HMMER,0.0
PF05104,FULL,2.67
PF05110,HMMER,1.96
PF05111,FULL,5.07
PF05118,HMMER,2.35
PF05147,HMMER,2.27
PF05154,HMMER,1.52
PF05175,HMMER,0.8
PF05184,HMMER,1.68
PF05186,HMMER,2.2
PF05188,HMMER,0.23
PF05189,HMMER,0.8
PF05190,SEED,0.11
PF05191,HMMER,3.65
PF05192,HMMER,0.68
PF05193,HMMER,0.17
PF05195,HMMER,0.77
PF05196,HMMER,3.32
PF05197,HMMER,2.72
PF05205,HMMER,4.06
PF05207,HMMER,3.15
PF05210,HMMER,2.73
PF05217,HMMER,1.7
PF05221,HMMER,3.58
PF05222,HMMER,0.81
PF05224,FULL,4.26
PF05225,HMMER,2.92
PF05236,HMMER,3.1
PF05241,HMMER,0.35
PF05253,HMMER,2.28
PF05255,HMMER,4.15
PF05270,HMMER,1.46
PF05276,HMMER,2.33
PF05279,HMMER,3.38
PF05283,HMMER,1.49
PF05287,FULL,1.42
PF05296,HMMER,1.59
PF05300,FULL,2.66
PF05308,HMMER,0.95
PF05324,FULL,4.96
PF05327,HMMER,4.87
PF05334,HMMER,2.84
PF05347,HMMER,1.06
PF05349,HMMER,2.27
PF05350,HMMER,4.68
PF05351,FULL,2.84
PF05361,HMMER,2.45
PF05362,HMMER,2.2
PF05383,HMMER,2.11
PF05386,HMMER,4.03
PF05392,HMMER,4.09
PF05395,HMMER,1.59
PF05406,FULL,2.88
PF05434,FULL,4.24
PF05456,HMMER,3.16
PF05461,HMMER,1.77
PF05463,HMMER,2.11
PF05470,HMMER,4.88
PF05474,HMMER,4.4
PF05478,HMMER,1.23
PF05485,FULL,2.1
PF05493,HMMER,4.58
PF05502,HMMER,-1.0
PF05507,HMMER,1.93
PF05510,HMMER,2.29
PF05517,HMMER,3.39
PF05527,HMMER,3.12
PF05529,HMMER,2.76
PF05556,HMMER,1.57
PF05572,FULL,3.56
PF05577,FULL,3.09
PF05586,HMMER,3.12
PF05587,HMMER,2.27
PF05602,HMMER,1.35
PF05605,HMMER,2.11
PF05609,HMMER,3.39
PF05622,HMMER,2.64
PF05624,HMMER,4.88
PF05640,HMMER,3.58
PF05641,FULL,5.12
PF05644,HMMER,1.55
PF05647,FULL,3.61
PF05648,HMMER,1.28
PF05649,FULL,2.37
PF05653,HMMER,2.05
PF05670,HMMER,0.88
PF05672,HMMER,2.36
PF05679,HMMER,1.23
PF05686,HMMER,1.87
PF05693,HMMER,4.18
PF05699,HMMER,0.25
PF05712,HMMER,2.69
PF05715,FULL,4.03
PF05716,HMMER,1.89
PF05719,HMMER,3.95
PF05721,HMMER,0.6
PF05729,HMMER,1.17
PF05731,HMMER,0.35
PF05735,HMMER,4.12
PF05739,FULL,1.35
PF05741,FULL,4.06
PF05743,HMMER,3.16
PF05746,FULL,1.47
PF05760,HMMER,1.29
PF05761,HMMER,1.76
PF05769,HMMER,2.86
PF05773,HMMER,0.57
PF05781,HMMER,1.05
PF05783,HMMER,2.75
PF05790,HMMER,0.25
PF05794,HMMER,2.72
PF05805,HMMER,1.72
PF05822,HMMER,3.32
PF05824,HMMER,4.82
PF05825,HMMER,1.62
PF05826,FULL,2.62
PF05827,HMMER,1.54
PF05831,SEED,1.38
PF05832,HMMER,4.25
PF05835,HMMER,2.18
PF05843,FULL,2.63
PF05875,HMMER,1.21
PF05891,HMMER,2.86
PF05902,HMMER,3.85
PF05903,HMMER,1.45
PF05914,HMMER,1.62
PF05916,FULL,1.23
PF05920,HMMER,3.18
PF05923,HMMER,2.1
PF05924,HMMER,2.16
PF05956,HMMER,1.1
PF05964,FULL,3.42
PF05965,HMMER,1.54
PF05972,HMMER,2.89
PF05978,HMMER,0.82
PF05986,HMMER,1.33
PF05994,HMMER,4.61
PF05997,FULL,3.67
PF06001,HMMER,5.47
PF06003,HMMER,2.71
PF06008,HMMER,0.51
PF06009,HMMER,1.07
PF06017,HMMER,1.12
PF06021,HMMER,2.43
PF06027,HMMER,2.28
PF06031,HMMER,1.64
PF06046,SEED,0.84
PF06047,HMMER,4.89
PF06058,HMMER,3.91
PF06060,HMMER,1.13
PF06068,HMMER,2.44
PF06083,HMMER,2.01
PF06105,HMMER,3.21
PF06119,FULL,4.12
PF06140,HMMER,3.02
PF06155,HMMER,1.53
PF06189,FULL,4.36
PF06201,FULL,2.69
PF06218,HMMER,1.0
PF06220,HMMER,1.94
PF06237,FULL,3.78
PF06268,SEED,0.75
PF06292,HMMER,1.45
PF06294,HMMER,1.24
PF06297,FULL,3.27
PF06309,HMMER,2.25
PF06311,HMMER,4.01
PF06312,HMMER,2.04
PF06325,HMMER,1.63
PF06327,HMMER,1.17
PF06328,FULL,1.59
PF06333,HMMER,3.68
PF06337,SEED,2.71
PF06365,FULL,1.36
PF06367,FULL,2.31
PF06371,HMMER,1.55
PF06374,HMMER,5.35
PF06384,HMMER,1.92
PF06387,HMMER,2.34
PF06388,FULL,4.01
PF06398,HMMER,2.16
PF06407,HMMER,4.05
PF06409,FULL,4.47
PF06418,HMMER,4.52
PF06427,HMMER,3.71
PF06428,FULL,4.29
PF06456,SEED,3.84
PF06459,FULL,3.16
PF06461,HMMER,4.71
PF06462,FULL,2.07
PF06464,SEED,1.96
PF06465,HMMER,5.28
PF06466,HMMER,3.88
PF06467,HMMER,1.26
PF06468,HMMER,2.09
PF06469,FULL,4.49
PF06470,HMMER,0.95
PF06472,HMMER,1.44
PF06473,FULL,0.91
PF06479,HMMER,1.88
PF06480,HMMER,1.29
PF06482,HMMER,3.17
PF06484,HMMER,2.77
PF06512,HMMER,1.68
PF06522,HMMER,2.48
PF06534,HMMER,2.99
PF06535,HMMER,3.07
PF06544,FULL,1.21
PF06546,FULL,2.23
PF06553,HMMER,3.32
PF06565,HMMER,1.43
PF06583,HMMER,2.09
PF06602,HMMER,2.05
PF06607,HMMER,3.25
PF06617,HMMER,1.43
PF06621,HMMER,0.55
PF06623,HMMER,3.62
PF06624,HMMER,4.47
PF06625,FULL,4.54
PF06638,HMMER,3.92
PF06657,HMMER,2.17
PF06663,HMMER,3.12
PF06664,HMMER,0.53
PF06668,HMMER,1.31
PF06679,HMMER,1.37
PF06701,HMMER,2.84
PF06702,HMMER,2.69
PF06730,HMMER,2.83
PF06733,SEED,1.92
PF06736,HMMER,1.09
PF06741,HMMER,3.91
PF06743,HMMER,0.9
PF06747,HMMER,1.13
PF06752,FULL,1.85
PF06758,HMMER,3.37
PF06762,HMMER,2.02
PF06789,HMMER,1.69
PF06814,HMMER,1.64
PF06816,FULL,3.05
PF06817,HMMER,5.02
PF06818,FULL,2.23
PF06825,HMMER,2.29
PF06831,FULL,1.2
PF06839,HMMER,2.39
PF06842,FULL,3.26
PF06859,HMMER,1.42
PF06881,HMMER,3.27
PF06886,FULL,0.74
PF06888,HMMER,2.34
PF06907,FULL,2.56
PF06916,HMMER,1.38
PF06920,HMMER,1.59
PF06941,FULL,3.74
PF06951,HMMER,2.92
PF06954,HMMER,3.07
PF06979,HMMER,-0.16
PF06990,SEED,1.81
PF07001,FULL,3.38
PF07002,HMMER,3.31
PF07004,HMMER,1.24
PF07019,HMMER,0.27
PF07051,HMMER,2.63
PF07084,FULL,2.01
PF07092,FULL,2.91
PF07114,HMMER,1.22
PF07139,HMMER,1.98
PF07142,FULL,3.99
PF07145,HMMER,2.35
PF07147,HMMER,1.18
PF07156,FULL,3.74
PF07159,HMMER,2.07
PF07162,HMMER,1.22
PF07177,HMMER,1.29
PF07192,HMMER,4.03
PF07200,HMMER,1.51
PF07202,HMMER,1.38
PF07213,FULL,1.83
PF07258,HMMER,0.89
PF07281,HMMER,4.74
PF07292,SEED,1.11
PF07303,FULL,2.23
PF07324,HMMER,4.86
PF07334,HMMER,0.76
PF07354,HMMER,2.26
PF07412,HMMER,2.45
PF07443,HMMER,2.18
PF07452,FULL,1.74
PF07458,SEED,2.57
PF07469,HMMER,1.32
PF07474,HMMER,1.36
PF07479,HMMER,4.31
PF07496,HMMER,2.33
PF07500,HMMER,1.66
PF07502,HMMER,1.36
PF07521,HMMER,1.61
PF07522,FULL,1.72
PF07524,HMMER,1.22
PF07525,FULL,1.77
PF07527,HMMER,1.77
PF07528,FULL,2.44
PF07529,HMMER,1.75
PF07531,HMMER,2.56
PF07533,HMMER,2.1
PF07534,FULL,2.68
PF07535,HMMER,3.05
PF07545,HMMER,4.54
PF07546,HMMER,2.14
PF07562,HMMER,2.47
PF07565,HMMER,2.51
PF07571,HMMER,1.12
PF07645,HMMER,2.52
PF07647,HMMER,0.73
PF07648,HMMER,1.83
PF07651,FULL,2.95
PF07653,HMMER,1.07
PF07654,HMMER,1.24
PF07657,HMMER,1.81
PF07662,HMMER,3.1
PF07670,SEED,4.21
PF07677,HMMER,1.6
PF07678,HMMER,1.74
PF07679,SEED,1.27
PF07683,HMMER,5.12
PF07684,HMMER,1.66
PF07686,HMMER,0.75
PF07687,FULL,1.64
PF07690,HMMER,0.03
PF07691,HMMER,0.3
PF07693,FULL,2.88
PF07699,HMMER,1.92
PF07700,HMMER,1.72
PF07701,HMMER,2.0
PF07703,HMMER,1.18
PF07707,HMMER,1.08
PF07710,HMMER,2.39
PF07714,SEED,1.81
PF07716,HMMER,1.76
PF07717,HMMER,1.11
PF07719,HMMER,1.0
PF07724,HMMER,0.43
PF07728,HMMER,1.03
PF07731,HMMER,2.72
PF07732,HMMER,2.33
PF07738,HMMER,1.69
PF07742,HMMER,2.58
PF07744,HMMER,1.03
PF07748,SEED,1.35
PF07763,HMMER,2.42
PF07766,FULL,2.97
PF07773,SEED,1.26
PF07782,HMMER,0.65
PF07798,HMMER,2.86
PF07803,HMMER,2.24
PF07809,HMMER,1.97
PF07810,HMMER,2.1
PF07815,HMMER,3.35
PF07830,FULL,3.36
PF07837,HMMER,0.73
PF07842,FULL,1.09
PF07851,HMMER,3.94
PF07856,HMMER,3.79
PF07859,HMMER,1.47
PF07884,HMMER,2.96
PF07885,HMMER,1.36
PF07888,FULL,3.07
PF07894,HMMER,1.8
PF07910,HMMER,1.16
PF07915,SEED,0.79
PF07923,FULL,3.43
PF07933,HMMER,4.36
PF07947,FULL,1.52
PF07959,HMMER,0.47
PF07965,HMMER,1.4
PF07966,HMMER,2.66
PF07970,HMMER,1.87
PF07973,FULL,2.45
PF07974,HMMER,2.9
PF07975,HMMER,6.22
PF07978,HMMER,1.74
PF07984,HMMER,3.49
PF07986,HMMER,1.34
PF07988,HMMER,2.83
PF07989,HMMER,3.09
PF07992,HMMER,0.73
PF07993,HMMER,3.41
PF07995,FULL,2.76
PF08005,FULL,2.16
PF08007,HMMER,2.18
PF08014,HMMER,3.51
PF08016,HMMER,1.06
PF08022,HMMER,2.45
PF08030,FULL,2.47
PF08033,FULL,2.19
PF08043,HMMER,3.45
PF08059,HMMER,2.23
PF08061,HMMER,1.42
PF08062,HMMER,1.47
PF08065,HMMER,2.72
PF08070,HMMER,1.3
PF08071,HMMER,5.54
PF08073,HMMER,4.78
PF08074,HMMER,4.67
PF08075,HMMER,4.27
PF08079,HMMER,0.97
PF08080,HMMER,4.56
PF08081,HMMER,3.66
PF08100,HMMER,2.04
PF08142,HMMER,1.07
PF08143,FULL,2.99
PF08148,HMMER,1.62
PF08150,HMMER,2.82
PF08151,HMMER,2.63
PF08152,HMMER,2.34
PF08154,FULL,3.24
PF08156,HMMER,0.97
PF08159,HMMER,1.22
PF08165,HMMER,1.13
PF08166,HMMER,1.33
PF08169,HMMER,2.41
PF08174,HMMER,1.46
PF08180,FULL,4.34
PF08190,HMMER,0.86
PF08198,HMMER,5.06
PF08205,HMMER,0.65
PF08214,HMMER,4.85
PF08232,FULL,4.36
PF08235,HMMER,4.18
PF08236,HMMER,1.29
PF08238,HMMER,1.01
PF08240,FULL,2.26
PF08241,HMMER,1.1
PF08242,HMMER,1.98
PF08246,FULL,2.26
PF08264,HMMER,0.58
PF08265,HMMER,1.0
PF08266,HMMER,2.21
PF08271,HMMER,1.24
PF08282,HMMER,2.98
PF08295,HMMER,4.27
PF08311,HMMER,2.08
PF08312,HMMER,2.42
PF08313,HMMER,3.19
PF08321,HMMER,1.69
PF08326,HMMER,3.8
PF08327,HMMER,2.16
PF08332,HMMER,4.78
PF08336,HMMER,2.1
PF08337,HMMER,2.92
PF08344,HMMER,3.26
PF08347,HMMER,2.63
PF08355,HMMER,3.1
PF08356,HMMER,3.86
PF08357,FULL,1.16
PF08366,HMMER,2.52
PF08368,HMMER,0.77
PF08372,HMMER,3.51
PF08373,HMMER,1.31
PF08374,HMMER,2.34
PF08383,HMMER,3.14
PF08385,HMMER,0.83
PF08389,SEED,0.63
PF08393,HMMER,1.39
PF08397,HMMER,1.42
PF08399,FULL,2.36
PF08403,HMMER,2.57
PF08409,HMMER,2.37
PF08412,HMMER,4.64
PF08416,SEED,0.17
PF08423,HMMER,1.25
PF08429,HMMER,2.48
PF08430,SEED,2.64
PF08433,HMMER,0.79
PF08434,HMMER,3.08
PF08441,HMMER,0.85
PF08442,HMMER,2.49
PF08443,HMMER,4.64
PF08444,HMMER,1.86
PF08447,HMMER,1.54
PF08449,HMMER,0.81
PF08454,HMMER,2.9
PF08466,HMMER,4.13
PF08473,HMMER,1.51
PF08474,HMMER,2.19
PF08477,HMMER,0.89
PF08487,HMMER,1.5
PF08499,HMMER,3.97
PF08504,HMMER,3.71
PF08506,HMMER,1.52
PF08512,FULL,0.75
PF08513,HMMER,2.03
PF08514,HMMER,3.97
PF08515,HMMER,3.52
PF08516,HMMER,1.78
PF08517,HMMER,2.02
PF08518,HMMER,2.4
PF08526,HMMER,1.44
PF08527,HMMER,1.98
PF08539,HMMER,2.8
PF08540,HMMER,3.4
PF08542,HMMER,0.51
PF08544,HMMER,1.24
PF08557,HMMER,4.51
PF08558,HMMER,1.19
PF08562,HMMER,2.95
PF08565,FULL,4.17
PF08569,HMMER,4.2
PF08583,HMMER,0.28
PF08585,HMMER,1.9
PF08596,HMMER,3.79
PF08598,HMMER,1.9
PF08603,HMMER,4.04
PF08608,HMMER,5.22
PF08609,HMMER,0.35
PF08613,HMMER,0.76
PF08614,HMMER,1.13
PF08616,FULL,1.91
PF08623,HMMER,4.31
PF08628,HMMER,1.09
PF08629,HMMER,2.41
PF08646,HMMER,1.05
PF08662,HMMER,0.78
PF08669,HMMER,1.25
PF08674,HMMER,4.06
PF08676,HMMER,0.61
PF08683,HMMER,3.85
PF08685,HMMER,3.4
PF08686,FULL,2.62
PF08687,HMMER,1.96
PF08688,HMMER,1.25
PF08699,HMMER,2.81
PF08700,HMMER,0.47
PF08702,HMMER,0.56
PF08703,FULL,3.48
PF08704,FULL,2.12
PF08709,HMMER,2.22
PF08711,HMMER,1.71
PF08718,HMMER,1.64
PF08725,HMMER,2.78
PF08726,HMMER,2.74
PF08729,HMMER,4.82
PF08736,HMMER,1.79
PF08742,HMMER,1.94
PF08743,HMMER,3.38
PF08752,FULL,4.52
PF08755,HMMER,0.84
PF08758,HMMER,1.37
PF08763,HMMER,2.97
PF08766,HMMER,1.94
PF08776,HMMER,3.19
PF08777,HMMER,0.81
PF08778,HMMER,3.33
PF08781,HMMER,3.88
PF08782,HMMER,2.66
PF08784,HMMER,2.39
PF08788,HMMER,4.52
PF08799,FULL,3.53
PF08806,HMMER,0.96
PF08815,HMMER,2.78
PF08824,HMMER,1.53
PF08826,FULL,2.95
PF08832,HMMER,2.05
PF08833,HMMER,3.69
PF08840,HMMER,2.94
PF08880,HMMER,4.09
PF08912,HMMER,2.66
PF08913,HMMER,3.4
PF08916,HMMER,2.23
PF08919,HMMER,2.11
PF08926,HMMER,4.09
PF08934,HMMER,1.84
PF08944,HMMER,5.03
PF08947,HMMER,3.53
PF08952,HMMER,1.8
PF08953,HMMER,2.45
PF08969,HMMER,1.74
PF08976,HMMER,1.98
PF09005,HMMER,3.95
PF09007,HMMER,1.99
PF09011,HMMER,2.2
PF09027,HMMER,1.21
PF09029,FULL,3.88
PF09030,FULL,3.36
PF09042,HMMER,2.35
PF09045,HMMER,2.59
PF09066,HMMER,1.92
PF09067,HMMER,1.13
PF09068,HMMER,1.83
PF09069,HMMER,2.34
PF09072,HMMER,4.47
PF09079,FULL,0.69
PF09110,FULL,4.89
PF09111,FULL,5.02
PF09127,HMMER,1.3
PF09128,HMMER,1.81
PF09141,HMMER,3.85
PF09162,HMMER,3.61
PF09165,FULL,4.84
PF09173,HMMER,4.99
PF09177,HMMER,3.7
PF09229,FULL,3.92
PF09240,HMMER,0.86
PF09247,FULL,4.79
PF09258,HMMER,1.93
PF09261,HMMER,1.01
PF09268,HMMER,3.96
PF09270,HMMER,3.11
PF09271,FULL,4.77
PF09273,FULL,1.21
PF09279,HMMER,1.71
PF09280,HMMER,4.55
PF09289,HMMER,2.6
PF09291,FULL,5.2
PF09294,HMMER,0.69
PF09296,HMMER,0.72
PF09297,HMMER,1.8
PF09305,HMMER,2.75
PF09311,FULL,2.79
PF09316,HMMER,2.29
PF09320,HMMER,2.41
PF09324,HMMER,1.86
PF09325,HMMER,1.68
PF09334,HMMER,1.02
PF09335,FULL,1.17
PF09336,HMMER,1.95
PF09341,HMMER,2.38
PF09354,HMMER,3.32
PF09358,FULL,2.04
PF09360,HMMER,2.98
PF09379,HMMER,1.51
PF09380,HMMER,1.34
PF09382,HMMER,0.39
PF09398,FULL,2.85
PF09402,HMMER,2.11
PF09409,HMMER,0.79
PF09422,SEED,1.28
PF09443,HMMER,3.63
PF09457,HMMER,2.05
PF09469,HMMER,2.73
PF09497,FULL,4.25
PF09514,HMMER,4.23
PF09532,HMMER,1.17
PF09596,HMMER,2.51
PF09668,HMMER,1.98
PF09727,FULL,2.65
PF09728,HMMER,3.58
PF09730,HMMER,3.34
PF09735,FULL,3.66
PF09738,HMMER,2.59
PF09744,HMMER,1.73
PF09750,HMMER,1.16
PF09769,HMMER,1.93
PF09770,HMMER,1.4
PF09788,FULL,4.14
PF09790,HMMER,3.45
PF09791,HMMER,1.68
PF09794,FULL,4.11
PF09799,HMMER,1.02
PF09806,HMMER,4.37
PF09811,HMMER,1.33
PF09815,HMMER,1.16
PF09816,FULL,4.41
PF09848,HMMER,3.84
PF10034,SEED,1.01
PF10037,HMMER,0.84
PF10075,HMMER,0.11
PF10148,HMMER,5.03
PF10162,HMMER,1.32
PF10165,HMMER,2.54
PF10174,HMMER,3.77
PF10176,HMMER,4.42
PF10177,HMMER,2.17
PF10186,FULL,1.99
PF10190,HMMER,2.69
PF10192,FULL,3.41
PF10195,HMMER,2.35
PF10197,HMMER,1.47
PF10204,HMMER,3.11
PF10208,HMMER,3.6
PF10211,FULL,3.02
PF10223,HMMER,1.44
PF10225,HMMER,2.21
PF10226,FULL,2.77
PF10228,HMMER,4.64
PF10237,HMMER,0.64
PF10239,HMMER,2.32
PF10240,HMMER,1.66
PF10242,HMMER,1.7
PF10248,FULL,3.61
PF10250,HMMER,0.88
PF10254,HMMER,3.34
PF10256,FULL,2.43
PF10257,HMMER,1.62
PF10262,HMMER,1.18
PF10263,HMMER,0.83
PF10264,HMMER,3.25
PF10265,HMMER,2.07
PF10267,HMMER,2.42
PF10268,HMMER,2.62
PF10269,HMMER,3.12
PF10271,HMMER,3.02
PF10274,HMMER,1.2
PF10275,HMMER,2.57
PF10277,HMMER,0.87
PF10283,HMMER,2.96
PF10291,HMMER,3.02
PF10294,HMMER,1.39
PF10300,HMMER,1.81
PF10358,FULL,2.55
PF10366,HMMER,1.08
PF10367,HMMER,2.05
PF10373,FULL,2.63
PF10374,HMMER,1.27
PF10390,HMMER,2.43
PF10391,HMMER,2.28
PF10393,HMMER,1.76
PF10401,HMMER,1.44
PF10408,HMMER,1.02
PF10409,HMMER,1.24
PF10417,HMMER,2.98
PF10421,HMMER,2.73
PF10427,SEED,2.22
PF10431,HMMER,0.09
PF10433,FULL,3.46
PF10436,HMMER,2.71
PF10456,HMMER,2.28
PF10457,HMMER,3.73
PF10469,HMMER,0.58
PF10470,HMMER,3.71
PF10473,HMMER,1.3
PF10475,FULL,2.66
PF10482,HMMER,2.86
PF10483,FULL,4.86
PF10486,HMMER,1.06
PF10488,HMMER,2.14
PF10495,HMMER,3.04
PF10497,HMMER,4.73
PF10502,HMMER,1.41
PF10506,HMMER,0.94
PF10509,FULL,4.19
PF10513,HMMER,1.21
PF10515,HMMER,3.59
PF10522,HMMER,0.76
PF10523,HMMER,0.73
PF10524,FULL,5.23
PF10525,HMMER,3.62
PF10529,FULL,3.65
PF10534,HMMER,2.81
PF10537,HMMER,1.05
PF10541,HMMER,2.66
PF10557,HMMER,2.42
PF10558,HMMER,4.0
PF10559,HMMER,5.4
PF10565,HMMER,1.64
PF10568,HMMER,1.82
PF10577,HMMER,1.98
PF10581,HMMER,4.89
PF10584,HMMER,3.39
PF10585,FULL,2.38
PF10587,HMMER,3.57
PF10591,HMMER,1.77
PF10595,HMMER,1.2
PF10600,FULL,3.81
PF10601,HMMER,2.34
PF10602,HMMER,0.58
PF10606,HMMER,3.55
PF10607,HMMER,1.0
PF10608,HMMER,3.75
PF10609,HMMER,2.37
PF10613,HMMER,2.78
PF10629,HMMER,2.43
PF10630,HMMER,2.43
PF10660,HMMER,1.48
PF10996,HMMER,0.89
PF11002,HMMER,3.77
PF11057,HMMER,2.33
PF11232,HMMER,3.9
PF11261,HMMER,5.05
PF11357,HMMER,3.81
PF11365,FULL,2.1
PF11413,HMMER,2.99
PF11414,HMMER,1.03
PF11461,HMMER,1.49
PF11464,FULL,2.49
PF11467,HMMER,2.08
PF11502,FULL,3.6
PF11515,HMMER,2.88
PF11527,HMMER,1.05
PF11540,HMMER,4.19
PF11548,HMMER,2.01
PF11566,HMMER,0.58
PF11569,HMMER,2.29
PF11577,FULL,4.06
PF11598,HMMER,2.57
PF11601,FULL,4.49
PF11616,HMMER,3.07
PF11618,HMMER,2.58
PF11627,HMMER,5.09
PF11628,HMMER,3.52
PF11629,HMMER,3.58
PF11648,HMMER,1.62
PF11652,FULL,2.53
PF11669,HMMER,1.99
PF11701,HMMER,3.01
PF11704,HMMER,0.68
PF11705,HMMER,1.67
PF11717,HMMER,1.72
PF11759,SEED,2.79
PF11764,FULL,3.94
PF11779,FULL,3.06
PF11799,HMMER,0.46
PF11819,HMMER,2.05
PF11825,HMMER,1.55
PF11830,HMMER,3.04
PF11835,HMMER,2.89
PF11838,FULL,1.57
PF11841,HMMER,2.52
PF11851,FULL,2.91
PF11857,HMMER,1.99
PF11878,HMMER,1.81
PF11879,HMMER,3.02
PF11881,HMMER,1.53
PF11882,HMMER,4.58
PF11904,FULL,3.03
PF11918,HMMER,0.89
PF11928,FULL,1.97
PF11933,HMMER,2.81
PF11934,HMMER,1.97
PF11938,HMMER,1.15
PF11945,HMMER,4.96
PF11952,HMMER,2.48
PF11956,HMMER,1.99
PF11969,HMMER,1.09
PF11971,HMMER,1.67
PF11976,HMMER,2.92
PF11977,HMMER,3.35
PF11979,HMMER,3.07
PF11980,HMMER,3.14
PF11987,HMMER,0.87
PF12001,HMMER,2.97
PF12004,HMMER,1.53
PF12012,FULL,2.11
PF12020,HMMER,4.05
PF12024,HMMER,1.26
PF12026,HMMER,1.7
PF12030,HMMER,3.74
PF12031,HMMER,4.36
PF12036,HMMER,2.14
PF12037,HMMER,4.4
PF12045,HMMER,2.52
PF12052,HMMER,4.01
PF12053,HMMER,3.43
PF12062,HMMER,4.74
PF12063,HMMER,2.69
PF12067,HMMER,2.43
PF12068,FULL,2.09
PF12075,HMMER,3.84
PF12090,HMMER,4.08
PF12114,HMMER,2.22
PF12125,HMMER,5.44
PF12126,HMMER,0.55
PF12129,HMMER,3.82
PF12130,HMMER,1.73
PF12140,HMMER,2.02
PF12144,HMMER,1.63
PF12145,HMMER,3.07
PF12146,HMMER,2.08
PF12148,HMMER,3.16
PF12157,HMMER,5.23
PF12166,FULL,3.93
PF12171,HMMER,1.87
PF12179,HMMER,1.62
PF12180,HMMER,1.3
PF12185,HMMER,2.18
PF12202,FULL,2.88
PF12203,FULL,4.23
PF12205,FULL,4.43
PF12232,FULL,1.75
PF12234,HMMER,3.0
PF12235,FULL,3.9
PF12240,HMMER,3.15
PF12260,HMMER,0.91
PF12265,FULL,4.25
PF12280,HMMER,1.89
PF12284,HMMER,1.79
PF12287,HMMER,1.96
PF12301,HMMER,1.45
PF12304,HMMER,1.79
PF12308,HMMER,3.4
PF12310,HMMER,1.83
PF12316,HMMER,3.0
PF12335,HMMER,3.35
PF12336,HMMER,2.84
PF12347,FULL,2.83
PF12348,HMMER,1.1
PF12349,HMMER,1.09
PF12352,HMMER,0.77
PF12360,HMMER,3.7
PF12371,HMMER,1.8
PF12394,HMMER,3.37
PF12402,HMMER,3.25
PF12403,HMMER,3.25
PF12409,HMMER,1.27
PF12413,HMMER,2.16
PF12414,HMMER,4.43
PF12423,HMMER,1.58
PF12424,HMMER,3.47
PF12430,HMMER,5.08
PF12440,HMMER,1.61
PF12443,HMMER,0.32
PF12444,HMMER,2.16
PF12448,HMMER,2.21
PF12456,HMMER,1.41
PF12465,HMMER,2.51
PF12473,HMMER,1.41
PF12474,HMMER,1.36
PF12478,HMMER,4.25
PF12480,HMMER,1.61
PF12485,FULL,2.38
PF12489,FULL,3.25
PF12496,HMMER,2.47
PF12509,HMMER,-0.21
PF12510,FULL,2.44
PF12516,HMMER,1.83
PF12529,HMMER,3.01
PF12533,FULL,2.47
PF12534,HMMER,2.55
PF12537,HMMER,4.92
PF12547,FULL,1.33
PF12548,FULL,2.57
PF12549,HMMER,0.92
PF12569,HMMER,3.93
PF12578,HMMER,0.75
PF12595,HMMER,2.86
PF12598,FULL,0.62
PF12605,HMMER,3.87
PF12606,HMMER,3.04
PF12610,HMMER,2.02
PF12624,FULL,1.48
PF12661,HMMER,2.76
PF12662,HMMER,2.99
PF12678,HMMER,3.18
PF12697,HMMER,1.33
PF12698,HMMER,0.6
PF12701,HMMER,2.47
PF12714,HMMER,2.31
PF12717,HMMER,1.04
PF12721,HMMER,1.42
PF12736,HMMER,0.71
PF12738,FULL,1.81
PF12752,FULL,2.92
PF12755,HMMER,0.71
PF12756,HMMER,1.01
PF12763,FULL,2.05
PF12767,FULL,0.0
PF12774,HMMER,2.55
PF12775,HMMER,1.69
PF12777,HMMER,1.34
PF12780,HMMER,1.82
PF12781,HMMER,2.24
PF12783,HMMER,1.5
PF12796,HMMER,1.02
PF12799,HMMER,1.36
PF12810,HMMER,2.86
PF12832,FULL,2.4
PF12836,HMMER,1.36
PF12845,HMMER,0.83
PF12848,HMMER,1.71
PF12851,FULL,2.86
PF12859,HMMER,-0.5
PF12862,FULL,3.64
PF12872,HMMER,0.73
PF12874,HMMER,1.84
PF12877,HMMER,1.71
PF12881,HMMER,4.04
PF12884,HMMER,3.42
PF12885,HMMER,2.33
PF12886,HMMER,2.62
PF12894,FULL,0.74
PF12895,HMMER,0.58
PF12901,HMMER,2.82
PF12906,HMMER,3.05
PF12923,FULL,5.09
PF12924,HMMER,3.7
PF12925,HMMER,3.06
PF12926,FULL,4.37
PF12931,HMMER,1.44
PF12932,FULL,4.26
PF12937,HMMER,1.36
PF12947,SEED,3.02
PF12998,HMMER,1.96
PF13000,HMMER,3.0
PF13012,HMMER,1.0
PF13086,HMMER,1.15
PF13087,HMMER,1.04
PF13088,HMMER,1.55
PF13091,HMMER,1.63
PF13174,HMMER,0.83
PF13176,HMMER,0.97
PF13180,FULL,2.19
PF13181,HMMER,0.67
PF13191,FULL,3.13
PF13193,HMMER,1.49
PF13202,HMMER,1.88
PF13229,FULL,0.91
PF13233,HMMER,0.02
PF13234,HMMER,0.68
PF13238,HMMER,0.72
PF13242,FULL,2.42
PF13246,HMMER,1.02
PF13270,HMMER,3.07
PF13281,HMMER,2.84
PF13289,HMMER,3.0
PF13293,HMMER,3.69
PF13297,HMMER,2.73
PF13306,HMMER,0.87
PF13307,HMMER,2.29
PF13329,HMMER,2.72
PF13330,FULL,2.82
PF13344,HMMER,1.29
PF13347,HMMER,0.65
PF13365,HMMER,1.53
PF13374,HMMER,1.55
PF13385,HMMER,0.6
PF13393,HMMER,2.17
PF13402,HMMER,4.16
PF13405,HMMER,1.82
PF13409,HMMER,1.03
PF13410,HMMER,1.65
PF13414,HMMER,1.25
PF13417,FULL,1.73
PF13424,FULL,0.99
PF13426,HMMER,1.88
PF13431,HMMER,0.94
PF13432,HMMER,0.46
PF13445,HMMER,2.52
PF13450,HMMER,1.22
PF13460,HMMER,0.22
PF13465,HMMER,4.25
PF13469,HMMER,4.3
PF13472,HMMER,3.88
PF13476,HMMER,0.18
PF13489,HMMER,0.34
PF13499,HMMER,1.2
PF13513,FULL,2.21
PF13516,HMMER,1.52
PF13517,HMMER,0.77
PF13519,HMMER,1.06
PF13520,HMMER,1.59
PF13522,HMMER,2.11
PF13532,HMMER,0.51
PF13553,HMMER,2.81
PF13561,HMMER,1.21
PF13574,HMMER,1.67
PF13589,HMMER,1.28
PF13602,FULL,1.4
PF13606,HMMER,2.04
PF13620,HMMER,1.56
PF13621,HMMER,0.76
PF13637,FULL,1.95
PF13638,HMMER,0.75
PF13639,HMMER,2.56
PF13640,HMMER,1.6
PF13641,HMMER,4.41
PF13646,HMMER,0.69
PF13649,HMMER,0.71
PF13653,HMMER,4.25
PF13656,HMMER,3.54
PF13671,HMMER,0.94
PF13676,HMMER,0.6
PF13679,HMMER,0.77
PF13695,HMMER,1.7
PF13696,HMMER,3.71
PF13704,HMMER,2.53
PF13705,HMMER,0.8
PF13716,HMMER,1.07
PF13733,HMMER,2.71
PF13757,HMMER,1.97
PF13765,SEED,2.14
PF13768,HMMER,0.81
PF13771,HMMER,1.87
PF13774,FULL,2.17
PF13778,FULL,1.86
PF13793,HMMER,3.25
PF13802,FULL,2.1
PF13804,HMMER,4.85
PF13812,HMMER,0.92
PF13815,HMMER,2.57
PF13831,HMMER,3.05
PF13832,HMMER,2.34
PF13833,HMMER,1.32
PF13836,HMMER,1.64
PF13837,HMMER,2.02
PF13838,HMMER,2.62
PF13840,HMMER,2.06
PF13841,HMMER,1.93
PF13843,SEED,1.83
PF13847,HMMER,0.77
PF13848,HMMER,0.41
PF13850,HMMER,1.62
PF13853,HMMER,1.91
PF13854,HMMER,4.08
PF13855,HMMER,1.09
PF13857,HMMER,1.15
PF13863,HMMER,1.07
PF13864,HMMER,0.64
PF13865,HMMER,1.62
PF13866,HMMER,4.36
PF13867,HMMER,4.15
PF13868,HMMER,0.39
PF13870,HMMER,0.65
PF13871,HMMER,3.58
PF13872,HMMER,3.86
PF13873,SEED,0.94
PF13877,HMMER,0.61
PF13878,HMMER,3.88
PF13879,HMMER,0.9
PF13880,HMMER,3.86
PF13882,HMMER,3.04
PF13883,HMMER,2.29
PF13884,HMMER,3.21
PF13885,HMMER,3.05
PF13886,HMMER,0.59
PF13887,HMMER,4.0
PF13888,HMMER,1.68
PF13889,HMMER,3.46
PF13891,HMMER,1.53
PF13893,HMMER,1.96
PF13894,FULL,2.33
PF13895,SEED,0.38
PF13896,FULL,4.0
PF13897,HMMER,3.42
PF13898,FULL,2.34
PF13899,HMMER,1.63
PF13901,HMMER,2.15
PF13903,HMMER,0.64
PF13905,HMMER,1.23
PF13906,HMMER,3.51
PF13907,HMMER,2.95
PF13908,HMMER,2.39
PF13909,HMMER,3.03
PF13911,SEED,0.99
PF13912,HMMER,2.16
PF13913,HMMER,2.16
PF13914,HMMER,2.15
PF13915,HMMER,3.58
PF13916,HMMER,1.81
PF13917,HMMER,2.15
PF13918,HMMER,2.13
PF13919,HMMER,3.84
PF13920,HMMER,2.15
PF13921,HMMER,1.78
PF13922,HMMER,5.14
PF13923,HMMER,2.33
PF13925,HMMER,1.02
PF13926,HMMER,0.96
PF13927,HMMER,0.96
PF13949,HMMER,0.63
PF13959,HMMER,1.49
PF13964,HMMER,0.79
PF13965,HMMER,3.4
PF13967,HMMER,2.31
PF14046,HMMER,2.71
PF14047,HMMER,3.94
PF14048,HMMER,2.67
PF14049,HMMER,2.24
PF14050,HMMER,2.37
PF14051,FULL,5.15
PF14061,HMMER,3.62
PF14073,FULL,3.88
PF14075,FULL,3.83
PF14160,HMMER,1.77
PF14161,HMMER,2.43
PF14222,HMMER,4.3
PF14225,FULL,4.27
PF14228,HMMER,2.82
PF14260,FULL,3.66
PF14291,HMMER,1.34
PF14304,HMMER,4.59
PF14306,HMMER,3.85
PF14324,FULL,3.6
PF14327,HMMER,4.57
PF14360,HMMER,3.9
PF14370,HMMER,4.24
PF14377,HMMER,1.55
PF14382,HMMER,1.12
PF14429,HMMER,1.63
PF14438,FULL,4.29
PF14443,FULL,4.03
PF14444,HMMER,2.81
PF14473,HMMER,1.48
PF14484,HMMER,2.75
PF14492,HMMER,1.91
PF14497,HMMER,0.68
PF14513,HMMER,2.26
PF14520,HMMER,1.31
PF14523,FULL,2.63
PF14533,HMMER,1.0
PF14545,HMMER,1.16
PF14551,HMMER,0.54
PF14555,HMMER,1.54
PF14559,HMMER,0.37
PF14560,HMMER,0.69
PF14566,HMMER,0.89
PF14572,HMMER,3.4
PF14575,HMMER,1.7
PF14580,HMMER,1.12
PF14598,HMMER,1.58
PF14603,HMMER,2.06
PF14604,HMMER,1.8
PF14608,HMMER,2.54
PF14619,HMMER,4.97
PF14634,HMMER,1.61
PF14636,HMMER,3.05
PF14637,HMMER,3.7
PF14638,HMMER,3.8
PF14642,HMMER,3.27
PF14645,HMMER,1.36
PF14648,HMMER,5.0
PF14650,HMMER,2.43
PF14651,HMMER,2.22
PF14652,HMMER,2.19
PF14653,HMMER,3.61
PF14654,HMMER,1.86
PF14670,FULL,2.63
PF14671,FULL,4.45
PF14672,FULL,4.01
PF14681,HMMER,2.07
PF14703,HMMER,2.2
PF14705,HMMER,1.41
PF14707,SEED,2.35
PF14709,HMMER,1.03
PF14712,HMMER,0.74
PF14716,HMMER,0.89
PF14719,HMMER,1.91
PF14722,HMMER,1.82
PF14723,HMMER,1.58
PF14748,HMMER,3.36
PF14749,HMMER,1.16
PF14753,HMMER,2.06
PF14769,HMMER,1.09
PF14772,HMMER,0.52
PF14774,HMMER,2.5
PF14787,HMMER,5.65
PF14791,HMMER,1.78
PF14792,HMMER,1.65
PF14796,FULL,4.17
PF14798,HMMER,1.42
PF14799,HMMER,2.23
PF14816,HMMER,1.36
PF14818,HMMER,2.08
PF14820,HMMER,5.82
PF14821,HMMER,1.18
PF14822,HMMER,3.41
PF14833,HMMER,0.63
PF14836,HMMER,1.72
PF14843,HMMER,2.58
PF14844,HMMER,1.61
PF14845,HMMER,1.82
PF14851,HMMER,1.84
PF14854,HMMER,1.66
PF14857,HMMER,3.39
PF14875,HMMER,1.88
PF14886,HMMER,4.78
PF14892,HMMER,1.42
PF14893,HMMER,2.17
PF14904,HMMER,4.62
PF14909,FULL,3.5
PF14912,HMMER,1.01
PF14914,HMMER,3.98
PF14915,FULL,2.62
PF14916,FULL,3.45
PF14917,HMMER,5.0
PF14921,HMMER,1.84
PF14922,HMMER,1.46
PF14927,HMMER,1.57
PF14938,HMMER,2.11
PF14940,HMMER,1.66
PF14944,HMMER,3.77
PF14945,HMMER,1.7
PF14948,HMMER,2.06
PF14949,HMMER,2.56
PF14954,HMMER,3.02
PF14957,FULL,1.92
PF14965,HMMER,0.82
PF14967,FULL,3.49
PF14976,HMMER,5.31
PF14977,HMMER,0.83
PF14979,HMMER,1.7
PF14982,FULL,2.37
PF14988,HMMER,0.71
PF14992,HMMER,1.97
PF14997,FULL,0.38
PF14998,HMMER,1.99
PF15005,HMMER,0.52
PF15010,HMMER,2.33
PF15017,HMMER,2.67
PF15018,HMMER,3.59
PF15024,HMMER,2.75
PF15027,HMMER,2.8
PF15035,HMMER,1.82
PF15037,HMMER,1.02
PF15040,HMMER,3.72
PF15045,HMMER,0.66
PF15047,HMMER,0.38
PF15049,HMMER,1.07
PF15051,HMMER,2.18
PF15054,FULL,3.05
PF15056,HMMER,2.43
PF15057,HMMER,0.61
PF15058,HMMER,0.82
PF15059,HMMER,2.74
PF15060,HMMER,1.93
PF15063,HMMER,1.15
PF15067,HMMER,2.43
PF15068,HMMER,2.04
PF15069,HMMER,1.66
PF15070,HMMER,3.47
PF15107,HMMER,1.24
PF15115,HMMER,0.58
PF15118,HMMER,3.99
PF15125,HMMER,2.64
PF15129,HMMER,4.34
PF15143,HMMER,3.68
PF15155,HMMER,2.62
PF15157,HMMER,5.12
PF15170,HMMER,3.5
PF15173,HMMER,0.96
PF15177,HMMER,2.71
PF15180,HMMER,1.35
PF15183,FULL,1.78
PF15186,HMMER,2.67
PF15193,FULL,4.36
PF15194,FULL,5.01
PF15200,HMMER,1.36
PF15206,HMMER,4.57
PF15223,HMMER,2.97
PF15227,HMMER,2.7
PF15228,HMMER,1.53
PF15229,HMMER,2.13
PF15230,HMMER,3.0
PF15231,HMMER,4.95
PF15232,HMMER,2.03
PF15233,HMMER,3.54
PF15235,HMMER,2.28
PF15237,FULL,1.98
PF15238,HMMER,3.48
PF15240,HMMER,3.56
PF15241,FULL,2.99
PF15242,FULL,2.21
PF15246,HMMER,1.01
PF15248,HMMER,2.21
PF15249,FULL,3.91
PF15250,HMMER,1.43
PF15251,HMMER,3.26
PF15252,HMMER,0.8
PF15255,HMMER,2.9
PF15256,FULL,2.47
PF15258,FULL,4.76
PF15259,HMMER,0.93
PF15260,HMMER,2.99
PF15262,HMMER,1.1
PF15265,HMMER,0.71
PF15266,HMMER,0.77
PF15268,FULL,2.49
PF15269,HMMER,4.88
PF15273,FULL,2.82
PF15275,HMMER,0.98
PF15276,HMMER,2.33
PF15277,HMMER,1.61
PF15279,HMMER,1.35
PF15282,HMMER,2.39
PF15287,HMMER,1.39
PF15288,HMMER,4.65
PF15290,FULL,3.87
PF15297,HMMER,1.79
PF15298,HMMER,1.96
PF15300,HMMER,3.65
PF15301,FULL,3.89
PF15303,HMMER,1.58
PF15304,HMMER,0.94
PF15308,HMMER,2.27
PF15309,HMMER,1.39
PF15313,HMMER,3.27
PF15315,HMMER,4.98
PF15316,HMMER,1.77
PF15317,HMMER,1.93
PF15320,HMMER,5.68
PF15321,HMMER,1.93
PF15326,HMMER,1.32
PF15327,HMMER,1.49
PF15330,HMMER,0.79
PF15336,FULL,4.12
PF15337,HMMER,3.34
PF15342,FULL,3.93
PF15344,HMMER,0.83
PF15363,HMMER,3.8
PF15365,HMMER,5.32
PF15371,HMMER,2.22
PF15374,HMMER,2.16
PF15378,HMMER,1.73
PF15385,HMMER,2.74
PF15386,HMMER,3.98
PF15388,FULL,3.04
PF15409,FULL,2.92
PF15410,HMMER,2.04
PF15412,HMMER,2.53
PF15423,HMMER,3.22
PF15434,HMMER,2.83
PF15439,HMMER,1.87
PF15440,HMMER,0.9
PF15441,HMMER,5.19
PF15452,HMMER,0.84
PF15453,FULL,0.6
PF15477,HMMER,1.32
PF15483,HMMER,3.61
PF15487,HMMER,4.7
PF15494,HMMER,1.17
PF15508,HMMER,0.51
PF15511,HMMER,1.35
PF15519,HMMER,1.71
PF15549,HMMER,1.12
PF15558,HMMER,0.92
PF15612,HMMER,0.63
PF15613,HMMER,1.23
PF15619,HMMER,2.18
PF15621,HMMER,3.38
PF15623,HMMER,3.69
PF15625,HMMER,2.22
PF15636,HMMER,4.05
PF15663,HMMER,3.25
PF15665,HMMER,1.61
PF15666,FULL,3.18
PF15670,HMMER,1.71
PF15692,FULL,2.71
PF15695,HMMER,4.26
PF15696,HMMER,1.72
PF15703,HMMER,-0.25
PF15705,HMMER,2.51
PF15706,HMMER,3.05
PF15708,HMMER,4.62
PF15711,HMMER,1.42
PF15722,HMMER,3.94
PF15733,HMMER,0.65
PF15735,HMMER,0.97
PF15737,HMMER,0.84
PF15739,FULL,1.59
PF15779,HMMER,2.32
PF15782,HMMER,4.28
PF15783,HMMER,1.05
PF15784,HMMER,3.52
PF15787,HMMER,1.97
PF15788,SEED,1.69
PF15790,HMMER,4.33
PF15791,HMMER,2.88
PF15796,HMMER,3.33
PF15804,HMMER,0.71
PF15807,HMMER,0.95
PF15808,FULL,4.77
PF15815,HMMER,2.41
PF15825,HMMER,4.86
PF15831,HMMER,1.1
PF15832,HMMER,4.31
PF15840,HMMER,5.69
PF15870,HMMER,3.95
PF15871,HMMER,2.9
PF15872,FULL,2.31
PF15874,HMMER,0.97
PF15898,HMMER,3.25
PF15901,FULL,3.18
PF15902,FULL,2.87
PF15903,HMMER,2.76
PF15908,FULL,3.4
PF15910,HMMER,1.44
PF15913,HMMER,3.5
PF15914,HMMER,4.58
PF15917,HMMER,2.88
PF15920,FULL,3.27
PF15936,HMMER,1.37
PF15949,HMMER,1.72
PF15951,HMMER,2.59
PF15965,HMMER,3.95
PF15966,HMMER,2.87
PF15974,HMMER,3.21
PF15985,FULL,3.11
PF16000,HMMER,0.88
PF16005,HMMER,1.39
PF16016,FULL,3.8
PF16017,HMMER,4.38
PF16018,HMMER,0.35
PF16019,HMMER,3.38
PF16034,HMMER,3.37
PF16043,HMMER,1.53
PF16046,HMMER,3.92
PF16057,HMMER,2.22
PF16070,HMMER,2.98
PF16076,HMMER,1.46
PF16078,HMMER,3.71
PF16095,HMMER,1.66
PF16096,HMMER,3.03
PF16121,HMMER,5.01
PF16122,HMMER,5.41
PF16123,HMMER,1.66
PF16124,HMMER,1.45
PF16158,HMMER,1.59
PF16159,HMMER,3.87
PF16165,HMMER,2.62
PF16172,FULL,2.77
PF16174,HMMER,0.68
PF16176,HMMER,2.49
PF16177,HMMER,1.25
PF16178,HMMER,1.79
PF16179,HMMER,1.75
PF16182,FULL,3.08
PF16183,HMMER,2.84
PF16184,HMMER,0.94
PF16186,HMMER,3.07
PF16187,FULL,3.6
PF16188,FULL,3.21
PF16189,FULL,3.63
PF16190,HMMER,2.72
PF16191,FULL,1.39
PF16192,HMMER,0.98
PF16207,HMMER,1.68
PF16208,HMMER,2.58
PF16209,HMMER,2.26
PF16211,HMMER,3.83
PF16212,HMMER,1.6
PF16213,HMMER,1.5
PF16214,HMMER,1.23
PF16218,HMMER,2.31
PF16274,HMMER,3.84
PF16279,HMMER,1.95
PF16297,HMMER,1.99
PF16300,HMMER,2.98
PF16317,HMMER,4.06
PF16322,HMMER,1.1
PF16332,HMMER,3.06
PF16350,HMMER,1.11
PF16363,FULL,1.86
PF16366,HMMER,4.17
PF16367,HMMER,3.69
PF16381,HMMER,3.93
PF16414,HMMER,1.53
PF16421,HMMER,2.25
PF16422,HMMER,4.84
PF16423,HMMER,5.01
PF16450,FULL,2.13
PF16453,HMMER,3.09
PF16454,HMMER,4.1
PF16455,HMMER,4.92
PF16457,HMMER,1.44
PF16470,FULL,2.48
PF16471,FULL,4.21
PF16474,HMMER,1.48
PF16482,HMMER,2.11
PF16484,HMMER,3.21
PF16486,FULL,3.83
PF16487,HMMER,4.91
PF16488,HMMER,3.47
PF16489,FULL,1.81
PF16492,HMMER,2.1
PF16493,HMMER,3.89
PF16494,FULL,3.51
PF16495,HMMER,4.37
PF16496,HMMER,4.16
PF16497,HMMER,1.9
PF16498,FULL,4.13
PF16499,HMMER,3.23
PF16500,FULL,0.7
PF16511,HMMER,2.09
PF16512,HMMER,2.57
PF16515,HMMER,1.65
PF16516,HMMER,1.28
PF16517,HMMER,1.9
PF16519,HMMER,2.6
PF16526,HMMER,2.37
PF16533,HMMER,4.21
PF16534,HMMER,4.31
PF16543,HMMER,1.24
PF16545,HMMER,3.17
PF16546,HMMER,2.67
PF16553,HMMER,2.63
PF16556,HMMER,1.13
PF16557,HMMER,4.63
PF16559,HMMER,3.27
PF16561,HMMER,4.78
PF16562,HMMER,3.56
PF16563,HMMER,3.48
PF16564,FULL,2.98
PF16566,HMMER,3.57
PF16568,HMMER,3.55
PF16575,HMMER,0.99
PF16578,HMMER,1.35
PF16579,HMMER,4.31
PF16589,HMMER,0.58
PF16597,HMMER,1.64
PF16600,HMMER,1.79
PF16608,FULL,3.09
PF16609,HMMER,2.71
PF16614,HMMER,4.1
PF16615,HMMER,1.09
PF16616,HMMER,1.34
PF16619,HMMER,2.64
PF16621,HMMER,4.97
PF16622,HMMER,2.76
PF16629,FULL,3.59
PF16632,HMMER,2.72
PF16641,HMMER,2.82
PF16644,HMMER,1.5
PF16646,HMMER,2.37
PF16652,FULL,3.48
PF16661,HMMER,1.09
PF16663,HMMER,1.17
PF16664,HMMER,1.86
PF16665,HMMER,1.85
PF16673,HMMER,1.47
PF16674,HMMER,2.33
PF16675,HMMER,2.14
PF16676,HMMER,3.59
PF16680,HMMER,1.99
PF16689,HMMER,3.69
PF16704,HMMER,4.7
PF16739,FULL,1.44
PF16741,HMMER,1.93
PF16746,HMMER,1.22
PF16757,HMMER,2.01
PF16770,HMMER,1.21
PF16788,HMMER,0.61
PF16794,HMMER,3.32
PF16866,HMMER,4.1
PF16870,HMMER,2.6
PF16876,HMMER,3.56
PF16878,HMMER,2.89
PF16879,HMMER,2.9
PF16880,HMMER,3.32
PF16884,HMMER,1.38
PF16885,HMMER,1.95
PF16891,HMMER,3.89
PF16897,HMMER,2.54
PF16898,HMMER,4.44
PF16899,HMMER,0.84
PF16905,HMMER,3.87
PF16906,FULL,5.0
PF16907,HMMER,2.23
PF16916,HMMER,1.6
PF16920,HMMER,2.16
PF16954,HMMER,0.6
PF16959,HMMER,2.41
PF16975,HMMER,3.13
PF17035,HMMER,4.65
PF17039,HMMER,2.14
PF17045,HMMER,1.66
PF17047,HMMER,3.2
PF17048,HMMER,5.37
PF17054,HMMER,2.02
PF17057,HMMER,1.82
PF17069,HMMER,1.49
PF17095,HMMER,2.84
PF17105,HMMER,3.05
PF17171,HMMER,1.76
PF17177,HMMER,0.07
PF17205,HMMER,2.45
PF17207,HMMER,1.33
PF17208,HMMER,1.07
PF17215,HMMER,1.38
PF17216,HMMER,1.37
PF17217,HMMER,2.53
PF17218,HMMER,2.7
PF17219,HMMER,4.21
PF17226,HMMER,2.49
PF17229,HMMER,5.06
PF17284,HMMER,1.64
PF17291,SEED,3.36
PF17297,HMMER,3.93
PF17450,HMMER,0.53
PF17490,HMMER,2.28
PF17654,FULL,3.62
PF17655,HMMER,2.61
PF17661,HMMER,0.85
PF17674,FULL,1.14
PF17675,FULL,3.87
PF17677,FULL,1.59
PF17681,HMMER,0.6
PF17708,HMMER,0.71
PF17725,HMMER,4.09
PF17734,HMMER,2.88
PF17736,HMMER,0.75
PF17751,HMMER,1.53
PF17771,HMMER,2.5
PF17772,HMMER,3.31
PF17776,FULL,1.47
PF17777,HMMER,2.41
PF17779,HMMER,1.24
PF17780,HMMER,2.23
PF17787,HMMER,2.03
PF17789,HMMER,0.86
PF17790,HMMER,0.59
PF17791,HMMER,1.55
PF17793,HMMER,4.34
PF17794,HMMER,1.9
PF17802,FULL,5.1
PF17807,FULL,4.73
PF17809,HMMER,3.63
PF17811,HMMER,2.76
PF17814,HMMER,1.58
PF17817,HMMER,3.5
PF17818,HMMER,2.0
PF17820,HMMER,1.69
PF17826,HMMER,5.1
PF17830,FULL,2.12
PF17832,HMMER,2.32
PF17838,HMMER,2.24
PF17840,HMMER,2.0
PF17846,HMMER,1.86
PF17849,HMMER,1.9
PF17852,HMMER,1.03
PF17855,HMMER,1.34
PF17856,HMMER,1.79
PF17857,HMMER,2.12
PF17862,HMMER,1.66
PF17867,FULL,1.24
PF17887,HMMER,2.21
PF17888,HMMER,1.67
PF17889,HMMER,0.43
PF17900,SEED,1.54
PF17902,HMMER,2.06
PF17904,HMMER,3.09
PF17906,HMMER,1.2
PF17907,HMMER,3.32
PF17913,HMMER,1.89
PF17916,HMMER,5.14
PF17919,HMMER,0.91
PF17921,HMMER,1.42
PF17942,HMMER,2.41
PF17958,HMMER,2.24
PF17959,HMMER,3.89
PF17960,HMMER,1.42
PF17971,HMMER,1.82
PF17980,HMMER,2.82
PF17982,HMMER,3.61
PF17988,HMMER,2.46
PF18012,HMMER,2.5
PF18016,HMMER,2.0
PF18020,HMMER,2.0
PF18027,HMMER,2.15
PF18031,FULL,3.52
PF18035,FULL,3.88
PF18038,HMMER,2.11
PF18039,HMMER,2.71
PF18044,HMMER,3.29
PF18086,HMMER,4.21
PF18100,FULL,4.14
PF18102,HMMER,3.13
PF18104,HMMER,1.88
PF18108,HMMER,2.1
PF18109,HMMER,2.12
PF18111,HMMER,2.12
PF18112,HMMER,3.09
PF18116,HMMER,1.96
PF18118,FULL,3.44
PF18119,FULL,2.72
PF18124,FULL,4.38
PF18139,HMMER,2.25
PF18148,HMMER,2.92
PF18150,HMMER,3.65
PF18151,HMMER,0.77
PF18193,HMMER,4.69
PF18198,HMMER,2.27
PF18199,HMMER,1.4
PF18201,HMMER,1.0
PF18212,HMMER,2.23
PF18253,HMMER,4.99
PF18264,HMMER,6.0
PF18292,HMMER,0.53
PF18293,HMMER,2.53
PF18296,FULL,4.07
PF18308,HMMER,3.64
PF18326,HMMER,2.7
PF18336,HMMER,4.65
PF18345,HMMER,3.11
PF18346,HMMER,2.18
PF18360,HMMER,4.37
PF18362,HMMER,3.2
PF18366,HMMER,4.28
PF18371,HMMER,2.3
PF18372,HMMER,3.15
PF18373,HMMER,1.86
PF18375,HMMER,3.33
PF18377,HMMER,1.61
PF18379,HMMER,2.24
PF18382,FULL,3.65
PF18384,HMMER,5.42
PF18385,HMMER,3.82
PF18386,HMMER,4.54
PF18387,HMMER,2.76
PF18392,HMMER,3.1
PF18394,HMMER,1.09
PF18396,HMMER,2.46
PF18397,HMMER,2.44
PF18400,FULL,4.23
PF18401,HMMER,2.73
PF18402,HMMER,2.52
PF18403,FULL,2.23
PF18404,HMMER,4.78
PF18408,HMMER,4.19
PF18410,HMMER,1.67
PF18411,HMMER,3.69
PF18414,HMMER,3.65
PF18436,HMMER,4.21
PF18452,HMMER,1.09
PF18517,HMMER,0.44
PF18561,HMMER,2.69
PF18567,FULL,1.75
PF18568,FULL,2.83
PF18574,HMMER,1.77
PF18580,HMMER,1.14
PF18581,HMMER,1.35
PF18584,HMMER,2.37
PF18589,HMMER,0.34
PF18606,HMMER,2.62
PF18611,HMMER,1.04
PF18635,HMMER,1.95
PF18658,HMMER,1.56
PF18695,FULL,0.8
PF18696,HMMER,1.28
PF18700,HMMER,3.95
PF18720,FULL,4.16
PF18727,HMMER,2.57
PF18755,HMMER,0.69
PF18782,FULL,2.66
PF18786,HMMER,0.38
PF18797,HMMER,3.36
PF18808,HMMER,4.3
PF18829,HMMER,4.51
PF18861,FULL,2.56
PF18872,HMMER,4.64
PF18875,HMMER,3.55
PF18876,HMMER,2.67
PF18913,HMMER,4.17
PF18995,FULL,2.27
PF19018,FULL,2.42
PF19026,HMMER,3.43
PF19028,HMMER,2.18
PF19030,HMMER,1.85
PF19031,HMMER,1.3
PF19032,SEED,0.14
PF19033,HMMER,0.98
PF19035,HMMER,3.5
PF19036,HMMER,0.69
PF19037,HMMER,0.36
PF19038,HMMER,0.58
PF19039,HMMER,2.39
PF19046,HMMER,5.07
PF19047,FULL,2.99
PF19052,HMMER,3.17
PF19055,HMMER,2.64
PF19056,HMMER,1.81
PF19057,HMMER,1.69
PF19088,HMMER,2.7
PF19179,HMMER,1.41
PF19188,HMMER,1.86
PF19193,HMMER,1.29
PF19221,HMMER,2.14
PF19236,HMMER,2.52
PF19256,FULL,3.79
PF19272,HMMER,1.73
PF19274,HMMER,5.15
PF19277,HMMER,0.45
PF19280,HMMER,1.38
PF19281,HMMER,4.17
PF19286,HMMER,1.86
PF19292,HMMER,2.76
PF19303,HMMER,0.84
PF19309,HMMER,1.8
PF19311,HMMER,1.84
PF19314,HMMER,2.05
PF19317,FULL,4.92
PF19326,SEED,3.14
PF19329,HMMER,1.61
PF19421,HMMER,2.78
PF19422,HMMER,1.65
PF19426,HMMER,3.58
PF19440,HMMER,2.37
PF19441,HMMER,3.03
PF19518,FULL,3.01
PF19520,HMMER,3.09
PF19525,HMMER,2.75
PF19532,HMMER,1.94
PF19548,HMMER,1.69
PF19627,HMMER,2.76
PF19699,HMMER,2.54
PF19722,HMMER,2.14
PF19743,FULL,3.91
PF20010,HMMER,1.61
PF20023,HMMER,0.23
PF20144,HMMER,3.45
PF20145,HMMER,3.62
PF20165,HMMER,4.42
PF20166,HMMER,1.0
PF20168,HMMER,3.53
PF20170,HMMER,2.5
PF20173,HMMER,2.52
PF20179,HMMER,0.75
PF20210,HMMER,3.32
PF20252,HMMER,2.6
PF20256,HMMER,3.34
PF20266,HMMER,1.17
PF20267,HMMER,4.14
PF20302,HMMER,2.19
PF20309,HMMER,2.88
PF20406,HMMER,3.49
PF20408,HMMER,0.72
PF20412,HMMER,1.71
PF20421,HMMER,1.39
PF20422,HMMER,1.76
PF20425,HMMER,1.43
PF20426,HMMER,1.93
PF20433,HMMER,1.8
PF20443,HMMER,0.08
PF20470,HMMER,0.55
PF20490,FULL,3.31
PF20492,HMMER,1.93
PF20519,HMMER,1.6
PF20520,HMMER,2.43
PF20624,HMMER,3.09
PF20626,HMMER,2.9
PF20627,HMMER,3.29
PF20651,HMMER,3.86
PF20688,HMMER,2.01
PF20691,SEED,3.88
PF20692,HMMER,2.3
PF20694,HMMER,3.78
PF20723,HMMER,4.5
PF20750,HMMER,4.3
PF20771,HMMER,1.76
PF20801,HMMER,1.83
PF20805,HMMER,1.0
PF20806,HMMER,0.84
PF20826,HMMER,2.84
PF20838,HMMER,5.0
PF20844,HMMER,2.66
PF20846,HMMER,2.71
PF20864,HMMER,4.25
PF20865,HMMER,1.47
PF20868,HMMER,1.85
PF20869,HMMER,3.83
PF20870,HMMER,1.8
PF20871,HMMER,4.49
PF20878,HMMER,3.17
PF20884,HMMER,3.13
PF20885,HMMER,5.3
PF20886,HMMER,2.65
PF20887,HMMER,2.71
PF20929,HMMER,2.08
PF20965,HMMER,2.66
PF20974,HMMER,0.79
PF20989,HMMER,2.95
PF21002,HMMER,2.28
PF21008,HMMER,2.94
PF21009,HMMER,1.78
PF21010,HMMER,1.44
PF21014,HMMER,1.82
PF21019,HMMER,2.58
PF21020,HMMER,1.83
PF21021,HMMER,2.04
PF21022,HMMER,2.51
PF21026,HMMER,2.68
PF21032,HMMER,2.1
PF21033,HMMER,1.91
PF21041,HMMER,0.51
PF21047,HMMER,0.65
PF21052,HMMER,4.25
PF21054,HMMER,0.82
PF21055,HMMER,2.64
PF21056,HMMER,1.77
PF21058,HMMER,5.09
PF21071,HMMER,4.76
PF21097,HMMER,2.06
PF21098,HMMER,2.51
PF21099,HMMER,1.35
PF21114,HMMER,2.65
PF21115,HMMER,4.09
PF21116,HMMER,1.1
PF21119,HMMER,2.97
PF21122,HMMER,4.27
PF21125,HMMER,1.79
PF21126,HMMER,2.91
PF21127,HMMER,3.17
PF21145,HMMER,5.1
PF21146,HMMER,2.97
PF21147,HMMER,4.0
PF21148,HMMER,2.18
PF21161,HMMER,3.18
PF21177,HMMER,1.33
PF21182,HMMER,1.54
PF21195,HMMER,2.95
PF21199,HMMER,1.63
PF21206,HMMER,4.97
PF21222,HMMER,3.52
PF21225,HMMER,3.46
PF21227,HMMER,2.52
PF21246,HMMER,2.37
PF21255,HMMER,3.67
PF21260,HMMER,0.81
PF21267,HMMER,2.77
PF21271,HMMER,2.07
PF21272,HMMER,2.29
PF21273,HMMER,2.24
PF21276,HMMER,2.67
PF21283,HMMER,2.51
PF21290,HMMER,2.72
PF21292,HMMER,2.11
PF21297,HMMER,2.31
PF21310,HMMER,3.49
PF21314,HMMER,1.58
PF21317,HMMER,1.7
PF21319,HMMER,3.33
PF21322,HMMER,4.31
PF21323,HMMER,3.87
PF21326,HMMER,3.94
PF21333,HMMER,2.15
PF21339,HMMER,1.5
PF21343,HMMER,1.31
PF21353,HMMER,2.24
PF21354,HMMER,2.24
PF21355,HMMER,2.71
PF21358,HMMER,5.7
PF21361,HMMER,4.77
PF21362,HMMER,3.91
PF21363,HMMER,3.48
PF21364,HMMER,4.89
PF21365,HMMER,2.34
PF21366,HMMER,2.89
PF21376,HMMER,2.46
PF21381,HMMER,2.62
PF21385,HMMER,3.9
PF21388,HMMER,1.41
PF21389,HMMER,3.24
PF21403,HMMER,1.43
PF21408,HMMER,0.48
PF21467,HMMER,3.05
PF21471,HMMER,1.34
PF21473,HMMER,4.62
PF21477,HMMER,1.65
PF21479,HMMER,2.93
PF21481,HMMER,4.74
PF21485,HMMER,5.18
PF21494,HMMER,2.93
PF21520,HMMER,2.9
PF21524,HMMER,2.3
PF21528,HMMER,1.81
PF21533,HMMER,3.94
PF21549,HMMER,1.29
PF21581,HMMER,4.45
PF21600,HMMER,0.55
PF21605,HMMER,0.89
PF21634,HMMER,1.26
PF21672,HMMER,0.35
PF21692,HMMER,3.48
PF21696,HMMER,2.26
PF21700,HMMER,4.32
PF21712,HMMER,1.29
PF21718,HMMER,0.64
PF21731,HMMER,3.54
PF21744,HMMER,3.67
PF21773,HMMER,1.27
PF21792,HMMER,4.32
PF21797,HMMER,2.25
PF21801,HMMER,3.77
PF21824,HMMER,4.77
PF21865,HMMER,1.15
PF21875,HMMER,1.68
PF21884,HMMER,1.45
PF21890,HMMER,4.48
PF21896,HMMER,0.79
PF21901,HMMER,0.38
PF21909,HMMER,1.83
PF21938,HMMER,3.67
PF21948,HMMER,0.35
PF21960,HMMER,1.22
PF21972,HMMER,1.12
PF21989,HMMER,0.93
PF21990,HMMER,1.55
PF21998,HMMER,2.47
PF21999,HMMER,1.42
PF22012,HMMER,1.73
PF22042,HMMER,0.12
PF22061,HMMER,3.72
PF22191,HMMER,2.51
PF22241,HMMER,0.38
PF22314,HMMER,1.95
PF22327,HMMER,3.3
PF22352,HMMER,1.54
PF22441,HMMER,3.65
PF22486,HMMER,1.13
PF22524,HMMER,2.37
PF22528,HMMER,1.05
PF22544,HMMER,0.61
PF22562,HMMER,1.85
PF22566,HMMER,1.15
PF22572,HMMER,3.55
PF22586,HMMER,2.0
PF22594,HMMER,2.52
PF22597,HMMER,1.54
PF22600,HMMER,1.1
PF22601,HMMER,5.65
PF22602,HMMER,3.74
PF22603,HMMER,4.2
PF22614,HMMER,1.03
PF22623,HMMER,3.76
PF22628,HMMER,3.83
PF22631,HMMER,2.26
PF22646,HMMER,1.46
PF22661,HMMER,5.03
PF22667,HMMER,1.34
PF22669,HMMER,1.73
PF22675,HMMER,2.45
PF22697,HMMER,0.97
PF22699,HMMER,1.04
PF22705,HMMER,1.64
PF22706,HMMER,0.43
PF22725,HMMER,1.72
PF22749,HMMER,2.28
PF22784,HMMER,1.38
PF22785,HMMER,2.06
PF22794,HMMER,1.72
PF22821,HMMER,0.74
PF22850,HMMER,1.46
PF22854,HMMER,1.4
PF22898,HMMER,5.47
PF22900,HMMER,2.64
PF22901,HMMER,1.73
PF22902,HMMER,5.08
PF22904,HMMER,2.82
PF22908,HMMER,4.03
PF22914,HMMER,1.28
PF22919,HMMER,1.16
PF22923,HMMER,2.47
PF22924,HMMER,1.55
PF22930,HMMER,5.08
PF22931,HMMER,3.05
PF22941,HMMER,1.87
PF22944,HMMER,1.49
PF22956,HMMER,1.36
PF22957,HMMER,1.29
PF22959,HMMER,2.6
PF22960,HMMER,1.84
PF22962,HMMER,2.6
PF22963,HMMER,2.5
PF22964,HMMER,2.09
PF22967,HMMER,2.68
PF22968,HMMER,4.25
PF22969,HMMER,3.06
PF22971,HMMER,2.03
PF22972,HMMER,3.92
PF22975,HMMER,2.29
PF22976,HMMER,2.13
PF22985,HMMER,0.63
PF22986,HMMER,2.01
PF22987,HMMER,1.57
PF22988,HMMER,1.86
PF22989,HMMER,1.97
PF23002,HMMER,3.52
PF23004,HMMER,3.58
PF23010,HMMER,3.07
PF23011,HMMER,3.11
PF23012,HMMER,2.1
PF23014,HMMER,2.66
PF23015,HMMER,3.97
PF23023,HMMER,1.16
PF23024,HMMER,4.58
PF23025,HMMER,0.64
PF23030,HMMER,3.72
PF23031,HMMER,3.13
PF23032,HMMER,2.92
PF23035,HMMER,4.82
PF23039,HMMER,1.55
PF23040,HMMER,3.27
PF23050,HMMER,1.96
PF23052,HMMER,1.84
PF23054,HMMER,1.98
PF23075,HMMER,2.24
PF23078,HMMER,3.25
PF23079,HMMER,4.56
PF23081,HMMER,2.23
PF23082,HMMER,1.66
PF23083,HMMER,2.73
PF23085,HMMER,1.42
PF23087,HMMER,2.8
PF23089,HMMER,3.22
PF23091,HMMER,4.08
PF23092,HMMER,2.19
PF23093,HMMER,3.26
PF23098,HMMER,0.49
PF23105,HMMER,2.67
PF23106,HMMER,3.21
PF23110,HMMER,4.15
PF23123,HMMER,1.76
PF23138,HMMER,0.9
PF23141,HMMER,5.32
PF23142,HMMER,0.78
PF23144,HMMER,2.42
PF23145,HMMER,1.75
PF23160,HMMER,2.71
PF23165,HMMER,4.83
PF23168,HMMER,3.29
PF23170,HMMER,2.27
PF23171,HMMER,3.29
PF23172,HMMER,3.47
PF23178,HMMER,5.18
PF23188,HMMER,4.02
PF23192,HMMER,5.27
PF23193,HMMER,5.3
PF23194,HMMER,5.01
PF23195,HMMER,3.46
PF23198,HMMER,3.24
PF23203,HMMER,3.04
PF23204,HMMER,3.23
PF23210,HMMER,1.19
PF23219,HMMER,1.13
PF23221,HMMER,1.05
PF23222,HMMER,1.57
PF23225,HMMER,1.8
PF23227,HMMER,0.79
PF23231,HMMER,0.98
PF23240,HMMER,0.61
PF23241,HMMER,1.68
PF23244,HMMER,3.23
PF23246,HMMER,0.66
PF23254,HMMER,0.91
PF23260,HMMER,3.3
PF23261,HMMER,4.76
PF23263,HMMER,0.88
PF23265,HMMER,0.57
PF23267,HMMER,2.91
PF23268,HMMER,1.82
PF23271,HMMER,1.68
PF23278,HMMER,1.96
PF23283,HMMER,2.79
PF23289,HMMER,1.53
PF23294,HMMER,1.21
PF23301,HMMER,3.13
PF23308,HMMER,2.98
PF23312,HMMER,2.96
PF23314,HMMER,2.26
PF23317,HMMER,1.42
PF23321,HMMER,1.54
PF23322,HMMER,2.73
PF23323,HMMER,3.61
PF23329,HMMER,2.04
PF23331,HMMER,3.71
PF23332,HMMER,1.02
PF23333,HMMER,4.28
PF23334,HMMER,2.27
PF23344,HMMER,0.76
PF23381,HMMER,0.96
PF23387,HMMER,1.01
PF23409,HMMER,2.03
PF23414,HMMER,2.09
PF23415,HMMER,2.39
PF23445,HMMER,1.81
PF23456,HMMER,0.66
PF23459,HMMER,0.38
PF23464,HMMER,2.99
PF23466,HMMER,2.13
PF23469,HMMER,1.18
PF23481,HMMER,2.44
PF23486,HMMER,2.94
PF23487,HMMER,2.19
PF23517,HMMER,3.94
PF23524,HMMER,1.69
PF23538,HMMER,3.38
PF23554,HMMER,2.47
PF23557,HMMER,1.9
PF23558,HMMER,2.51
PF23560,HMMER,1.6
PF23561,HMMER,3.37
PF23567,HMMER,1.56
PF23570,HMMER,5.05
PF23575,HMMER,1.66
PF23578,HMMER,3.43
PF23583,HMMER,2.61
PF23587,HMMER,2.67
PF23588,HMMER,4.02
PF23591,HMMER,2.8
PF23592,HMMER,2.75
PF23593,HMMER,0.71
PF23597,HMMER,1.41
PF23598,HMMER,1.26
PF23599,HMMER,3.64
PF23611,HMMER,2.35
PF23612,HMMER,1.0
PF23620,HMMER,2.56
PF23630,HMMER,1.67
PF23632,HMMER,2.67
PF23637,HMMER,3.41
PF23640,HMMER,1.94
PF23660,HMMER,5.36
PF23665,HMMER,0.18
PF23668,HMMER,0.72
PF23679,HMMER,2.72
PF23708,HMMER,2.54
PF23726,HMMER,0.61
PF23727,HMMER,1.14
PF23730,HMMER,3.45
PF23733,HMMER,3.34
PF23735,HMMER,1.16
PF23756,HMMER,1.11
PF23760,HMMER,4.05
PF23761,HMMER,4.06
PF23762,HMMER,1.39
PF23894,HMMER,3.02
PF23953,HMMER,0.93
PF24048,HMMER,3.63
PF24055,HMMER,0.85
PF24056,HMMER,3.6
PF24080,HMMER,2.12
PF24094,HMMER,2.02
PF24105,HMMER,1.74
PF24123,HMMER,2.24
PF24138,HMMER,0.85
PF24139,HMMER,0.69
PF24140,HMMER,0.96
PF24147,HMMER,2.21
PF24150,HMMER,2.2
PF24179,HMMER,4.05
PF24235,HMMER,1.57
PF24317,HMMER,3.26
PF24324,HMMER,4.49
PF24329,HMMER,3.83
PF24357,HMMER,1.58
PF24456,HMMER,1.21
PF24479,HMMER,3.45
PF24498,HMMER,1.4
PF24499,HMMER,1.47
PF24501,HMMER,3.05
PF24522,HMMER,2.11
PF24525,HMMER,0.76
PF24536,HMMER,2.29
PF24555,HMMER,1.57
PF24562,HMMER,1.16
PF24571,HMMER,3.24
PF24597,HMMER,1.74
PF24598,HMMER,2.51
PF24601,HMMER,1.95
PF24605,HMMER,2.37
PF24606,HMMER,1.62
PF24609,HMMER,2.75
PF24630,HMMER,1.94
PF24652,HMMER,1.55
PF24656,HMMER,1.54
PF24669,HMMER,3.89
PF24681,HMMER,0.85
PF24690,HMMER,0.8
PF24694,HMMER,4.09
PF24695,HMMER,3.65
PF24742,HMMER,2.78
PF24757,HMMER,1.07
PF24762,HMMER,0.51
PF24768,HMMER,0.68
PF24780,HMMER,3.67
PF24782,HMMER,3.51
PF24795,HMMER,1.33
PF24797,HMMER,1.48
PF24807,HMMER,2.52
PF24827,HMMER,2.4
PF24871,HMMER,1.95
PF24874,HMMER,4.58
PF24883,HMMER,0.46
PF24887,HMMER,3.16
PF24889,HMMER,3.15
PF24900,HMMER,3.92
PF24902,HMMER,2.28
PF24905,HMMER,1.23
PF24912,HMMER,3.59
PF24917,HMMER,2.26
PF24935,HMMER,1.79
PF24947,HMMER,2.95
PF24959,HMMER,3.52
PF24972,HMMER,4.0
PF24973,HMMER,2.82
PF24981,HMMER,0.87
PF24987,HMMER,1.34
PF24991,HMMER,2.81
PF25007,HMMER,1.4
PF25010,HMMER,1.95
PF25013,HMMER,1.1
PF25020,HMMER,3.59
PF25021,HMMER,4.06
PF25023,HMMER,3.65
PF25024,HMMER,2.87
PF25033,HMMER,0.43
PF25034,HMMER,0.96
PF25035,HMMER,2.13
PF25036,HMMER,0.77
PF25037,HMMER,1.3
PF25058,HMMER,2.79
PF25059,HMMER,3.44
PF25060,HMMER,2.33
PF25062,HMMER,2.87
PF25063,HMMER,3.29
PF25064,HMMER,3.43
PF25068,HMMER,2.63
PF25076,HMMER,3.32
PF25082,HMMER,3.46
PF25083,HMMER,3.99
PF25084,HMMER,1.21
PF25087,HMMER,2.01
PF25106,HMMER,2.44
PF25119,HMMER,3.71
PF25133,HMMER,0.03
PF25175,HMMER,4.91
PF25177,HMMER,4.14
PF25179,HMMER,2.28
PF25238,HMMER,1.12
PF25261,HMMER,2.18
PF25281,HMMER,3.46
PF25299,HMMER,1.67
PF25305,HMMER,1.42
PF25313,HMMER,4.26
PF25321,HMMER,3.59
PF25332,HMMER,3.99
PF25336,HMMER,2.39
PF25340,HMMER,2.04
PF25341,HMMER,4.2
PF25342,HMMER,3.38
PF25344,HMMER,0.73
PF25346,HMMER,2.4
PF25354,HMMER,2.25
PF25372,HMMER,1.11
PF25373,HMMER,1.96
PF25382,HMMER,0.49
PF25383,HMMER,1.3
PF25387,HMMER,1.62
PF25390,HMMER,1.32
PF25391,HMMER,4.02
PF25393,HMMER,2.31
PF25398,HMMER,3.8
PF25403,HMMER,3.8
PF25408,HMMER,2.95
PF25412,HMMER,3.94
PF25413,HMMER,3.44
PF25414,HMMER,2.91
PF25415,HMMER,4.38
PF25416,HMMER,2.11
PF25420,HMMER,2.23
PF25427,HMMER,4.92
PF25429,HMMER,4.06
PF25432,HMMER,3.97
PF25434,HMMER,3.16
PF25437,HMMER,3.44
PF25442,HMMER,2.33
PF25443,HMMER,1.97
PF25444,HMMER,1.65
PF25445,HMMER,3.85
PF25450,HMMER,2.37
PF25452,HMMER,0.8
PF25454,HMMER,5.24
PF25457,HMMER,3.07
PF25462,HMMER,4.96
PF25468,HMMER,2.39
PF25469,HMMER,1.68
PF25479,HMMER,1.17
PF25491,HMMER,3.68
PF25496,HMMER,1.42
PF25497,HMMER,1.14
PF25504,HMMER,3.63
PF25508,HMMER,1.7
PF25511,HMMER,0.99
PF25520,HMMER,1.96
PF25521,HMMER,2.46
PF25523,HMMER,3.35
PF25524,HMMER,3.55
PF25525,HMMER,3.62
PF25526,HMMER,3.74
PF25527,HMMER,5.01
PF25530,HMMER,4.11
PF25532,HMMER,2.84
PF25541,HMMER,1.6
PF25552,HMMER,1.54
PF25555,HMMER,3.39
PF25561,HMMER,2.55
PF25562,HMMER,2.92
PF25563,HMMER,0.75
PF25566,HMMER,3.76
PF25571,HMMER,2.21
PF25574,HMMER,0.93
PF25578,HMMER,3.08
PF25580,HMMER,2.67
PF25585,HMMER,1.48
PF25596,HMMER,2.25
PF25599,HMMER,2.9
PF25600,HMMER,0.38
PF25609,HMMER,3.81
PF25610,HMMER,2.36
PF25611,HMMER,1.45
PF25683,HMMER,1.25
PF25752,HMMER,1.48
PF25758,HMMER,0.79
PF25764,HMMER,1.54
PF25771,HMMER,2.0
PF25780,HMMER,1.02
PF25782,HMMER,2.89
PF25794,HMMER,1.5
PF25795,HMMER,3.43
PF25802,HMMER,2.76
PF25803,HMMER,1.32
PF25807,HMMER,1.47
PF25877,HMMER,2.13
PF25890,HMMER,1.27
PF25892,HMMER,2.02
PF25900,HMMER,2.41
PF25914,HMMER,3.43
PF25960,HMMER,1.82
PF25961,HMMER,2.77
PF25962,HMMER,2.72
PF25966,HMMER,2.54
PF25969,HMMER,1.75
PF25970,HMMER,2.32
PF25977,HMMER,1.38
PF25987,HMMER,1.01
PF26000,HMMER,1.31
PF26019,HMMER,1.61
PF26022,HMMER,3.67
PF26026,HMMER,1.48
PF26034,HMMER,1.72
PF26037,HMMER,1.69
PF26039,HMMER,0.6
PF26052,HMMER,3.72
PF26054,HMMER,2.52
PF26060,HMMER,0.62
PF26076,HMMER,4.04
PF26083,HMMER,2.72
PF26086,HMMER,1.25
PF26088,HMMER,3.58
PF26089,HMMER,1.53
PF26094,HMMER,4.68
PF26095,HMMER,1.17
PF26116,HMMER,3.63
PF26141,HMMER,1.81
PF26142,HMMER,2.78
PF26158,HMMER,0.56
PF26167,HMMER,3.33
PF26169,HMMER,0.6
PF26181,HMMER,2.71
PF26182,HMMER,2.56
PF26183,HMMER,2.25
PF26184,HMMER,2.29
PF26192,HMMER,3.18
PF26218,HMMER,1.52
PF26281,HMMER,2.91
PF26285,HMMER,1.24
PF26346,HMMER,1.08
PF26535,HMMER,1.74
PF26557,HMMER,1.46
PF26569,HMMER,4.96
PF26570,HMMER,2.55
PF26574,HMMER,0.91
PF26588,HMMER,3.13
PF26659,HMMER,2.39
PF26701,HMMER,3.28
PF26706,HMMER,2.2
PF26710,HMMER,1.17
PF26718,HMMER,3.51
PF26743,HMMER,1.9
PF26748,HMMER,4.28
PF26749,HMMER,1.71
PF26773,HMMER,1.4
PF26955,HMMER,2.13
PF26964,HMMER,3.17
PF27015,HMMER,1.27
PF27016,HMMER,3.02
PF27027,HMMER,3.04
PF27039,HMMER,1.22
PF27041,HMMER,0.65
PF27046,HMMER,1.87
PF27073,HMMER,1.3
PF27087,HMMER,2.65
PF27089,HMMER,2.66
PF27091,HMMER,3.54
PF27107,HMMER,2.39
PF27108,HMMER,4.75
PF27241,HMMER,1.14
PF27242,HMMER,1.96
PF27508,HMMER,2.1
PF27521,HMMER,2.98
PF27524,HMMER,1.6
PF27556,HMMER,4.35
PF27557,HMMER,2.37
PF27558,HMMER,2.52
PF27560,HMMER,4.04
PF27561,HMMER,1.52
PF27567,HMMER,3.38
PF27569,HMMER,3.48
PF27572,HMMER,2.95
PF27574,HMMER,2.24
PF27575,HMMER,2.67
PF27576,HMMER,3.78
PF27580,HMMER,3.92
PF27581,HMMER,2.17
PF27582,HMMER,3.47
PF27583,HMMER,2.19
PF27594,HMMER,3.51
PF27597,HMMER,3.54
PF27598,HMMER,2.18
PF27602,HMMER,3.57
PF27605,HMMER,1.16
PF27607,HMMER,2.7
PF27608,HMMER,5.2
PF27627,HMMER,4.93
PF27628,HMMER,2.42
PF27631,HMMER,1.37
PF27632,HMMER,0.53
PF27636,HMMER,0.97
PF27638,HMMER,2.88
PF27640,HMMER,1.97
PF27644,HMMER,2.62
PF27645,HMMER,2.01
PF27652,HMMER,2.5
PF27654,HMMER,2.11
PF27661,HMMER,0.02
PF27680,HMMER,2.07
PF27687,HMMER,4.12
PF27697,HMMER,1.65
PF27710,HMMER,1.17
PF27717,HMMER,2.09
PF27736,HMMER,3.06
PF27759,HMMER,4.6
PF27763,HMMER,2.84
PF27822,HMMER,2.2
PF27852,HMMER,1.9
PF27888,HMMER,2.54
PF27898,HMMER,2.79
PF27917,HMMER,1.82
PF27923,HMMER,5.42
PF27924,HMMER,1.38
PF27937,HMMER,-2.0
PF27974,HMMER,0.78
PF27976,HMMER,1.07
PF27987,HMMER,5.11
PF27989,HMMER,1.63
PF28159,HMMER,0.79
PF28208,HMMER,2.1
PF28217,HMMER,1.64
PF28219,HMMER,0.83
PF28229,HMMER,1.98
PF28276,HMMER,1.11
PF28321,HMMER,2.48
PF28324,HMMER,4.02
PF28341,HMMER,1.3
PF28354,HMMER,0.92
PF28375,HMMER,1.34
PF28388,HMMER,2.26
PF28399,HMMER,2.84
PF28407,HMMER,1.0
PF28441,HMMER,1.84
PF28447,HMMER,0.76
PF28540,HMMER,4.56
PF28552,HMMER,4.72
PF28565,HMMER,6.06
