Pfam_code,HMMER_conservation,SEED_conservation,HMMER_vs_SEED_conservation_diff,HMMER_vs_SEED_conservation_%_improvement
PF00001,0.37,0.24,0.13,54.17
PF00002,0.46,0.36,0.10,27.78
PF00004,0.47,0.37,0.10,27.03
PF00007,0.62,0.60,0.02,3.33
PF00008,0.49,0.41,0.08,19.51
PF00009,0.53,0.48,0.05,10.42
PF00010,0.45,0.41,0.04,9.76
PF00012,0.65,0.65,0.00,0.00
PF00013,0.37,0.38,-0.01,-2.63
PF00014,0.55,0.50,0.05,10.00
PF00017,0.46,0.39,0.07,17.95
PF00018,0.44,0.44,0.00,0.00
PF00020,0.56,0.65,-0.09,-13.85
PF00021,0.36,0.39,-0.03,-7.69
PF00023,0.45,0.23,0.22,95.65
PF00024,0.46,0.39,0.07,17.95
PF00025,0.63,0.62,0.01,1.61
PF00026,0.68,0.68,0.00,0.00
PF00027,0.52,0.55,-0.03,-5.45
PF00028,0.37,0.36,0.01,2.78
PF00030,0.43,0.44,-0.01,-2.27
PF00031,0.46,0.44,0.02,4.55
PF00035,0.44,0.44,0.00,0.00
PF00038,0.58,0.56,0.02,3.57
PF00041,0.30,0.25,0.05,20.00
PF00043,0.44,0.44,0.00,0.00
PF00044,0.77,0.77,0.00,0.00
PF00045,0.39,0.32,0.07,21.88
PF00046,0.52,0.53,-0.01,-1.89
PF00047,0.34,0.29,0.05,17.24
PF00049,1.00,1.00,0.00,0.00
PF00050,1.00,1.00,0.00,0.00
PF00051,0.69,0.55,0.14,25.45
PF00052,0.60,0.60,0.00,0.00
PF00053,0.42,0.35,0.07,20.00
PF00054,0.40,0.35,0.05,14.29
PF00057,0.55,0.53,0.02,3.77
PF00058,0.44,0.58,-0.14,-24.14
PF00059,0.39,0.34,0.05,14.71
PF00060,0.54,0.49,0.05,10.20
PF00061,0.31,0.30,0.01,3.33
PF00062,1.00,1.00,0.00,0.00
PF00063,1.00,1.00,0.00,0.00
PF00067,0.40,0.37,0.03,8.11
PF00068,0.67,0.65,0.02,3.08
PF00069,0.47,0.38,0.09,23.68
PF00071,0.60,0.59,0.01,1.69
PF00074,1.00,1.00,0.00,0.00
PF00075,1.00,1.00,0.00,0.00
PF00076,0.39,0.40,-0.01,-2.50
PF00077,1.00,1.00,0.00,0.00
PF00078,1.00,1.00,0.00,0.00
PF00079,0.53,0.48,0.05,10.42
PF00081,1.00,1.00,0.00,0.00
PF00082,1.00,1.00,0.00,0.00
PF00083,1.00,1.00,0.00,0.00
PF00084,0.43,0.47,-0.04,-8.51
PF00086,0.37,0.61,-0.24,-39.34
PF00088,0.62,1.00,-0.38,-38.00
PF00089,0.48,0.38,0.10,26.32
PF00090,0.52,0.47,0.05,10.64
PF00091,0.70,0.66,0.04,6.06
PF00092,0.38,0.26,0.12,46.15
PF00093,0.51,0.40,0.11,27.50
PF00094,0.39,0.41,-0.02,-4.88
PF00095,0.61,0.53,0.08,15.09
PF00096,0.55,0.40,0.15,37.50
PF00097,0.65,0.65,0.00,0.00
PF00098,0.67,0.56,0.11,19.64
PF00102,0.52,0.46,0.06,13.04
PF00103,0.88,0.86,0.02,2.33
PF00105,0.64,0.64,0.00,0.00
PF00106,0.52,0.49,0.03,6.12
PF00108,1.00,1.00,0.00,0.00
PF00109,1.00,1.00,0.00,0.00
PF00112,0.57,0.51,0.06,11.76
PF00117,0.57,0.56,0.01,1.79
PF00118,1.00,1.00,0.00,0.00
PF00120,1.00,1.00,0.00,0.00
PF00125,0.59,0.57,0.02,3.51
PF00129,0.73,0.73,0.00,0.00
PF00130,0.47,0.43,0.04,9.30
PF00133,1.00,1.00,0.00,0.00
PF00134,0.66,0.66,0.00,0.00
PF00135,0.52,0.47,0.05,10.64
PF00136,1.00,1.00,0.00,0.00
PF00143,0.69,0.69,0.00,0.00
PF00146,1.00,1.00,0.00,0.00
PF00147,0.77,0.77,0.00,0.00
PF00149,0.34,0.24,0.10,41.67
PF00151,1.00,1.00,0.00,0.00
PF00152,1.00,1.00,0.00,0.00
PF00153,0.38,0.37,0.01,2.70
PF00155,1.00,1.00,0.00,0.00
PF00167,0.69,0.68,0.01,1.47
PF00168,0.31,0.21,0.10,47.62
PF00169,0.30,0.21,0.09,42.86
PF00170,0.56,0.56,0.00,0.00
PF00171,1.00,1.00,0.00,0.00
PF00173,0.64,0.63,0.01,1.59
PF00175,1.00,1.00,0.00,0.00
PF00176,0.57,0.54,0.03,5.56
PF00179,0.57,0.57,0.00,0.00
PF00188,1.00,1.00,0.00,0.00
PF00191,0.48,0.48,0.00,0.00
PF00194,0.59,0.56,0.03,5.36
PF00201,0.71,0.70,0.01,1.43
PF00202,1.00,1.00,0.00,0.00
PF00206,0.58,0.58,0.00,0.00
PF00207,0.53,0.52,0.01,1.92
PF00209,0.74,0.74,0.00,0.00
PF00211,0.55,0.58,-0.03,-5.17
PF00213,1.00,1.00,0.00,0.00
PF00215,1.00,1.00,0.00,0.00
PF00217,1.00,1.00,0.00,0.00
PF00220,0.89,0.89,0.00,0.00
PF00224,1.00,1.00,0.00,0.00
PF00225,0.53,0.39,0.14,35.90
PF00226,0.66,0.64,0.02,3.13
PF00229,0.42,0.36,0.06,16.67
PF00230,0.74,0.74,0.00,0.00
PF00232,0.54,0.72,-0.18,-25.00
PF00236,1.00,1.00,0.00,0.00
PF00240,0.41,0.38,0.03,7.89
PF00245,1.00,1.00,0.00,0.00
PF00246,0.57,0.54,0.03,5.56
PF00249,0.43,0.43,0.00,0.00
PF00254,0.53,0.54,-0.01,-1.85
PF00255,0.70,0.69,0.01,1.45
PF00258,0.53,0.45,0.08,17.78
PF00261,1.00,1.00,0.00,0.00
PF00270,0.43,0.39,0.04,10.26
PF00271,0.40,0.31,0.09,29.03
PF00282,1.00,1.00,0.00,0.00
PF00287,1.00,1.00,0.00,0.00
PF00288,0.49,0.45,0.04,8.89
PF00289,1.00,1.00,0.00,0.00
PF00292,0.87,0.87,0.00,0.00
PF00293,0.39,0.35,0.04,11.43
PF00297,0.50,1.00,-0.50,-50.00
PF00307,0.34,0.28,0.06,21.43
PF00313,0.54,1.00,-0.46,-46.00
PF00320,0.54,0.54,0.00,0.00
PF00324,1.00,1.00,0.00,0.00
PF00328,0.90,0.86,0.04,4.65
PF00334,1.00,1.00,0.00,0.00
PF00335,0.42,0.34,0.08,23.53
PF00337,0.51,0.49,0.02,4.08
PF00340,0.59,0.58,0.01,1.72
PF00341,1.00,1.00,0.00,0.00
PF00342,1.00,1.00,0.00,0.00
PF00350,1.00,1.00,0.00,0.00
PF00354,0.76,0.76,0.00,0.00
PF00357,0.71,0.72,-0.01,-1.39
PF00364,0.59,0.59,0.00,0.00
PF00370,1.00,1.00,0.00,0.00
PF00373,0.49,0.47,0.02,4.26
PF00378,0.60,0.60,0.00,0.00
PF00382,0.57,0.56,0.01,1.79
PF00383,0.57,0.56,0.01,1.79
PF00384,1.00,1.00,0.00,0.00
PF00385,0.44,0.36,0.08,22.22
PF00386,0.45,0.43,0.02,4.65
PF00388,0.71,0.69,0.02,2.90
PF00389,0.50,1.00,-0.50,-50.00
PF00390,0.84,0.84,0.00,0.00
PF00394,1.00,1.00,0.00,0.00
PF00396,0.64,0.64,0.00,0.00
PF00397,0.57,0.58,-0.01,-1.72
PF00400,0.34,0.18,0.16,88.89
PF00405,0.61,0.69,-0.08,-11.59
PF00406,0.50,1.00,-0.50,-50.00
PF00412,0.42,0.41,0.01,2.44
PF00413,0.67,0.64,0.03,4.69
PF00415,0.56,0.61,-0.05,-8.20
PF00420,1.00,1.00,0.00,0.00
PF00431,0.46,0.45,0.01,2.22
PF00432,0.65,0.42,0.23,54.76
PF00435,0.31,0.28,0.03,10.71
PF00439,0.44,0.46,-0.02,-4.35
PF00443,0.22,0.35,-0.13,-37.14
PF00447,1.00,1.00,0.00,0.00
PF00448,1.00,1.00,0.00,0.00
PF00450,1.00,1.00,0.00,0.00
PF00454,0.57,0.56,0.01,1.79
PF00459,1.00,1.00,0.00,0.00
PF00462,0.84,0.84,0.00,0.00
PF00464,0.85,0.85,0.00,0.00
PF00467,0.50,0.42,0.08,19.05
PF00473,1.00,1.00,0.00,0.00
PF00474,0.84,0.83,0.01,1.20
PF00481,0.49,0.43,0.06,13.95
PF00487,1.00,1.00,0.00,0.00
PF00488,1.00,1.00,0.00,0.00
PF00491,1.00,1.00,0.00,0.00
PF00498,0.39,0.30,0.09,30.00
PF00501,0.45,0.44,0.01,2.27
PF00503,0.71,0.70,0.01,1.43
PF00505,0.46,0.52,-0.06,-11.54
PF00514,0.36,0.30,0.06,20.00
PF00515,0.44,0.40,0.04,10.00
PF00520,0.36,0.19,0.17,89.47
PF00530,0.51,0.44,0.07,15.91
PF00531,0.36,0.35,0.01,2.86
PF00533,0.33,0.27,0.06,22.22
PF00535,0.46,0.44,0.02,4.55
PF00536,0.40,0.37,0.03,8.11
PF00554,1.00,1.00,0.00,0.00
PF00560,0.45,0.31,0.14,45.16
PF00561,0.42,0.41,0.01,2.44
PF00564,0.38,0.38,0.00,0.00
PF00567,0.36,0.41,-0.05,-12.20
PF00568,0.58,0.57,0.01,1.75
PF00571,0.62,0.37,0.25,67.57
PF00573,1.00,1.00,0.00,0.00
PF00579,1.00,1.00,0.00,0.00
PF00583,0.38,0.37,0.01,2.70
PF00587,1.00,1.00,0.00,0.00
PF00588,1.00,1.00,0.00,0.00
PF00591,1.00,1.00,0.00,0.00
PF00595,0.42,0.39,0.03,7.69
PF00596,1.00,1.00,0.00,0.00
PF00607,1.00,1.00,0.00,0.00
PF00609,0.65,0.62,0.03,4.84
PF00610,0.47,0.39,0.08,20.51
PF00612,0.44,0.44,0.00,0.00
PF00613,0.53,0.53,0.00,0.00
PF00615,0.46,0.44,0.02,4.55
PF00616,1.00,1.00,0.00,0.00
PF00618,0.46,0.42,0.04,9.52
PF00619,0.36,0.33,0.03,9.09
PF00620,0.43,0.33,0.10,30.30
PF00621,0.43,0.36,0.07,19.44
PF00622,0.38,0.33,0.05,15.15
PF00623,0.72,0.70,0.02,2.86
PF00625,0.58,0.57,0.01,1.75
PF00626,0.36,0.31,0.05,16.13
PF00627,0.44,0.43,0.01,2.33
PF00628,0.45,0.36,0.09,25.00
PF00629,0.38,0.33,0.05,15.15
PF00630,0.44,0.50,-0.06,-12.00
PF00631,0.59,0.57,0.02,3.51
PF00632,0.67,0.65,0.02,3.08
PF00633,1.00,1.00,0.00,0.00
PF00634,0.52,1.00,-0.48,-48.00
PF00635,0.55,0.53,0.02,3.77
PF00637,0.33,0.54,-0.21,-38.89
PF00638,0.70,0.69,0.01,1.45
PF00640,0.47,0.44,0.03,6.82
PF00641,0.57,0.50,0.07,14.00
PF00642,0.48,0.45,0.03,6.67
PF00643,0.50,0.51,-0.01,-1.96
PF00644,0.58,0.57,0.01,1.75
PF00646,0.61,0.61,0.00,0.00
PF00650,1.00,1.00,0.00,0.00
PF00651,0.41,0.34,0.07,20.59
PF00652,0.40,0.36,0.04,11.11
PF00653,0.61,1.00,-0.39,-39.00
PF00656,0.48,0.41,0.07,17.07
PF00657,1.00,1.00,0.00,0.00
PF00664,0.47,0.40,0.07,17.50
PF00665,1.00,1.00,0.00,0.00
PF00666,1.00,1.00,0.00,0.00
PF00667,0.78,0.77,0.01,1.30
PF00670,1.00,1.00,0.00,0.00
PF00675,0.58,0.58,0.00,0.00
PF00676,0.58,0.57,0.01,1.75
PF00679,1.00,1.00,0.00,0.00
PF00681,0.64,0.53,0.11,20.75
PF00682,1.00,1.00,0.00,0.00
PF00685,0.51,0.46,0.05,10.87
PF00689,1.00,1.00,0.00,0.00
PF00692,1.00,1.00,0.00,0.00
PF00694,1.00,1.00,0.00,0.00
PF00698,1.00,1.00,0.00,0.00
PF00702,0.44,0.38,0.06,15.79
PF00704,0.76,0.76,0.00,0.00
PF00705,1.00,1.00,0.00,0.00
PF00725,0.48,0.56,-0.08,-14.29
PF00730,0.28,0.48,-0.20,-41.67
PF00733,0.50,1.00,-0.50,-50.00
PF00743,0.73,0.73,0.00,0.00
PF00749,0.70,0.70,0.00,0.00
PF00750,1.00,1.00,0.00,0.00
PF00752,0.67,0.67,0.00,0.00
PF00754,0.51,0.44,0.07,15.91
PF00755,0.63,0.61,0.02,3.28
PF00756,1.00,1.00,0.00,0.00
PF00757,0.74,0.72,0.02,2.78
PF00780,0.47,0.44,0.03,6.82
PF00781,0.48,0.43,0.05,11.63
PF00782,0.63,0.61,0.02,3.28
PF00786,0.49,0.49,0.00,0.00
PF00787,0.40,0.27,0.13,48.15
PF00788,0.34,0.33,0.01,3.03
PF00789,0.50,0.48,0.02,4.17
PF00790,0.65,0.65,0.00,0.00
PF00792,0.48,0.46,0.02,4.35
PF00794,0.53,0.52,0.01,1.92
PF00797,1.00,1.00,0.00,0.00
PF00801,0.39,0.29,0.10,34.48
PF00808,1.00,1.00,0.00,0.00
PF00811,1.00,1.00,0.00,0.00
PF00822,0.49,0.46,0.03,6.52
PF00837,0.69,0.66,0.03,4.55
PF00839,0.38,0.49,-0.11,-22.45
PF00850,1.00,1.00,0.00,0.00
PF00852,0.96,0.98,-0.02,-2.04
PF00854,0.50,1.00,-0.50,-50.00
PF00856,0.55,0.52,0.03,5.77
PF00865,1.00,1.00,0.00,0.00
PF00867,0.68,0.69,-0.01,-1.45
PF00870,0.80,0.80,0.00,0.00
PF00878,0.38,0.63,-0.25,-39.68
PF00879,1.00,1.00,0.00,0.00
PF00880,0.45,0.66,-0.21,-31.82
PF00884,0.59,0.54,0.05,9.26
PF00887,1.00,1.00,0.00,0.00
PF00891,1.00,1.00,0.00,0.00
PF00899,0.37,0.36,0.01,2.78
PF00903,1.00,1.00,0.00,0.00
PF00909,1.00,1.00,0.00,0.00
PF00916,0.69,0.68,0.01,1.47
PF00927,0.34,0.33,0.01,3.03
PF00928,0.48,0.44,0.04,9.09
PF00929,1.00,1.00,0.00,0.00
PF00930,0.60,0.58,0.02,3.45
PF00931,1.00,1.00,0.00,0.00
PF00932,1.00,1.00,0.00,0.00
PF00939,1.00,1.00,0.00,0.00
PF00941,1.00,1.00,0.00,0.00
PF00957,0.64,0.63,0.01,1.59
PF00965,1.00,1.00,0.00,0.00
PF00969,0.75,0.74,0.01,1.35
PF00970,0.79,0.79,0.00,0.00
PF00975,1.00,1.00,0.00,0.00
PF00989,0.62,0.60,0.02,3.33
PF00997,1.00,1.00,0.00,0.00
PF00999,0.63,0.59,0.04,6.78
PF01008,1.00,1.00,0.00,0.00
PF01019,0.60,0.58,0.02,3.45
PF01023,1.00,1.00,0.00,0.00
PF01026,1.00,1.00,0.00,0.00
PF01030,0.49,0.42,0.07,16.67
PF01039,0.67,0.65,0.02,3.08
PF01044,1.00,1.00,0.00,0.00
PF01049,1.00,1.00,0.00,0.00
PF01053,1.00,1.00,0.00,0.00
PF01064,0.62,0.62,0.00,0.00
PF01068,0.55,0.54,0.01,1.85
PF01071,1.00,1.00,0.00,0.00
PF01073,1.00,1.00,0.00,0.00
PF01074,0.67,0.64,0.03,4.69
PF01079,1.00,1.00,0.00,0.00
PF01093,0.61,0.61,0.00,0.00
PF01094,0.41,0.31,0.10,32.26
PF01099,0.55,0.54,0.01,1.85
PF01102,1.00,1.00,0.00,0.00
PF01105,0.69,0.67,0.02,2.99
PF01108,0.40,0.38,0.02,5.26
PF01109,1.00,1.00,0.00,0.00
PF01110,1.00,1.00,0.00,0.00
PF01112,1.00,1.00,0.00,0.00
PF01114,1.00,1.00,0.00,0.00
PF01119,1.00,1.00,0.00,0.00
PF01122,1.00,1.00,0.00,0.00
PF01124,1.00,1.00,0.00,0.00
PF01126,1.00,1.00,0.00,0.00
PF01129,0.67,0.65,0.02,3.08
PF01144,0.56,0.56,0.00,0.00
PF01148,1.00,1.00,0.00,0.00
PF01150,1.00,1.00,0.00,0.00
PF01151,0.62,0.61,0.01,1.64
PF01153,1.00,1.00,0.00,0.00
PF01163,0.58,0.57,0.01,1.75
PF01166,1.00,1.00,0.00,0.00
PF01167,1.00,1.00,0.00,0.00
PF01182,1.00,1.00,0.00,0.00
PF01187,1.00,1.00,0.00,0.00
PF01189,1.00,1.00,0.00,0.00
PF01202,1.00,1.00,0.00,0.00
PF01204,1.00,1.00,0.00,0.00
PF01213,1.00,1.00,0.00,0.00
PF01216,1.00,1.00,0.00,0.00
PF01217,1.00,1.00,0.00,0.00
PF01230,1.00,1.00,0.00,0.00
PF01231,1.00,1.00,0.00,0.00
PF01234,0.69,0.69,0.00,0.00
PF01238,1.00,1.00,0.00,0.00
PF01244,1.00,1.00,0.00,0.00
PF01248,0.44,0.43,0.01,2.33
PF01254,1.00,1.00,0.00,0.00
PF01271,0.56,0.57,-0.01,-1.75
PF01273,0.35,0.32,0.03,9.37
PF01284,0.38,0.36,0.02,5.56
PF01287,1.00,1.00,0.00,0.00
PF01291,1.00,1.00,0.00,0.00
PF01299,1.00,1.00,0.00,0.00
PF01323,1.00,1.00,0.00,0.00
PF01331,1.00,1.00,0.00,0.00
PF01344,0.45,0.43,0.02,4.65
PF01347,1.00,1.00,0.00,0.00
PF01352,0.70,1.00,-0.30,-30.00
PF01363,0.59,0.58,0.01,1.72
PF01380,0.55,0.56,-0.01,-1.79
PF01387,1.00,1.00,0.00,0.00
PF01390,0.72,0.50,0.22,44.00
PF01391,0.57,0.56,0.01,1.79
PF01394,0.36,0.57,-0.21,-36.84
PF01396,1.00,1.00,0.00,0.00
PF01398,0.39,0.34,0.05,14.71
PF01399,0.32,0.26,0.06,23.08
PF01400,0.64,0.63,0.01,1.59
PF01401,0.77,0.77,0.00,0.00
PF01410,0.89,0.89,0.00,0.00
PF01411,1.00,1.00,0.00,0.00
PF01412,0.56,0.56,0.00,0.00
PF01417,1.00,1.00,0.00,0.00
PF01421,0.52,0.51,0.01,1.96
PF01425,1.00,1.00,0.00,0.00
PF01426,0.45,0.36,0.09,25.00
PF01429,0.53,0.53,0.00,0.00
PF01431,1.00,1.00,0.00,0.00
PF01432,1.00,1.00,0.00,0.00
PF01433,0.69,0.67,0.02,2.99
PF01434,1.00,1.00,0.00,0.00
PF01435,1.00,1.00,0.00,0.00
PF01436,0.47,0.39,0.08,20.51
PF01437,0.39,0.22,0.17,77.27
PF01442,0.52,1.00,-0.48,-48.00
PF01451,1.00,1.00,0.00,0.00
PF01459,1.00,1.00,0.00,0.00
PF01462,0.48,0.39,0.09,23.08
PF01463,0.39,0.43,-0.04,-9.30
PF01467,1.00,1.00,0.00,0.00
PF01471,0.49,0.43,0.06,13.95
PF01472,1.00,1.00,0.00,0.00
PF01477,0.39,0.34,0.05,14.71
PF01483,1.00,1.00,0.00,0.00
PF01485,1.00,1.00,0.00,0.00
PF01490,1.00,1.00,0.00,0.00
PF01496,1.00,1.00,0.00,0.00
PF01500,0.63,0.86,-0.23,-26.74
PF01510,0.63,0.67,-0.04,-5.97
PF01529,1.00,1.00,0.00,0.00
PF01531,1.00,1.00,0.00,0.00
PF01532,0.61,0.58,0.03,5.17
PF01535,0.47,0.44,0.03,6.82
PF01551,1.00,1.00,0.00,0.00
PF01553,0.52,0.49,0.03,6.12
PF01562,1.00,1.00,0.00,0.00
PF01564,0.62,0.62,0.00,0.00
PF01575,1.00,1.00,0.00,0.00
PF01582,0.43,0.41,0.02,4.88
PF01583,1.00,1.00,0.00,0.00
PF01585,0.54,0.51,0.03,5.88
PF01588,0.82,0.81,0.01,1.23
PF01590,0.57,0.57,0.00,0.00
PF01591,1.00,1.00,0.00,0.00
PF01593,1.00,1.00,0.00,0.00
PF01602,0.48,0.44,0.04,9.09
PF01612,1.00,1.00,0.00,0.00
PF01624,0.57,0.55,0.02,3.64
PF01630,1.00,1.00,0.00,0.00
PF01650,1.00,1.00,0.00,0.00
PF01661,0.50,0.55,-0.05,-9.09
PF01663,0.65,0.64,0.01,1.56
PF01667,1.00,1.00,0.00,0.00
PF01694,0.54,0.52,0.02,3.85
PF01699,0.44,0.57,-0.13,-22.81
PF01712,0.66,0.61,0.05,8.20
PF01729,1.00,1.00,0.00,0.00
PF01731,0.86,0.86,0.00,0.00
PF01733,0.71,0.69,0.02,2.90
PF01740,0.62,0.54,0.08,14.81
PF01751,1.00,1.00,0.00,0.00
PF01753,0.55,0.45,0.10,22.22
PF01755,1.00,1.00,0.00,0.00
PF01756,1.00,1.00,0.00,0.00
PF01758,0.66,0.65,0.01,1.54
PF01759,0.38,0.35,0.03,8.57
PF01762,1.00,1.00,0.00,0.00
PF01770,0.72,0.70,0.02,2.86
PF01812,1.00,1.00,0.00,0.00
PF01822,0.50,0.52,-0.02,-3.85
PF01823,1.00,1.00,0.00,0.00
PF01825,1.00,1.00,0.00,0.00
PF01826,0.51,0.53,-0.02,-3.77
PF01833,0.33,0.28,0.05,17.86
PF01835,0.68,0.68,0.00,0.00
PF01839,0.52,0.46,0.06,13.04
PF01842,1.00,1.00,0.00,0.00
PF01846,0.43,0.47,-0.04,-8.51
PF01852,0.47,0.45,0.02,4.44
PF01878,1.00,1.00,0.00,0.00
PF01896,1.00,1.00,0.00,0.00
PF01909,0.49,0.47,0.02,4.26
PF01920,0.47,0.46,0.01,2.17
PF01926,0.45,0.39,0.06,15.38
PF01963,1.00,1.00,0.00,0.00
PF01966,1.00,1.00,0.00,0.00
PF01991,1.00,1.00,0.00,0.00
PF02002,1.00,1.00,0.00,0.00
PF02005,1.00,1.00,0.00,0.00
PF02022,1.00,1.00,0.00,0.00
PF02023,0.62,0.62,0.00,0.00
PF02024,1.00,1.00,0.00,0.00
PF02037,0.72,0.72,0.00,0.00
PF02038,0.63,0.63,0.00,0.00
PF02055,1.00,1.00,0.00,0.00
PF02058,0.69,0.68,0.01,1.47
PF02063,1.00,1.00,0.00,0.00
PF02077,1.00,1.00,0.00,0.00
PF02083,1.00,1.00,0.00,0.00
PF02101,1.00,1.00,0.00,0.00
PF02106,1.00,1.00,0.00,0.00
PF02136,1.00,1.00,0.00,0.00
PF02140,1.00,1.00,0.00,0.00
PF02141,0.59,0.59,0.00,0.00
PF02142,0.57,0.56,0.01,1.79
PF02148,0.70,0.65,0.05,7.69
PF02171,1.00,1.00,0.00,0.00
PF02172,1.00,1.00,0.00,0.00
PF02173,1.00,1.00,0.00,0.00
PF02174,0.74,0.73,0.01,1.37
PF02176,0.51,0.50,0.01,2.00
PF02181,0.47,0.44,0.03,6.82
PF02197,0.68,0.68,0.00,0.00
PF02198,0.49,0.46,0.03,6.52
PF02204,1.00,1.00,0.00,0.00
PF02205,0.53,0.52,0.01,1.92
PF02210,0.33,0.20,0.13,65.00
PF02212,1.00,1.00,0.00,0.00
PF02214,0.58,0.56,0.02,3.57
PF02219,1.00,1.00,0.00,0.00
PF02221,1.00,1.00,0.00,0.00
PF02223,1.00,1.00,0.00,0.00
PF02230,1.00,1.00,0.00,0.00
PF02259,1.00,1.00,0.00,0.00
PF02263,0.62,0.59,0.03,5.08
PF02269,0.64,0.64,0.00,0.00
PF02272,1.00,1.00,0.00,0.00
PF02275,1.00,1.00,0.00,0.00
PF02295,0.59,0.59,0.00,0.00
PF02297,1.00,1.00,0.00,0.00
PF02301,1.00,1.00,0.00,0.00
PF02319,1.00,1.00,0.00,0.00
PF02337,1.00,1.00,0.00,0.00
PF02338,0.48,0.43,0.05,11.63
PF02344,1.00,1.00,0.00,0.00
PF02347,1.00,1.00,0.00,0.00
PF02351,0.53,1.00,-0.47,-47.00
PF02366,0.69,0.66,0.03,4.55
PF02368,1.00,1.00,0.00,0.00
PF02373,0.55,0.54,0.01,1.85
PF02374,1.00,1.00,0.00,0.00
PF02389,1.00,1.00,0.00,0.00
PF02423,1.00,1.00,0.00,0.00
PF02434,0.48,0.61,-0.13,-21.31
PF02441,1.00,1.00,0.00,0.00
PF02469,0.37,0.36,0.01,2.78
PF02485,0.72,0.71,0.01,1.41
PF02493,0.45,0.47,-0.02,-4.26
PF02494,0.79,0.79,0.00,0.00
PF02516,1.00,1.00,0.00,0.00
PF02518,0.87,0.78,0.09,11.54
PF02535,0.44,0.52,-0.08,-15.38
PF02544,0.79,0.79,0.00,0.00
PF02597,1.00,1.00,0.00,0.00
PF02636,1.00,1.00,0.00,0.00
PF02637,1.00,1.00,0.00,0.00
PF02678,1.00,1.00,0.00,0.00
PF02709,1.00,1.00,0.00,0.00
PF02727,0.72,0.72,0.00,0.00
PF02728,1.00,1.00,0.00,0.00
PF02732,1.00,1.00,0.00,0.00
PF02744,1.00,1.00,0.00,0.00
PF02750,1.00,1.00,0.00,0.00
PF02752,0.53,0.51,0.02,3.92
PF02758,0.64,0.63,0.01,1.59
PF02759,0.51,0.43,0.08,18.60
PF02760,1.00,1.00,0.00,0.00
PF02769,0.39,0.43,-0.04,-9.30
PF02771,0.64,0.62,0.02,3.23
PF02779,0.60,0.55,0.05,9.09
PF02780,1.00,1.00,0.00,0.00
PF02781,1.00,1.00,0.00,0.00
PF02784,1.00,1.00,0.00,0.00
PF02785,1.00,1.00,0.00,0.00
PF02786,0.52,0.61,-0.09,-14.75
PF02793,0.55,0.53,0.02,3.77
PF02798,0.48,0.47,0.01,2.13
PF02801,1.00,1.00,0.00,0.00
PF02803,0.73,0.73,0.00,0.00
PF02806,1.00,1.00,0.00,0.00
PF02815,0.61,0.60,0.01,1.67
PF02816,1.00,1.00,0.00,0.00
PF02818,0.76,0.72,0.04,5.56
PF02824,0.60,0.59,0.01,1.69
PF02827,1.00,1.00,0.00,0.00
PF02836,1.00,1.00,0.00,0.00
PF02841,0.89,0.89,0.00,0.00
PF02845,0.60,0.60,0.00,0.00
PF02847,1.00,1.00,0.00,0.00
PF02852,0.71,0.70,0.01,1.43
PF02854,0.36,0.35,0.01,2.86
PF02870,1.00,1.00,0.00,0.00
PF02872,1.00,1.00,0.00,0.00
PF02880,1.00,1.00,0.00,0.00
PF02882,1.00,1.00,0.00,0.00
PF02883,0.55,0.55,0.00,0.00
PF02886,0.57,0.57,0.00,0.00
PF02889,0.48,0.48,0.00,0.00
PF02892,0.66,0.59,0.07,11.86
PF02893,0.39,0.36,0.03,8.33
PF02897,1.00,1.00,0.00,0.00
PF02902,1.00,1.00,0.00,0.00
PF02922,1.00,1.00,0.00,0.00
PF02931,0.45,0.44,0.01,2.27
PF02932,0.81,0.79,0.02,2.53
PF02969,0.69,0.69,0.00,0.00
PF02984,0.56,0.55,0.01,1.82
PF02985,0.48,0.38,0.10,26.32
PF02994,1.00,1.00,0.00,0.00
PF03016,1.00,1.00,0.00,0.00
PF03024,0.51,0.47,0.04,8.51
PF03031,1.00,1.00,0.00,0.00
PF03051,1.00,1.00,0.00,0.00
PF03054,1.00,1.00,0.00,0.00
PF03061,0.47,0.50,-0.03,-6.00
PF03062,0.45,0.43,0.02,4.65
PF03068,0.74,0.73,0.01,1.37
PF03071,1.00,1.00,0.00,0.00
PF03083,0.61,0.61,0.00,0.00
PF03096,1.00,1.00,0.00,0.00
PF03098,1.00,1.00,0.00,0.00
PF03099,1.00,1.00,0.00,0.00
PF03104,1.00,1.00,0.00,0.00
PF03109,1.00,1.00,0.00,0.00
PF03114,0.48,0.47,0.01,2.13
PF03129,0.41,0.40,0.01,2.50
PF03131,1.00,1.00,0.00,0.00
PF03133,0.48,0.44,0.04,9.09
PF03137,0.50,1.00,-0.50,-50.00
PF03143,1.00,1.00,0.00,0.00
PF03144,0.56,0.55,0.01,1.82
PF03151,1.00,1.00,0.00,0.00
PF03153,1.00,1.00,0.00,0.00
PF03155,0.62,0.60,0.02,3.33
PF03160,1.00,1.00,0.00,0.00
PF03165,0.67,0.65,0.02,3.08
PF03171,0.86,0.77,0.09,11.69
PF03179,0.75,0.75,0.00,0.00
PF03184,0.53,0.53,0.00,0.00
PF03185,1.00,1.00,0.00,0.00
PF03188,0.71,0.71,0.00,0.00
PF03190,1.00,1.00,0.00,0.00
PF03200,1.00,1.00,0.00,0.00
PF03215,1.00,1.00,0.00,0.00
PF03221,0.51,0.49,0.02,4.08
PF03226,1.00,1.00,0.00,0.00
PF03259,1.00,1.00,0.00,0.00
PF03281,0.59,0.57,0.02,3.51
PF03299,1.00,1.00,0.00,0.00
PF03332,0.84,0.84,0.00,0.00
PF03351,0.48,0.48,0.00,0.00
PF03357,0.43,0.40,0.03,7.50
PF03364,1.00,1.00,0.00,0.00
PF03370,0.61,0.56,0.05,8.93
PF03372,0.37,0.27,0.10,37.04
PF03378,1.00,1.00,0.00,0.00
PF03388,1.00,1.00,0.00,0.00
PF03399,1.00,1.00,0.00,0.00
PF03402,1.00,1.00,0.00,0.00
PF03403,0.71,0.71,0.00,0.00
PF03404,1.00,1.00,0.00,0.00
PF03414,1.00,1.00,0.00,0.00
PF03435,1.00,1.00,0.00,0.00
PF03446,1.00,1.00,0.00,0.00
PF03450,1.00,1.00,0.00,0.00
PF03454,1.00,1.00,0.00,0.00
PF03464,1.00,1.00,0.00,0.00
PF03465,1.00,1.00,0.00,0.00
PF03487,1.00,1.00,0.00,0.00
PF03516,0.69,0.70,-0.01,-1.43
PF03533,1.00,1.00,0.00,0.00
PF03567,0.47,0.39,0.08,20.51
PF03572,0.57,1.00,-0.43,-43.00
PF03607,0.66,0.65,0.01,1.54
PF03630,1.00,1.00,0.00,0.00
PF03643,1.00,1.00,0.00,0.00
PF03656,1.00,1.00,0.00,0.00
PF03670,1.00,1.00,0.00,0.00
PF03700,1.00,1.00,0.00,0.00
PF03725,1.00,1.00,0.00,0.00
PF03731,0.57,0.56,0.01,1.79
PF03770,0.52,0.45,0.07,15.56
PF03798,0.40,0.37,0.03,8.11
PF03803,0.72,0.72,0.00,0.00
PF03807,0.59,0.58,0.01,1.72
PF03810,0.63,0.61,0.02,3.28
PF03815,0.71,0.73,-0.02,-2.74
PF03828,0.76,0.75,0.01,1.33
PF03847,1.00,1.00,0.00,0.00
PF03901,1.00,1.00,0.00,0.00
PF03908,1.00,1.00,0.00,0.00
PF03921,0.59,0.59,0.00,0.00
PF03931,1.00,1.00,0.00,0.00
PF03949,0.76,0.76,0.00,0.00
PF03953,0.62,0.61,0.01,1.64
PF03954,1.00,1.00,0.00,0.00
PF03957,1.00,1.00,0.00,0.00
PF03959,1.00,1.00,0.00,0.00
PF03992,0.64,0.64,0.00,0.00
PF03999,1.00,1.00,0.00,0.00
PF04006,1.00,1.00,0.00,0.00
PF04053,1.00,1.00,0.00,0.00
PF04055,0.37,0.33,0.04,12.12
PF04057,1.00,1.00,0.00,0.00
PF04072,1.00,1.00,0.00,0.00
PF04095,1.00,1.00,0.00,0.00
PF04099,1.00,1.00,0.00,0.00
PF04100,1.00,1.00,0.00,0.00
PF04103,0.41,0.39,0.02,5.13
PF04110,1.00,1.00,0.00,0.00
PF04114,1.00,1.00,0.00,0.00
PF04140,1.00,1.00,0.00,0.00
PF04142,0.73,0.72,0.01,1.39
PF04177,1.00,1.00,0.00,0.00
PF04188,1.00,1.00,0.00,0.00
PF04191,1.00,1.00,0.00,0.00
PF04193,0.43,0.61,-0.18,-29.51
PF04209,1.00,1.00,0.00,0.00
PF04218,1.00,1.00,0.00,0.00
PF04258,1.00,1.00,0.00,0.00
PF04266,1.00,1.00,0.00,0.00
PF04280,1.00,1.00,0.00,0.00
PF04300,1.00,1.00,0.00,0.00
PF04326,1.00,1.00,0.00,0.00
PF04360,1.00,1.00,0.00,0.00
PF04434,1.00,1.00,0.00,0.00
PF04438,1.00,1.00,0.00,0.00
PF04488,1.00,1.00,0.00,0.00
PF04499,1.00,1.00,0.00,0.00
PF04500,0.86,1.00,-0.14,-14.00
PF04503,1.00,1.00,0.00,0.00
PF04538,0.57,0.54,0.03,5.56
PF04547,1.00,1.00,0.00,0.00
PF04548,0.58,0.56,0.02,3.57
PF04549,1.00,1.00,0.00,0.00
PF04560,0.76,0.74,0.02,2.70
PF04564,0.60,0.57,0.03,5.26
PF04579,1.00,1.00,0.00,0.00
PF04588,1.00,1.00,0.00,0.00
PF04593,1.00,1.00,0.00,0.00
PF04598,0.51,0.51,0.00,0.00
PF04603,1.00,1.00,0.00,0.00
PF04628,1.00,1.00,0.00,0.00
PF04629,1.00,1.00,0.00,0.00
PF04680,0.94,1.00,-0.06,-6.00
PF04691,1.00,1.00,0.00,0.00
PF04707,0.55,0.54,0.01,1.85
PF04712,1.00,1.00,0.00,0.00
PF04732,0.54,0.50,0.04,8.00
PF04750,1.00,1.00,0.00,0.00
PF04757,1.00,1.00,0.00,0.00
PF04790,1.00,1.00,0.00,0.00
PF04802,1.00,1.00,0.00,0.00
PF04803,1.00,1.00,0.00,0.00
PF04811,0.66,0.65,0.01,1.54
PF04815,1.00,1.00,0.00,0.00
PF04819,1.00,1.00,0.00,0.00
PF04824,1.00,1.00,0.00,0.00
PF04826,1.00,1.00,0.00,0.00
PF04841,1.00,1.00,0.00,0.00
PF04845,0.83,0.78,0.05,6.41
PF04847,0.83,0.82,0.01,1.22
PF04849,1.00,1.00,0.00,0.00
PF04857,1.00,1.00,0.00,0.00
PF04908,0.71,0.70,0.01,1.43
PF04909,1.00,1.00,0.00,0.00
PF04912,1.00,1.00,0.00,0.00
PF04952,1.00,1.00,0.00,0.00
PF04969,0.47,0.56,-0.09,-16.07
PF04970,0.79,0.79,0.00,0.00
PF04983,1.00,1.00,0.00,0.00
PF04997,1.00,1.00,0.00,0.00
PF04998,1.00,1.00,0.00,0.00
PF05000,1.00,1.00,0.00,0.00
PF05001,0.90,1.00,-0.10,-10.00
PF05004,1.00,1.00,0.00,0.00
PF05008,1.00,1.00,0.00,0.00
PF05039,1.00,1.00,0.00,0.00
PF05063,0.65,0.64,0.01,1.56
PF05066,1.00,1.00,0.00,0.00
PF05083,1.00,1.00,0.00,0.00
PF05147,1.00,1.00,0.00,0.00
PF05148,1.00,1.00,0.00,0.00
PF05185,1.00,1.00,0.00,0.00
PF05186,0.70,0.70,0.00,0.00
PF05188,0.45,0.44,0.01,2.27
PF05190,0.39,0.37,0.02,5.41
PF05193,0.39,0.34,0.05,14.71
PF05205,1.00,1.00,0.00,0.00
PF05217,1.00,1.00,0.00,0.00
PF05219,1.00,1.00,0.00,0.00
PF05225,0.61,1.00,-0.39,-39.00
PF05250,1.00,1.00,0.00,0.00
PF05279,1.00,1.00,0.00,0.00
PF05287,0.51,0.45,0.06,13.33
PF05296,0.49,0.49,0.00,0.00
PF05300,1.00,1.00,0.00,0.00
PF05308,1.00,1.00,0.00,0.00
PF05337,1.00,1.00,0.00,0.00
PF05347,1.00,1.00,0.00,0.00
PF05350,1.00,1.00,0.00,0.00
PF05399,1.00,1.00,0.00,0.00
PF05406,0.76,0.75,0.01,1.33
PF05454,1.00,1.00,0.00,0.00
PF05458,1.00,1.00,0.00,0.00
PF05461,0.63,0.62,0.01,1.61
PF05470,1.00,1.00,0.00,0.00
PF05474,1.00,1.00,0.00,0.00
PF05477,1.00,1.00,0.00,0.00
PF05478,0.63,0.63,0.00,0.00
PF05483,1.00,1.00,0.00,0.00
PF05507,1.00,1.00,0.00,0.00
PF05510,1.00,1.00,0.00,0.00
PF05544,1.00,1.00,0.00,0.00
PF05577,1.00,1.00,0.00,0.00
PF05602,1.00,1.00,0.00,0.00
PF05609,0.81,0.81,0.00,0.00
PF05622,1.00,1.00,0.00,0.00
PF05648,0.61,0.60,0.01,1.67
PF05653,1.00,1.00,0.00,0.00
PF05686,1.00,1.00,0.00,0.00
PF05693,1.00,1.00,0.00,0.00
PF05699,0.54,0.53,0.01,1.89
PF05706,1.00,1.00,0.00,0.00
PF05716,1.00,1.00,0.00,0.00
PF05721,0.60,0.56,0.04,7.14
PF05726,1.00,1.00,0.00,0.00
PF05729,0.44,0.39,0.05,12.82
PF05739,0.49,0.49,0.00,0.00
PF05741,1.00,1.00,0.00,0.00
PF05743,1.00,1.00,0.00,0.00
PF05760,0.50,1.00,-0.50,-50.00
PF05770,1.00,1.00,0.00,0.00
PF05773,0.36,0.37,-0.01,-2.70
PF05781,1.00,1.00,0.00,0.00
PF05782,1.00,1.00,0.00,0.00
PF05790,0.56,0.54,0.02,3.70
PF05793,1.00,1.00,0.00,0.00
PF05804,1.00,1.00,0.00,0.00
PF05805,1.00,1.00,0.00,0.00
PF05817,1.00,1.00,0.00,0.00
PF05831,0.67,0.65,0.02,3.08
PF05889,1.00,1.00,0.00,0.00
PF05903,1.00,1.00,0.00,0.00
PF05916,1.00,1.00,0.00,0.00
PF05922,1.00,1.00,0.00,0.00
PF05934,1.00,1.00,0.00,0.00
PF05937,1.00,1.00,0.00,0.00
PF05956,1.00,1.00,0.00,0.00
PF05970,1.00,1.00,0.00,0.00
PF05971,1.00,1.00,0.00,0.00
PF05986,0.48,0.44,0.04,9.09
PF05995,1.00,1.00,0.00,0.00
PF05997,1.00,1.00,0.00,0.00
PF06008,0.45,0.45,0.00,0.00
PF06009,1.00,1.00,0.00,0.00
PF06021,0.63,0.62,0.01,1.61
PF06027,1.00,1.00,0.00,0.00
PF06046,0.51,0.51,0.00,0.00
PF06052,1.00,1.00,0.00,0.00
PF06060,1.00,1.00,0.00,0.00
PF06148,1.00,1.00,0.00,0.00
PF06159,1.00,1.00,0.00,0.00
PF06202,1.00,1.00,0.00,0.00
PF06209,1.00,1.00,0.00,0.00
PF06211,1.00,1.00,0.00,0.00
PF06220,1.00,1.00,0.00,0.00
PF06248,1.00,1.00,0.00,0.00
PF06268,0.40,0.38,0.02,5.26
PF06309,0.73,0.73,0.00,0.00
PF06337,0.75,0.70,0.05,7.14
PF06367,0.88,0.88,0.00,0.00
PF06388,1.00,1.00,0.00,0.00
PF06393,1.00,1.00,0.00,0.00
PF06396,1.00,1.00,0.00,0.00
PF06407,1.00,1.00,0.00,0.00
PF06409,1.00,1.00,0.00,0.00
PF06456,0.85,0.85,0.00,0.00
PF06463,1.00,1.00,0.00,0.00
PF06464,0.66,0.64,0.02,3.13
PF06467,0.36,0.42,-0.06,-14.29
PF06472,0.60,0.60,0.00,0.00
PF06473,0.49,0.46,0.03,6.52
PF06546,1.00,1.00,0.00,0.00
PF06581,1.00,1.00,0.00,0.00
PF06602,1.00,1.00,0.00,0.00
PF06607,1.00,1.00,0.00,0.00
PF06637,1.00,1.00,0.00,0.00
PF06679,1.00,1.00,0.00,0.00
PF06730,1.00,1.00,0.00,0.00
PF06733,0.61,0.58,0.03,5.17
PF06747,0.57,0.57,0.00,0.00
PF06758,0.57,1.00,-0.43,-43.00
PF06777,1.00,1.00,0.00,0.00
PF06809,1.00,1.00,0.00,0.00
PF06817,1.00,1.00,0.00,0.00
PF06839,0.63,0.72,-0.09,-12.50
PF06888,1.00,1.00,0.00,0.00
PF06907,1.00,1.00,0.00,0.00
PF06954,1.00,1.00,0.00,0.00
PF06959,1.00,1.00,0.00,0.00
PF06963,1.00,1.00,0.00,0.00
PF06990,0.61,0.59,0.02,3.39
PF07002,0.76,0.75,0.01,1.33
PF07004,0.33,0.53,-0.20,-37.74
PF07010,1.00,1.00,0.00,0.00
PF07034,1.00,1.00,0.00,0.00
PF07096,1.00,1.00,0.00,0.00
PF07106,1.00,1.00,0.00,0.00
PF07139,1.00,1.00,0.00,0.00
PF07140,1.00,1.00,0.00,0.00
PF07145,1.00,1.00,0.00,0.00
PF07163,1.00,1.00,0.00,0.00
PF07225,1.00,1.00,0.00,0.00
PF07263,1.00,1.00,0.00,0.00
PF07292,0.65,0.65,0.00,0.00
PF07326,1.00,1.00,0.00,0.00
PF07334,1.00,1.00,0.00,0.00
PF07354,1.00,1.00,0.00,0.00
PF07458,0.74,0.74,0.00,0.00
PF07521,1.00,1.00,0.00,0.00
PF07522,1.00,1.00,0.00,0.00
PF07524,0.62,0.62,0.00,0.00
PF07525,1.00,1.00,0.00,0.00
PF07562,1.00,1.00,0.00,0.00
PF07565,0.61,0.57,0.04,7.02
PF07645,0.60,0.65,-0.05,-7.69
PF07646,1.00,1.00,0.00,0.00
PF07647,0.37,0.35,0.02,5.71
PF07648,0.51,0.48,0.03,6.25
PF07651,0.83,0.82,0.01,1.22
PF07653,0.45,0.43,0.02,4.65
PF07654,0.38,0.40,-0.02,-5.00
PF07670,0.85,0.87,-0.02,-2.30
PF07678,0.60,0.58,0.02,3.45
PF07679,0.34,0.45,-0.11,-24.44
PF07686,0.30,0.26,0.04,15.38
PF07699,0.55,0.53,0.02,3.77
PF07707,0.48,0.48,0.00,0.00
PF07714,0.48,0.32,0.16,50.00
PF07716,0.56,0.57,-0.01,-1.75
PF07717,0.55,0.50,0.05,10.00
PF07728,0.57,1.00,-0.43,-43.00
PF07738,0.57,0.56,0.01,1.79
PF07744,1.00,1.00,0.00,0.00
PF07748,0.65,0.65,0.00,0.00
PF07773,0.44,0.63,-0.19,-30.16
PF07776,1.00,1.00,0.00,0.00
PF07819,1.00,1.00,0.00,0.00
PF07842,1.00,1.00,0.00,0.00
PF07847,1.00,1.00,0.00,0.00
PF07857,1.00,1.00,0.00,0.00
PF07885,0.61,1.00,-0.39,-39.00
PF07888,1.00,1.00,0.00,0.00
PF07894,1.00,1.00,0.00,0.00
PF07915,0.56,0.63,-0.07,-11.11
PF07942,1.00,1.00,0.00,0.00
PF07947,1.00,1.00,0.00,0.00
PF07959,1.00,1.00,0.00,0.00
PF07974,0.65,1.00,-0.35,-35.00
PF07984,1.00,1.00,0.00,0.00
PF07986,1.00,1.00,0.00,0.00
PF08007,0.70,0.70,0.00,0.00
PF08016,1.00,1.00,0.00,0.00
PF08032,1.00,1.00,0.00,0.00
PF08033,0.53,0.49,0.04,8.16
PF08038,1.00,1.00,0.00,0.00
PF08040,1.00,1.00,0.00,0.00
PF08070,1.00,1.00,0.00,0.00
PF08081,1.00,1.00,0.00,0.00
PF08180,1.00,1.00,0.00,0.00
PF08190,1.00,1.00,0.00,0.00
PF08202,1.00,1.00,0.00,0.00
PF08204,1.00,1.00,0.00,0.00
PF08205,0.34,0.33,0.01,3.03
PF08238,0.39,0.45,-0.06,-13.33
PF08264,0.56,0.54,0.02,3.70
PF08266,0.66,0.67,-0.01,-1.49
PF08271,0.63,0.61,0.02,3.28
PF08327,1.00,1.00,0.00,0.00
PF08357,0.45,0.44,0.01,2.27
PF08373,1.00,1.00,0.00,0.00
PF08377,1.00,1.00,0.00,0.00
PF08385,1.00,1.00,0.00,0.00
PF08389,0.44,0.41,0.03,7.32
PF08397,0.55,0.54,0.01,1.85
PF08416,0.58,0.57,0.01,1.75
PF08430,0.74,0.72,0.02,2.78
PF08433,1.00,1.00,0.00,0.00
PF08434,1.00,1.00,0.00,0.00
PF08441,0.54,0.54,0.00,0.00
PF08444,0.74,0.74,0.00,0.00
PF08447,0.73,0.76,-0.03,-3.95
PF08466,1.00,1.00,0.00,0.00
PF08491,1.00,1.00,0.00,0.00
PF08513,1.00,1.00,0.00,0.00
PF08516,1.00,1.00,0.00,0.00
PF08526,0.65,0.65,0.00,0.00
PF08527,1.00,1.00,0.00,0.00
PF08540,1.00,1.00,0.00,0.00
PF08551,1.00,1.00,0.00,0.00
PF08558,0.63,0.62,0.01,1.61
PF08568,1.00,1.00,0.00,0.00
PF08583,1.00,1.00,0.00,0.00
PF08604,1.00,1.00,0.00,0.00
PF08615,1.00,1.00,0.00,0.00
PF08629,1.00,1.00,0.00,0.00
PF08641,1.00,1.00,0.00,0.00
PF08646,1.00,1.00,0.00,0.00
PF08661,1.00,1.00,0.00,0.00
PF08662,0.59,0.59,0.00,0.00
PF08675,1.00,1.00,0.00,0.00
PF08688,1.00,1.00,0.00,0.00
PF08709,1.00,1.00,0.00,0.00
PF08726,0.67,0.67,0.00,0.00
PF08742,0.54,0.43,0.11,25.58
PF08743,1.00,1.00,0.00,0.00
PF08774,1.00,1.00,0.00,0.00
PF08777,0.61,0.60,0.01,1.67
PF08784,1.00,1.00,0.00,0.00
PF08797,1.00,1.00,0.00,0.00
PF08801,1.00,1.00,0.00,0.00
PF08824,1.00,1.00,0.00,0.00
PF08826,1.00,1.00,0.00,0.00
PF08840,0.69,0.69,0.00,0.00
PF08913,1.00,1.00,0.00,0.00
PF08916,1.00,1.00,0.00,0.00
PF08952,0.66,0.67,-0.01,-1.49
PF08976,0.60,1.00,-0.40,-40.00
PF08997,1.00,1.00,0.00,0.00
PF09004,1.00,1.00,0.00,0.00
PF09006,1.00,1.00,0.00,0.00
PF09011,1.00,1.00,0.00,0.00
PF09030,1.00,1.00,0.00,0.00
PF09038,1.00,1.00,0.00,0.00
PF09067,0.65,0.65,0.00,0.00
PF09069,1.00,1.00,0.00,0.00
PF09085,1.00,1.00,0.00,0.00
PF09128,1.00,1.00,0.00,0.00
PF09162,1.00,1.00,0.00,0.00
PF09169,1.00,1.00,0.00,0.00
PF09170,1.00,1.00,0.00,0.00
PF09240,0.49,0.48,0.01,2.08
PF09256,1.00,1.00,0.00,0.00
PF09258,1.00,1.00,0.00,0.00
PF09261,0.63,0.63,0.00,0.00
PF09291,1.00,1.00,0.00,0.00
PF09294,0.43,0.41,0.02,4.88
PF09309,1.00,1.00,0.00,0.00
PF09325,1.00,1.00,0.00,0.00
PF09332,1.00,1.00,0.00,0.00
PF09358,1.00,1.00,0.00,0.00
PF09379,0.46,0.46,0.00,0.00
PF09380,0.43,0.40,0.03,7.50
PF09422,0.40,0.58,-0.18,-31.03
PF09439,1.00,1.00,0.00,0.00
PF09457,0.61,0.57,0.04,7.02
PF09469,0.76,0.76,0.00,0.00
PF09514,1.00,1.00,0.00,0.00
PF09532,1.00,1.00,0.00,0.00
PF09727,1.00,1.00,0.00,0.00
PF09766,1.00,1.00,0.00,0.00
PF09772,1.00,1.00,0.00,0.00
PF09787,1.00,1.00,0.00,0.00
PF09809,1.00,1.00,0.00,0.00
PF09811,0.64,0.64,0.00,0.00
PF09812,1.00,1.00,0.00,0.00
PF09815,1.00,1.00,0.00,0.00
PF10034,0.62,0.61,0.01,1.64
PF10151,1.00,1.00,0.00,0.00
PF10184,1.00,1.00,0.00,0.00
PF10186,1.00,1.00,0.00,0.00
PF10192,1.00,1.00,0.00,0.00
PF10226,1.00,1.00,0.00,0.00
PF10242,1.00,1.00,0.00,0.00
PF10243,1.00,1.00,0.00,0.00
PF10257,1.00,1.00,0.00,0.00
PF10262,1.00,1.00,0.00,0.00
PF10263,1.00,1.00,0.00,0.00
PF10265,1.00,1.00,0.00,0.00
PF10277,1.00,1.00,0.00,0.00
PF10278,1.00,1.00,0.00,0.00
PF10300,1.00,1.00,0.00,0.00
PF10344,1.00,1.00,0.00,0.00
PF10367,1.00,1.00,0.00,0.00
PF10376,1.00,1.00,0.00,0.00
PF10392,1.00,1.00,0.00,0.00
PF10401,0.64,0.63,0.01,1.59
PF10409,0.87,0.87,0.00,0.00
PF10420,1.00,1.00,0.00,0.00
PF10427,0.61,0.60,0.01,1.67
PF10472,1.00,1.00,0.00,0.00
PF10488,1.00,1.00,0.00,0.00
PF10500,1.00,1.00,0.00,0.00
PF10508,1.00,1.00,0.00,0.00
PF10565,1.00,1.00,0.00,0.00
PF10591,1.00,1.00,0.00,0.00
PF10607,0.37,0.41,-0.04,-9.76
PF10609,1.00,1.00,0.00,0.00
PF10630,1.00,1.00,0.00,0.00
PF10631,1.00,1.00,0.00,0.00
PF11109,1.00,1.00,0.00,0.00
PF11235,1.00,1.00,0.00,0.00
PF11465,1.00,1.00,0.00,0.00
PF11510,1.00,1.00,0.00,0.00
PF11526,1.00,1.00,0.00,0.00
PF11560,1.00,1.00,0.00,0.00
PF11598,0.74,0.74,0.00,0.00
PF11699,1.00,1.00,0.00,0.00
PF11759,0.59,0.49,0.10,20.41
PF11788,1.00,1.00,0.00,0.00
PF11789,1.00,1.00,0.00,0.00
PF11802,1.00,1.00,0.00,0.00
PF11819,1.00,1.00,0.00,0.00
PF11838,1.00,1.00,0.00,0.00
PF11933,1.00,1.00,0.00,0.00
PF11971,1.00,1.00,0.00,0.00
PF11977,0.73,0.72,0.01,1.39
PF12004,1.00,1.00,0.00,0.00
PF12047,1.00,1.00,0.00,0.00
PF12160,1.00,1.00,0.00,0.00
PF12171,0.63,0.63,0.00,0.00
PF12201,1.00,1.00,0.00,0.00
PF12231,1.00,1.00,0.00,0.00
PF12260,1.00,1.00,0.00,0.00
PF12297,1.00,1.00,0.00,0.00
PF12304,1.00,1.00,0.00,0.00
PF12349,1.00,1.00,0.00,0.00
PF12424,0.57,1.00,-0.43,-43.00
PF12440,0.47,0.48,-0.01,-2.08
PF12480,0.86,0.86,0.00,0.00
PF12548,0.54,1.00,-0.46,-46.00
PF12569,1.00,1.00,0.00,0.00
PF12657,1.00,1.00,0.00,0.00
PF12661,0.50,0.49,0.01,2.04
PF12662,0.59,0.52,0.07,13.46
PF12738,1.00,1.00,0.00,0.00
PF12770,1.00,1.00,0.00,0.00
PF12777,0.85,0.85,0.00,0.00
PF12796,0.62,1.00,-0.38,-38.00
PF12799,1.00,1.00,0.00,0.00
PF12851,1.00,1.00,0.00,0.00
PF12861,1.00,1.00,0.00,0.00
PF12872,0.40,0.43,-0.03,-6.98
PF12874,0.53,0.60,-0.07,-11.67
PF12877,1.00,1.00,0.00,0.00
PF12885,1.00,1.00,0.00,0.00
PF12906,1.00,1.00,0.00,0.00
PF12937,0.67,0.63,0.04,6.35
PF12947,0.54,0.64,-0.10,-15.62
PF12998,1.00,1.00,0.00,0.00
PF13086,1.00,1.00,0.00,0.00
PF13087,1.00,1.00,0.00,0.00
PF13088,1.00,1.00,0.00,0.00
PF13193,0.59,0.57,0.02,3.51
PF13240,1.00,1.00,0.00,0.00
PF13279,1.00,1.00,0.00,0.00
PF13324,1.00,1.00,0.00,0.00
PF13330,0.73,1.00,-0.27,-27.00
PF13365,1.00,1.00,0.00,0.00
PF13378,1.00,1.00,0.00,0.00
PF13402,0.86,0.86,0.00,0.00
PF13410,1.00,1.00,0.00,0.00
PF13450,1.00,1.00,0.00,0.00
PF13499,0.59,0.59,0.00,0.00
PF13513,1.00,0.53,0.47,88.68
PF13517,1.00,0.61,0.39,63.93
PF13679,1.00,1.00,0.00,0.00
PF13691,1.00,1.00,0.00,0.00
PF13725,1.00,1.00,0.00,0.00
PF13757,0.72,0.72,0.00,0.00
PF13765,0.63,0.61,0.02,3.28
PF13804,0.98,0.98,0.00,0.00
PF13831,1.00,1.00,0.00,0.00
PF13832,1.00,1.00,0.00,0.00
PF13833,1.00,1.00,0.00,0.00
PF13837,0.93,1.00,-0.07,-7.00
PF13840,1.00,1.00,0.00,0.00
PF13841,0.53,0.52,0.01,1.92
PF13842,1.00,1.00,0.00,0.00
PF13843,0.61,0.56,0.05,8.93
PF13848,0.57,0.56,0.01,1.79
PF13853,1.00,1.00,0.00,0.00
PF13855,0.62,0.70,-0.08,-11.43
PF13862,1.00,1.00,0.00,0.00
PF13868,0.60,0.60,0.00,0.00
PF13873,0.63,0.62,0.01,1.61
PF13883,0.69,0.69,0.00,0.00
PF13885,0.55,0.48,0.07,14.58
PF13895,0.39,0.35,0.04,11.43
PF13897,1.00,1.00,0.00,0.00
PF13899,1.00,1.00,0.00,0.00
PF13903,1.00,1.00,0.00,0.00
PF13905,1.00,1.00,0.00,0.00
PF13908,0.61,0.59,0.02,3.39
PF13911,0.53,0.52,0.01,1.92
PF13913,0.54,0.59,-0.05,-8.47
PF13914,1.00,1.00,0.00,0.00
PF13916,1.00,1.00,0.00,0.00
PF13920,0.59,0.55,0.04,7.27
PF13923,1.00,1.00,0.00,0.00
PF13927,0.46,0.46,0.00,0.00
PF14160,1.00,1.00,0.00,0.00
PF14260,1.00,1.00,0.00,0.00
PF14306,0.84,0.84,0.00,0.00
PF14360,1.00,1.00,0.00,0.00
PF14493,1.00,1.00,0.00,0.00
PF14523,1.00,1.00,0.00,0.00
PF14565,1.00,1.00,0.00,0.00
PF14572,1.00,1.00,0.00,0.00
PF14596,1.00,1.00,0.00,0.00
PF14631,1.00,1.00,0.00,0.00
PF14634,1.00,1.00,0.00,0.00
PF14635,1.00,1.00,0.00,0.00
PF14639,1.00,1.00,0.00,0.00
PF14642,0.33,1.00,-0.67,-67.00
PF14643,1.00,1.00,0.00,0.00
PF14648,1.00,1.00,0.00,0.00
PF14650,0.63,0.62,0.01,1.61
PF14651,1.00,1.00,0.00,0.00
PF14654,1.00,1.00,0.00,0.00
PF14670,1.00,1.00,0.00,0.00
PF14694,1.00,1.00,0.00,0.00
PF14701,1.00,1.00,0.00,0.00
PF14707,0.66,0.61,0.05,8.20
PF14713,1.00,1.00,0.00,0.00
PF14724,1.00,1.00,0.00,0.00
PF14749,1.00,1.00,0.00,0.00
PF14787,0.88,0.88,0.00,0.00
PF14797,1.00,1.00,0.00,0.00
PF14800,1.00,1.00,0.00,0.00
PF14816,1.00,1.00,0.00,0.00
PF14817,1.00,1.00,0.00,0.00
PF14818,1.00,1.00,0.00,0.00
PF14828,1.00,1.00,0.00,0.00
PF14836,0.65,0.63,0.02,3.17
PF14858,1.00,1.00,0.00,0.00
PF14880,1.00,1.00,0.00,0.00
PF14893,1.00,1.00,0.00,0.00
PF14915,1.00,1.00,0.00,0.00
PF14922,1.00,1.00,0.00,0.00
PF14925,1.00,1.00,0.00,0.00
PF14932,1.00,1.00,0.00,0.00
PF14933,1.00,1.00,0.00,0.00
PF14950,1.00,1.00,0.00,0.00
PF14951,1.00,1.00,0.00,0.00
PF14957,1.00,1.00,0.00,0.00
PF14958,1.00,1.00,0.00,0.00
PF14967,1.00,1.00,0.00,0.00
PF14969,1.00,1.00,0.00,0.00
PF14977,1.00,1.00,0.00,0.00
PF14979,1.00,1.00,0.00,0.00
PF14985,1.00,1.00,0.00,0.00
PF14986,1.00,1.00,0.00,0.00
PF14988,0.59,0.59,0.00,0.00
PF14992,0.71,0.71,0.00,0.00
PF15005,0.63,0.62,0.01,1.61
PF15015,1.00,1.00,0.00,0.00
PF15020,1.00,1.00,0.00,0.00
PF15030,1.00,1.00,0.00,0.00
PF15032,1.00,1.00,0.00,0.00
PF15037,1.00,1.00,0.00,0.00
PF15039,1.00,1.00,0.00,0.00
PF15040,0.79,0.79,0.00,0.00
PF15050,1.00,1.00,0.00,0.00
PF15057,1.00,1.00,0.00,0.00
PF15058,1.00,1.00,0.00,0.00
PF15068,1.00,1.00,0.00,0.00
PF15070,1.00,1.00,0.00,0.00
PF15079,1.00,1.00,0.00,0.00
PF15080,1.00,1.00,0.00,0.00
PF15081,1.00,1.00,0.00,0.00
PF15083,1.00,1.00,0.00,0.00
PF15095,1.00,1.00,0.00,0.00
PF15101,1.00,1.00,0.00,0.00
PF15102,1.00,1.00,0.00,0.00
PF15105,1.00,1.00,0.00,0.00
PF15136,1.00,1.00,0.00,0.00
PF15141,1.00,1.00,0.00,0.00
PF15142,1.00,1.00,0.00,0.00
PF15143,0.59,1.00,-0.41,-41.00
PF15149,1.00,1.00,0.00,0.00
PF15160,1.00,1.00,0.00,0.00
PF15164,1.00,1.00,0.00,0.00
PF15165,1.00,1.00,0.00,0.00
PF15174,1.00,1.00,0.00,0.00
PF15177,0.63,0.62,0.01,1.61
PF15180,1.00,1.00,0.00,0.00
PF15192,1.00,1.00,0.00,0.00
PF15195,1.00,1.00,0.00,0.00
PF15199,1.00,1.00,0.00,0.00
PF15201,1.00,1.00,0.00,0.00
PF15202,1.00,1.00,0.00,0.00
PF15205,1.00,1.00,0.00,0.00
PF15206,1.00,1.00,0.00,0.00
PF15209,1.00,1.00,0.00,0.00
PF15215,1.00,1.00,0.00,0.00
PF15218,1.00,1.00,0.00,0.00
PF15227,1.00,1.00,0.00,0.00
PF15231,1.00,1.00,0.00,0.00
PF15255,1.00,1.00,0.00,0.00
PF15268,1.00,1.00,0.00,0.00
PF15274,1.00,1.00,0.00,0.00
PF15288,1.00,1.00,0.00,0.00
PF15291,1.00,1.00,0.00,0.00
PF15292,1.00,1.00,0.00,0.00
PF15314,1.00,1.00,0.00,0.00
PF15315,1.00,1.00,0.00,0.00
PF15319,1.00,1.00,0.00,0.00
PF15324,1.00,1.00,0.00,0.00
PF15334,1.00,1.00,0.00,0.00
PF15338,1.00,1.00,0.00,0.00
PF15339,1.00,1.00,0.00,0.00
PF15347,1.00,1.00,0.00,0.00
PF15351,1.00,1.00,0.00,0.00
PF15352,1.00,1.00,0.00,0.00
PF15357,1.00,1.00,0.00,0.00
PF15371,1.00,1.00,0.00,0.00
PF15372,1.00,1.00,0.00,0.00
PF15379,1.00,1.00,0.00,0.00
PF15384,1.00,1.00,0.00,0.00
PF15390,1.00,1.00,0.00,0.00
PF15391,1.00,1.00,0.00,0.00
PF15393,1.00,1.00,0.00,0.00
PF15395,1.00,1.00,0.00,0.00
PF15399,1.00,1.00,0.00,0.00
PF15412,1.00,1.00,0.00,0.00
PF15419,1.00,1.00,0.00,0.00
PF15423,1.00,1.00,0.00,0.00
PF15429,1.00,1.00,0.00,0.00
PF15439,1.00,1.00,0.00,0.00
PF15440,1.00,1.00,0.00,0.00
PF15441,1.00,1.00,0.00,0.00
PF15455,1.00,1.00,0.00,0.00
PF15462,1.00,1.00,0.00,0.00
PF15471,1.00,1.00,0.00,0.00
PF15482,1.00,1.00,0.00,0.00
PF15483,1.00,1.00,0.00,0.00
PF15485,1.00,1.00,0.00,0.00
PF15489,1.00,1.00,0.00,0.00
PF15506,1.00,1.00,0.00,0.00
PF15508,1.00,1.00,0.00,0.00
PF15539,1.00,1.00,0.00,0.00
PF15554,1.00,1.00,0.00,0.00
PF15557,1.00,1.00,0.00,0.00
PF15578,1.00,1.00,0.00,0.00
PF15621,1.00,1.00,0.00,0.00
PF15622,1.00,1.00,0.00,0.00
PF15664,1.00,1.00,0.00,0.00
PF15670,1.00,1.00,0.00,0.00
PF15681,1.00,1.00,0.00,0.00
PF15687,1.00,1.00,0.00,0.00
PF15688,1.00,1.00,0.00,0.00
PF15695,0.90,0.90,0.00,0.00
PF15710,1.00,1.00,0.00,0.00
PF15721,1.00,1.00,0.00,0.00
PF15727,1.00,1.00,0.00,0.00
PF15729,1.00,1.00,0.00,0.00
PF15741,1.00,1.00,0.00,0.00
PF15746,1.00,1.00,0.00,0.00
PF15754,1.00,1.00,0.00,0.00
PF15758,1.00,1.00,0.00,0.00
PF15769,1.00,1.00,0.00,0.00
PF15776,1.00,1.00,0.00,0.00
PF15783,0.35,1.00,-0.65,-65.00
PF15788,0.48,0.72,-0.24,-33.33
PF15789,1.00,1.00,0.00,0.00
PF15790,1.00,1.00,0.00,0.00
PF15807,1.00,1.00,0.00,0.00
PF15816,1.00,1.00,0.00,0.00
PF15817,1.00,1.00,0.00,0.00
PF15821,1.00,1.00,0.00,0.00
PF15830,1.00,1.00,0.00,0.00
PF15838,1.00,1.00,0.00,0.00
PF15841,1.00,1.00,0.00,0.00
PF15843,1.00,1.00,0.00,0.00
PF15845,1.00,1.00,0.00,0.00
PF15847,1.00,1.00,0.00,0.00
PF15849,1.00,1.00,0.00,0.00
PF15855,1.00,1.00,0.00,0.00
PF15873,1.00,1.00,0.00,0.00
PF15874,0.64,0.62,0.02,3.23
PF15875,1.00,1.00,0.00,0.00
PF15876,1.00,1.00,0.00,0.00
PF15895,1.00,1.00,0.00,0.00
PF15897,1.00,1.00,0.00,0.00
PF15902,1.00,1.00,0.00,0.00
PF15903,1.00,1.00,0.00,0.00
PF15908,1.00,1.00,0.00,0.00
PF15909,1.00,1.00,0.00,0.00
PF15910,1.00,1.00,0.00,0.00
PF15913,1.00,1.00,0.00,0.00
PF15961,1.00,1.00,0.00,0.00
PF15964,1.00,1.00,0.00,0.00
PF15974,1.00,1.00,0.00,0.00
PF16006,1.00,1.00,0.00,0.00
PF16076,1.00,1.00,0.00,0.00
PF16094,1.00,1.00,0.00,0.00
PF16177,1.00,1.00,0.00,0.00
PF16182,0.50,1.00,-0.50,-50.00
PF16207,1.00,1.00,0.00,0.00
PF16208,1.00,1.00,0.00,0.00
PF16210,1.00,1.00,0.00,0.00
PF16214,1.00,1.00,0.00,0.00
PF16317,1.00,1.00,0.00,0.00
PF16360,1.00,1.00,0.00,0.00
PF16474,1.00,1.00,0.00,0.00
PF16482,1.00,1.00,0.00,0.00
PF16489,1.00,1.00,0.00,0.00
PF16492,0.85,0.86,-0.01,-1.16
PF16499,1.00,1.00,0.00,0.00
PF16619,1.00,1.00,0.00,0.00
PF16620,1.00,1.00,0.00,0.00
PF16630,1.00,1.00,0.00,0.00
PF16647,1.00,1.00,0.00,0.00
PF16652,1.00,1.00,0.00,0.00
PF16696,1.00,1.00,0.00,0.00
PF16716,1.00,1.00,0.00,0.00
PF16746,1.00,1.00,0.00,0.00
PF16788,1.00,1.00,0.00,0.00
PF17039,0.87,0.87,0.00,0.00
PF17047,1.00,1.00,0.00,0.00
PF17085,1.00,1.00,0.00,0.00
PF17146,1.00,1.00,0.00,0.00
PF17256,1.00,1.00,0.00,0.00
PF17284,0.63,0.63,0.00,0.00
PF17285,1.00,1.00,0.00,0.00
PF17286,1.00,1.00,0.00,0.00
PF17291,0.80,0.81,-0.01,-1.23
PF17333,1.00,1.00,0.00,0.00
PF17450,1.00,1.00,0.00,0.00
PF17489,1.00,1.00,0.00,0.00
PF17490,1.00,1.00,0.00,0.00
PF17677,1.00,1.00,0.00,0.00
PF17686,1.00,1.00,0.00,0.00
PF17690,1.00,1.00,0.00,0.00
PF17698,1.00,1.00,0.00,0.00
PF17699,1.00,1.00,0.00,0.00
PF17703,1.00,1.00,0.00,0.00
PF17706,1.00,1.00,0.00,0.00
PF17708,0.51,0.51,0.00,0.00
PF17710,1.00,1.00,0.00,0.00
PF17714,1.00,1.00,0.00,0.00
PF17729,1.00,1.00,0.00,0.00
PF17739,1.00,1.00,0.00,0.00
PF17744,1.00,1.00,0.00,0.00
PF17749,1.00,1.00,0.00,0.00
PF17776,1.00,1.00,0.00,0.00
PF17779,1.00,1.00,0.00,0.00
PF17780,1.00,1.00,0.00,0.00
PF17790,1.00,1.00,0.00,0.00
PF17791,1.00,1.00,0.00,0.00
PF17821,1.00,1.00,0.00,0.00
PF17825,1.00,1.00,0.00,0.00
PF17848,1.00,1.00,0.00,0.00
PF17857,0.78,0.78,0.00,0.00
PF17862,1.00,1.00,0.00,0.00
PF17900,0.60,0.59,0.01,1.69
PF17927,1.00,1.00,0.00,0.00
PF17949,1.00,1.00,0.00,0.00
PF18111,1.00,1.00,0.00,0.00
PF18114,1.00,1.00,0.00,0.00
PF18122,1.00,1.00,0.00,0.00
PF18139,1.00,1.00,0.00,0.00
PF18201,1.00,1.00,0.00,0.00
PF18256,1.00,1.00,0.00,0.00
PF18366,0.84,0.83,0.01,1.20
PF18727,0.69,0.68,0.01,1.47
PF18872,0.92,1.00,-0.08,-8.00
PF18875,1.00,1.00,0.00,0.00
PF18876,1.00,1.00,0.00,0.00
PF19031,0.45,0.44,0.01,2.27
PF19032,0.56,0.55,0.01,1.82
PF19033,0.45,0.41,0.04,9.76
PF19036,0.57,0.56,0.01,1.79
PF19037,0.58,0.54,0.04,7.41
PF19038,0.56,0.53,0.03,5.66
PF19046,1.00,1.00,0.00,0.00
PF19047,1.00,1.00,0.00,0.00
PF19088,1.00,1.00,0.00,0.00
PF19236,1.00,1.00,0.00,0.00
PF19273,1.00,1.00,0.00,0.00
PF19317,1.00,1.00,0.00,0.00
PF19326,0.78,0.78,0.00,0.00
PF19336,1.00,1.00,0.00,0.00
PF19729,1.00,1.00,0.00,0.00
PF19743,1.00,1.00,0.00,0.00
PF20166,0.56,0.54,0.02,3.70
PF20168,1.00,1.00,0.00,0.00
PF20258,1.00,1.00,0.00,0.00
PF20259,1.00,1.00,0.00,0.00
PF20266,0.61,0.60,0.01,1.67
PF20433,1.00,1.00,0.00,0.00
PF20443,0.55,0.55,0.00,0.00
PF20491,1.00,1.00,0.00,0.00
PF20510,1.00,1.00,0.00,0.00
PF20511,1.00,1.00,0.00,0.00
PF20512,1.00,1.00,0.00,0.00
PF20514,1.00,1.00,0.00,0.00
PF20518,1.00,1.00,0.00,0.00
PF20519,1.00,1.00,0.00,0.00
PF20626,1.00,1.00,0.00,0.00
PF20634,1.00,1.00,0.00,0.00
PF20665,1.00,1.00,0.00,0.00
PF20666,1.00,1.00,0.00,0.00
PF20691,0.84,0.84,0.00,0.00
PF20692,1.00,1.00,0.00,0.00
PF20721,1.00,1.00,0.00,0.00
PF20770,1.00,1.00,0.00,0.00
PF20801,1.00,1.00,0.00,0.00
PF20805,0.54,0.52,0.02,3.85
PF20806,0.48,0.48,0.00,0.00
PF20808,1.00,1.00,0.00,0.00
PF20826,1.00,1.00,0.00,0.00
PF20854,1.00,1.00,0.00,0.00
PF20864,1.00,1.00,0.00,0.00
PF20885,1.00,1.00,0.00,0.00
PF20927,1.00,1.00,0.00,0.00
PF20936,1.00,1.00,0.00,0.00
PF20989,1.00,1.00,0.00,0.00
PF20996,1.00,1.00,0.00,0.00
PF21009,0.53,1.00,-0.47,-47.00
PF21031,1.00,1.00,0.00,0.00
PF21032,1.00,1.00,0.00,0.00
PF21033,1.00,1.00,0.00,0.00
PF21034,1.00,1.00,0.00,0.00
PF21044,1.00,1.00,0.00,0.00
PF21045,1.00,1.00,0.00,0.00
PF21317,1.00,1.00,0.00,0.00
PF21363,1.00,1.00,0.00,0.00
PF21365,0.84,1.00,-0.16,-16.00
PF21399,1.00,1.00,0.00,0.00
PF21530,1.00,1.00,0.00,0.00
PF21711,1.00,1.00,0.00,0.00
PF21771,1.00,1.00,0.00,0.00
