Pfam_code,HMMER_conservation,HMMER_blosum,HMMER_gaps,SEED_conservation,SEED_blosum,SEED_gaps
PF00001,0.37,0.88,0.04,0.24,0.83,0.38
PF00002,0.46,1.29,0.05,0.36,1.26,0.26
PF00004,0.47,1.24,0.05,0.37,1.16,0.26
PF00007,0.62,1.78,0.05,0.60,1.7,0.07
PF00008,0.49,1.71,0.09,0.41,1.47,0.17
PF00009,0.53,0.9,0.06,0.48,0.82,0.19
PF00010,0.45,1.43,0.07,0.41,1.17,0.10
PF00012,0.65,1.25,0.01,0.65,1.23,0.02
PF00013,0.37,1.08,0.10,0.38,1.06,0.15
PF00014,0.55,2.49,0.01,0.50,2.42,0.09
PF00017,0.46,1.44,0.02,0.39,1.47,0.18
PF00018,0.44,1.69,0.05,0.44,1.68,0.06
PF00020,0.56,1.34,0.05,0.65,1.97,0.09
PF00021,0.36,0.37,0.11,0.39,0.6,0.20
PF00023,0.45,1.71,0.14,0.23,1.2,0.49
PF00024,0.46,1.27,0.05,0.39,1.08,0.19
PF00025,0.63,2.21,0.02,0.62,2.16,0.03
PF00026,0.68,2.01,0.01,0.68,1.96,0.02
PF00027,0.52,1.09,0.05,0.55,0.97,0.03
PF00028,0.37,0.61,0.06,0.36,0.4,0.12
PF00030,0.43,1.37,0.06,0.44,1.41,0.12
PF00031,0.46,0.81,0.03,0.44,0.73,0.06
PF00035,0.44,0.65,0.04,0.44,0.56,0.04
PF00038,0.58,1.99,0.01,0.56,1.99,0.03
PF00041,0.30,0.72,0.14,0.25,0.39,0.24
PF00043,0.44,0.45,0.06,0.44,0.44,0.05
PF00044,0.77,3.21,0.02,0.77,3.1,0.00
PF00045,0.39,1.07,0.08,0.32,0.94,0.20
PF00046,0.52,1.68,0.01,0.53,1.7,0.00
PF00047,0.34,0.38,0.09,0.29,0.14,0.15
PF00049,1.00,,0.00,1.00,,0.00
PF00050,1.00,,0.00,1.00,,0.00
PF00051,0.69,3.33,0.01,0.55,2.61,0.07
PF00052,0.60,0.9,0.04,0.60,0.98,0.04
PF00053,0.42,2.04,0.13,0.35,2.07,0.26
PF00054,0.40,0.84,0.04,0.35,0.71,0.16
PF00057,0.55,2.64,0.06,0.53,2.53,0.08
PF00058,0.44,1.38,0.04,0.58,0.54,0.11
PF00059,0.39,1.28,0.07,0.34,1.18,0.21
PF00060,0.54,1.41,0.02,0.49,1.1,0.06
PF00061,0.31,0.21,0.10,0.30,0.14,0.12
PF00062,1.00,,0.00,1.00,,0.00
PF00063,1.00,,0.00,1.00,,0.00
PF00067,0.40,0.52,0.04,0.37,0.48,0.11
PF00068,0.67,2.71,0.04,0.65,2.67,0.06
PF00069,0.47,1.0,0.05,0.38,0.96,0.25
PF00071,0.60,2.05,0.00,0.59,2.02,0.01
PF00074,1.00,,0.00,1.00,,0.00
PF00075,1.00,,0.00,1.00,,0.00
PF00076,0.39,1.04,0.08,0.40,0.93,0.08
PF00077,1.00,,0.00,1.00,,0.00
PF00078,1.00,,0.00,1.00,,0.00
PF00079,0.53,1.66,0.02,0.48,1.66,0.11
PF00081,1.00,,0.00,1.00,,0.00
PF00082,1.00,,0.00,1.00,,0.00
PF00083,1.00,,0.00,1.00,,0.00
PF00084,0.43,1.48,0.04,0.47,0.72,0.10
PF00086,0.37,2.36,0.32,0.61,1.37,0.07
PF00088,0.62,1.87,0.06,1.00,,0.00
PF00089,0.48,1.57,0.04,0.38,1.48,0.24
PF00090,0.52,2.2,0.04,0.47,2.05,0.15
PF00091,0.70,1.91,0.01,0.66,1.67,0.06
PF00092,0.38,1.01,0.06,0.26,0.91,0.34
PF00093,0.51,2.01,0.04,0.40,1.89,0.23
PF00094,0.39,0.95,0.05,0.41,0.76,0.08
PF00095,0.61,2.56,0.04,0.53,2.27,0.16
PF00096,0.55,2.53,0.01,0.40,1.85,0.08
PF00097,0.65,1.66,0.05,0.65,1.66,0.07
PF00098,0.67,3.46,0.06,0.56,2.09,0.00
PF00102,0.52,2.02,0.03,0.46,1.95,0.13
PF00103,0.88,3.92,0.00,0.86,3.72,0.02
PF00105,0.64,3.25,0.02,0.64,3.11,0.01
PF00106,0.52,0.96,0.03,0.49,1.01,0.09
PF00108,1.00,,0.00,1.00,,0.00
PF00109,1.00,,0.00,1.00,,0.00
PF00112,0.57,2.07,0.04,0.51,2.04,0.14
PF00117,0.57,1.33,0.06,0.56,1.27,0.08
PF00118,1.00,,0.00,1.00,,0.00
PF00120,1.00,,0.00,1.00,,0.00
PF00125,0.59,0.35,0.04,0.57,0.17,0.04
PF00129,0.73,2.87,0.01,0.73,2.86,0.01
PF00130,0.47,1.95,0.06,0.43,1.76,0.15
PF00133,1.00,,0.00,1.00,,0.00
PF00134,0.66,1.94,0.01,0.66,1.91,0.01
PF00135,0.52,1.47,0.03,0.47,1.46,0.15
PF00136,1.00,,0.00,1.00,,0.00
PF00143,0.69,1.66,0.01,0.69,1.64,0.00
PF00146,1.00,,0.00,1.00,,0.00
PF00147,0.77,3.04,0.00,0.77,3.02,0.00
PF00149,0.34,0.15,0.09,0.24,-0.04,0.41
PF00151,1.00,,0.00,1.00,,0.00
PF00152,1.00,,0.00,1.00,,0.00
PF00153,0.38,0.85,0.06,0.37,0.75,0.11
PF00155,1.00,,0.00,1.00,,0.00
PF00167,0.69,2.01,0.02,0.68,1.94,0.02
PF00168,0.31,0.77,0.16,0.21,0.61,0.41
PF00169,0.30,0.46,0.14,0.21,0.33,0.39
PF00170,0.56,1.54,0.07,0.56,1.4,0.03
PF00171,1.00,,0.00,1.00,,0.00
PF00173,0.64,1.2,0.02,0.63,1.15,0.04
PF00175,1.00,,0.00,1.00,,0.00
PF00176,0.57,1.3,0.03,0.54,1.29,0.11
PF00179,0.57,1.4,0.03,0.57,1.35,0.03
PF00188,1.00,,0.00,1.00,,0.00
PF00191,0.48,1.38,0.01,0.48,1.36,0.01
PF00194,0.59,1.57,0.04,0.56,1.56,0.09
PF00201,0.71,2.96,0.01,0.70,2.96,0.01
PF00202,1.00,,0.00,1.00,,0.00
PF00206,0.58,0.2,0.03,0.58,0.2,0.06
PF00207,0.53,1.86,0.03,0.52,1.83,0.05
PF00209,0.74,2.68,0.01,0.74,2.66,0.01
PF00211,0.55,1.84,0.02,0.58,2.14,0.07
PF00213,1.00,,0.00,1.00,,0.00
PF00215,1.00,,0.00,1.00,,0.00
PF00217,1.00,,0.00,1.00,,0.00
PF00220,0.89,5.22,0.00,0.89,5.22,0.00
PF00224,1.00,,0.00,1.00,,0.00
PF00225,0.53,1.71,0.03,0.39,1.64,0.30
PF00226,0.66,2.62,0.04,0.64,2.56,0.08
PF00229,0.42,0.75,0.04,0.36,0.72,0.18
PF00230,0.74,2.61,0.01,0.74,2.63,0.02
PF00232,0.54,2.52,0.20,0.72,2.54,0.01
PF00236,1.00,,0.00,1.00,,0.00
PF00240,0.41,0.79,0.06,0.38,0.71,0.13
PF00245,1.00,,0.00,1.00,,0.00
PF00246,0.57,1.6,0.04,0.54,1.55,0.09
PF00249,0.43,1.27,0.06,0.43,0.98,0.06
PF00254,0.53,1.59,0.05,0.54,1.14,0.05
PF00255,0.70,,0.01,0.69,,0.03
PF00258,0.53,1.57,0.05,0.45,1.51,0.23
PF00261,1.00,,0.00,1.00,,0.00
PF00270,0.43,0.94,0.07,0.39,1.04,0.23
PF00271,0.40,1.15,0.08,0.31,1.04,0.28
PF00282,1.00,,0.00,1.00,,0.00
PF00287,1.00,,0.00,1.00,,0.00
PF00288,0.49,0.89,0.11,0.45,0.72,0.19
PF00289,1.00,,0.00,1.00,,0.00
PF00292,0.87,3.99,0.00,0.87,3.99,0.00
PF00293,0.39,0.41,0.17,0.35,0.15,0.21
PF00297,0.50,,0.50,1.00,,0.00
PF00307,0.34,0.71,0.06,0.28,0.61,0.24
PF00313,0.54,1.8,0.05,1.00,,0.00
PF00320,0.54,1.45,0.04,0.54,1.32,0.04
PF00324,1.00,,0.00,1.00,,0.00
PF00328,0.90,4.25,0.00,0.86,3.94,0.02
PF00334,1.00,,0.00,1.00,,0.00
PF00335,0.42,0.87,0.06,0.34,0.89,0.25
PF00337,0.51,1.5,0.05,0.49,1.44,0.08
PF00340,0.59,0.43,0.08,0.58,0.37,0.09
PF00341,1.00,,0.00,1.00,,0.00
PF00342,1.00,,0.00,1.00,,0.00
PF00350,1.00,,0.00,1.00,,0.00
PF00354,0.76,2.84,0.00,0.76,2.84,0.01
PF00357,0.71,3.32,0.06,0.72,3.0,0.00
PF00364,0.59,1.59,0.02,0.59,1.57,0.01
PF00370,1.00,,0.00,1.00,,0.00
PF00373,0.49,1.03,0.04,0.47,0.99,0.09
PF00378,0.60,0.66,0.02,0.60,0.63,0.03
PF00382,0.57,0.1,0.00,0.56,0.01,0.02
PF00383,0.57,0.45,0.08,0.56,0.24,0.14
PF00384,1.00,,0.00,1.00,,0.00
PF00385,0.44,1.75,0.11,0.36,1.54,0.28
PF00386,0.45,1.11,0.03,0.43,1.13,0.08
PF00388,0.71,2.97,0.00,0.69,2.94,0.02
PF00389,0.50,,0.50,1.00,,0.00
PF00390,0.84,3.8,0.00,0.84,3.8,0.00
PF00394,1.00,,0.00,1.00,,0.00
PF00396,0.64,3.32,0.01,0.64,3.29,0.00
PF00397,0.57,1.87,0.04,0.58,1.7,0.02
PF00400,0.34,1.16,0.14,0.18,0.7,0.47
PF00405,0.61,2.45,0.03,0.69,2.69,0.05
PF00406,0.50,,0.50,1.00,,0.00
PF00412,0.42,1.4,0.06,0.41,1.26,0.06
PF00413,0.67,2.73,0.02,0.64,2.73,0.06
PF00415,0.56,1.94,0.03,0.61,0.67,0.06
PF00420,1.00,,0.00,1.00,,0.00
PF00431,0.46,1.52,0.04,0.45,1.49,0.09
PF00432,0.65,1.31,0.01,0.42,0.65,0.03
PF00435,0.31,0.61,0.06,0.28,0.57,0.15
PF00439,0.44,1.32,0.11,0.46,0.6,0.07
PF00443,0.22,0.96,0.57,0.35,0.7,0.39
PF00447,1.00,,0.00,1.00,,0.00
PF00448,1.00,,0.00,1.00,,0.00
PF00450,1.00,,0.00,1.00,,0.00
PF00454,0.57,2.14,0.10,0.56,2.11,0.13
PF00459,1.00,,0.00,1.00,,0.00
PF00462,0.84,4.0,0.01,0.84,3.85,0.00
PF00464,0.85,3.75,0.00,0.85,3.76,0.00
PF00467,0.50,1.04,0.09,0.42,0.75,0.04
PF00473,1.00,,0.00,1.00,,0.00
PF00474,0.84,3.86,0.00,0.83,3.79,0.00
PF00481,0.49,0.71,0.04,0.43,0.59,0.16
PF00487,1.00,,0.00,1.00,,0.00
PF00488,1.00,,0.00,1.00,,0.00
PF00491,1.00,,0.00,1.00,,0.00
PF00498,0.39,0.69,0.04,0.30,0.63,0.26
PF00501,0.45,0.99,0.12,0.44,1.26,0.22
PF00503,0.71,2.59,0.01,0.70,2.55,0.03
PF00505,0.46,1.27,0.03,0.52,1.22,0.00
PF00514,0.36,0.81,0.08,0.30,0.56,0.14
PF00515,0.44,1.24,0.10,0.40,0.82,0.00
PF00520,0.36,1.02,0.08,0.19,0.68,0.48
PF00530,0.51,2.02,0.06,0.44,1.7,0.17
PF00531,0.36,0.7,0.10,0.35,0.56,0.11
PF00533,0.33,0.46,0.06,0.27,0.27,0.20
PF00535,0.46,0.45,0.07,0.44,0.2,0.07
PF00536,0.40,1.02,0.06,0.37,0.92,0.13
PF00554,1.00,,0.00,1.00,,0.00
PF00560,0.45,1.61,0.17,0.31,0.28,0.13
PF00561,0.42,-0.33,0.02,0.41,-0.37,0.10
PF00564,0.38,0.71,0.08,0.38,0.66,0.09
PF00567,0.36,0.69,0.08,0.41,0.64,0.07
PF00568,0.58,0.38,0.05,0.57,0.33,0.05
PF00571,0.62,1.19,0.06,0.37,0.33,0.23
PF00573,1.00,,0.00,1.00,,0.00
PF00579,1.00,,0.00,1.00,,0.00
PF00583,0.38,0.22,0.19,0.37,-0.17,0.16
PF00587,1.00,,0.00,1.00,,0.00
PF00588,1.00,,0.00,1.00,,0.00
PF00591,1.00,,0.00,1.00,,0.00
PF00595,0.42,0.91,0.06,0.39,0.86,0.13
PF00596,1.00,,0.00,1.00,,0.00
PF00607,1.00,,0.00,1.00,,0.00
PF00609,0.65,2.02,0.01,0.62,1.99,0.08
PF00610,0.47,1.31,0.07,0.39,0.88,0.15
PF00612,0.44,1.59,0.10,0.44,1.21,0.00
PF00613,0.53,1.18,0.10,0.53,1.02,0.08
PF00615,0.46,1.22,0.02,0.44,1.23,0.06
PF00616,1.00,,0.00,1.00,,0.00
PF00618,0.46,0.44,0.13,0.42,0.19,0.26
PF00619,0.36,0.62,0.06,0.33,0.49,0.10
PF00620,0.43,1.22,0.03,0.33,1.18,0.26
PF00621,0.43,0.94,0.02,0.36,0.89,0.21
PF00622,0.38,0.66,0.10,0.33,0.66,0.24
PF00623,0.72,2.2,0.00,0.70,2.19,0.05
PF00625,0.58,0.4,0.06,0.57,0.37,0.09
PF00626,0.36,0.66,0.05,0.31,0.53,0.14
PF00627,0.44,1.15,0.04,0.43,1.02,0.04
PF00628,0.45,2.17,0.05,0.36,1.93,0.22
PF00629,0.38,0.98,0.06,0.33,0.95,0.22
PF00630,0.44,1.6,0.11,0.50,0.99,0.12
PF00631,0.59,1.91,0.03,0.57,1.71,0.01
PF00632,0.67,1.7,0.02,0.65,1.54,0.07
PF00633,1.00,,0.00,1.00,,0.00
PF00634,0.52,1.48,0.02,1.00,,0.00
PF00635,0.55,1.17,0.10,0.53,0.91,0.09
PF00637,0.33,0.37,0.06,0.54,-0.39,0.04
PF00638,0.70,2.93,0.01,0.69,2.88,0.02
PF00640,0.47,1.12,0.05,0.44,1.29,0.18
PF00641,0.57,2.57,0.03,0.50,2.21,0.08
PF00642,0.48,2.16,0.12,0.45,1.55,0.04
PF00643,0.50,1.83,0.08,0.51,1.65,0.04
PF00644,0.58,0.54,0.10,0.57,0.54,0.15
PF00646,0.61,0.87,0.03,0.61,0.69,0.05
PF00650,1.00,,0.00,1.00,,0.00
PF00651,0.41,1.21,0.07,0.34,1.11,0.22
PF00652,0.40,0.84,0.09,0.36,0.81,0.19
PF00653,0.61,2.05,0.06,1.00,,0.00
PF00656,0.48,1.2,0.06,0.41,1.18,0.22
PF00657,1.00,,0.00,1.00,,0.00
PF00664,0.47,0.78,0.01,0.40,-0.02,0.05
PF00665,1.00,,0.00,1.00,,0.00
PF00666,1.00,,0.00,1.00,,0.00
PF00667,0.78,3.0,0.01,0.77,2.95,0.02
PF00670,1.00,,0.00,1.00,,0.00
PF00675,0.58,0.48,0.04,0.58,0.49,0.05
PF00676,0.58,0.27,0.01,0.57,0.25,0.05
PF00679,1.00,,0.00,1.00,,0.00
PF00681,0.64,2.48,0.00,0.53,1.26,0.00
PF00682,1.00,,0.00,1.00,,0.00
PF00685,0.51,1.18,0.08,0.46,1.14,0.16
PF00689,1.00,,0.00,1.00,,0.00
PF00692,1.00,,0.00,1.00,,0.00
PF00694,1.00,,0.00,1.00,,0.00
PF00698,1.00,,0.00,1.00,,0.00
PF00702,0.44,0.46,0.08,0.38,0.34,0.27
PF00704,0.76,2.98,0.02,0.76,2.99,0.01
PF00705,1.00,,0.00,1.00,,0.00
PF00725,0.48,1.09,0.09,0.56,1.4,0.07
PF00730,0.28,0.51,0.47,0.48,0.54,0.13
PF00733,0.50,,0.50,1.00,,0.00
PF00743,0.73,2.9,0.00,0.73,2.88,0.00
PF00749,0.70,1.95,0.01,0.70,1.93,0.01
PF00750,1.00,,0.00,1.00,,0.00
PF00752,0.67,1.82,0.03,0.67,1.75,0.05
PF00754,0.51,1.81,0.06,0.44,1.68,0.17
PF00755,0.63,1.12,0.02,0.61,1.14,0.09
PF00756,1.00,,0.00,1.00,,0.00
PF00757,0.74,2.92,0.01,0.72,3.01,0.03
PF00780,0.47,0.34,0.03,0.44,0.33,0.18
PF00781,0.48,1.56,0.16,0.43,1.14,0.18
PF00782,0.63,2.19,0.02,0.61,2.17,0.06
PF00786,0.49,1.03,0.07,0.49,0.89,0.06
PF00787,0.40,1.0,0.04,0.27,0.88,0.33
PF00788,0.34,0.29,0.13,0.33,0.2,0.14
PF00789,0.50,0.88,0.02,0.48,0.81,0.05
PF00790,0.65,2.1,0.03,0.65,2.04,0.03
PF00792,0.48,1.15,0.10,0.46,1.07,0.15
PF00794,0.53,0.97,0.03,0.52,0.9,0.03
PF00797,1.00,,0.00,1.00,,0.00
PF00801,0.39,0.75,0.08,0.29,0.53,0.28
PF00808,1.00,,0.00,1.00,,0.00
PF00811,1.00,,0.00,1.00,,0.00
PF00822,0.49,1.35,0.04,0.46,1.33,0.12
PF00837,0.69,,0.00,0.66,,0.08
PF00839,0.38,1.11,0.05,0.49,0.84,0.09
PF00850,1.00,,0.00,1.00,,0.00
PF00852,0.96,5.3,0.03,0.98,5.26,0.00
PF00854,0.50,-0.72,0.42,1.00,,0.00
PF00856,0.55,0.26,0.23,0.52,-0.37,0.28
PF00865,1.00,,0.00,1.00,,0.00
PF00867,0.68,1.65,0.02,0.69,1.7,0.02
PF00870,0.80,3.35,0.00,0.80,3.28,0.01
PF00878,0.38,1.21,0.13,0.63,1.32,0.07
PF00879,1.00,,0.00,1.00,,0.00
PF00880,0.45,1.41,0.04,0.66,1.11,0.00
PF00884,0.59,1.46,0.07,0.54,1.52,0.16
PF00887,1.00,,0.00,1.00,,0.00
PF00891,1.00,,0.00,1.00,,0.00
PF00899,0.37,0.87,0.27,0.36,0.38,0.33
PF00903,1.00,,0.00,1.00,,0.00
PF00909,1.00,,0.00,1.00,,0.00
PF00916,0.69,1.98,0.00,0.68,1.88,0.01
PF00927,0.34,0.45,0.08,0.33,0.36,0.08
PF00928,0.48,0.32,0.02,0.44,0.36,0.18
PF00929,1.00,,0.00,1.00,,0.00
PF00930,0.60,0.55,0.03,0.58,0.51,0.11
PF00931,1.00,,0.00,1.00,,0.00
PF00932,1.00,,0.00,1.00,,0.00
PF00939,1.00,,0.00,1.00,,0.00
PF00941,1.00,,0.00,1.00,,0.00
PF00957,0.64,1.85,0.01,0.63,1.79,0.00
PF00965,1.00,,0.00,1.00,,0.00
PF00969,0.75,3.53,0.02,0.74,3.34,0.01
PF00970,0.79,3.46,0.01,0.79,3.39,0.00
PF00975,1.00,,0.00,1.00,,0.00
PF00989,0.62,1.05,0.05,0.60,0.93,0.07
PF00997,1.00,,0.00,1.00,,0.00
PF00999,0.63,2.17,0.03,0.59,1.95,0.07
PF01008,1.00,,0.00,1.00,,0.00
PF01019,0.60,1.5,0.02,0.58,1.44,0.06
PF01023,1.00,,0.00,1.00,,0.00
PF01026,1.00,,0.00,1.00,,0.00
PF01030,0.49,1.53,0.03,0.42,1.48,0.17
PF01039,0.67,1.82,0.03,0.65,1.9,0.08
PF01044,1.00,,0.00,1.00,,0.00
PF01049,1.00,,0.00,1.00,,0.00
PF01053,1.00,,0.00,1.00,,0.00
PF01064,0.62,1.57,0.05,0.62,1.72,0.06
PF01068,0.55,1.18,0.02,0.54,1.21,0.05
PF01071,1.00,,0.00,1.00,,0.00
PF01073,1.00,,0.00,1.00,,0.00
PF01074,0.67,1.71,0.00,0.64,1.45,0.06
PF01079,1.00,,0.00,1.00,,0.00
PF01093,0.61,0.95,0.02,0.61,1.02,0.06
PF01094,0.41,0.64,0.06,0.31,0.65,0.32
PF01099,0.55,1.11,0.02,0.54,1.13,0.06
PF01102,1.00,,0.00,1.00,,0.00
PF01105,0.69,2.25,0.01,0.67,2.28,0.05
PF01108,0.40,0.87,0.18,0.38,0.81,0.24
PF01109,1.00,,0.00,1.00,,0.00
PF01110,1.00,,0.00,1.00,,0.00
PF01112,1.00,,0.00,1.00,,0.00
PF01114,1.00,,0.00,1.00,,0.00
PF01119,1.00,,0.00,1.00,,0.00
PF01122,1.00,,0.00,1.00,,0.00
PF01124,1.00,,0.00,1.00,,0.00
PF01126,1.00,,0.00,1.00,,0.00
PF01129,0.67,1.54,0.02,0.65,1.54,0.07
PF01144,0.56,-0.16,0.06,0.56,-0.15,0.09
PF01148,1.00,,0.00,1.00,,0.00
PF01150,1.00,,0.00,1.00,,0.00
PF01151,0.62,0.99,0.04,0.61,0.93,0.04
PF01153,1.00,,0.00,1.00,,0.00
PF01163,0.58,1.55,0.04,0.57,1.47,0.06
PF01166,1.00,,0.00,1.00,,0.00
PF01167,1.00,,0.00,1.00,,0.00
PF01182,1.00,,0.00,1.00,,0.00
PF01187,1.00,,0.00,1.00,,0.00
PF01189,1.00,,0.00,1.00,,0.00
PF01202,1.00,,0.00,1.00,,0.00
PF01204,1.00,,0.00,1.00,,0.00
PF01213,1.00,,0.00,1.00,,0.00
PF01216,1.00,,0.00,1.00,,0.00
PF01217,1.00,,0.00,1.00,,0.00
PF01230,1.00,,0.00,1.00,,0.00
PF01231,1.00,,0.00,1.00,,0.00
PF01234,0.69,1.83,0.00,0.69,1.87,0.02
PF01238,1.00,,0.00,1.00,,0.00
PF01244,1.00,,0.00,1.00,,0.00
PF01248,0.44,0.87,0.11,0.43,0.57,0.09
PF01254,1.00,,0.00,1.00,,0.00
PF01271,0.56,0.45,0.19,0.57,0.61,0.17
PF01273,0.35,0.43,0.06,0.32,0.44,0.17
PF01284,0.38,0.54,0.07,0.36,0.51,0.14
PF01287,1.00,,0.00,1.00,,0.00
PF01291,1.00,,0.00,1.00,,0.00
PF01299,1.00,,0.00,1.00,,0.00
PF01323,1.00,,0.00,1.00,,0.00
PF01331,1.00,,0.00,1.00,,0.00
PF01344,0.45,1.55,0.08,0.43,1.29,0.10
PF01347,1.00,,0.00,1.00,,0.00
PF01352,0.70,2.13,0.05,1.00,,0.00
PF01363,0.59,2.59,0.06,0.58,2.38,0.03
PF01380,0.55,-0.21,0.03,0.56,-0.13,0.03
PF01387,1.00,,0.00,1.00,,0.00
PF01390,0.72,3.02,0.05,0.50,1.03,0.08
PF01391,0.57,2.2,0.03,0.56,2.09,0.00
PF01394,0.36,-0.18,0.06,0.57,-0.31,0.03
PF01396,1.00,,0.00,1.00,,0.00
PF01398,0.39,0.41,0.07,0.34,0.3,0.25
PF01399,0.32,0.46,0.10,0.26,0.3,0.27
PF01400,0.64,2.13,0.02,0.63,2.08,0.02
PF01401,0.77,3.1,0.00,0.77,3.09,0.00
PF01410,0.89,4.56,0.00,0.89,4.56,0.00
PF01411,1.00,,0.00,1.00,,0.00
PF01412,0.56,1.34,0.02,0.56,1.22,0.02
PF01417,1.00,,0.00,1.00,,0.00
PF01421,0.52,1.62,0.02,0.51,1.62,0.05
PF01425,1.00,,0.00,1.00,,0.00
PF01426,0.45,0.44,0.05,0.36,0.1,0.29
PF01429,0.53,1.21,0.04,0.53,1.16,0.02
PF01431,1.00,,0.00,1.00,,0.00
PF01432,1.00,,0.00,1.00,,0.00
PF01433,0.69,2.62,0.00,0.67,2.61,0.03
PF01434,1.00,,0.00,1.00,,0.00
PF01435,1.00,,0.00,1.00,,0.00
PF01436,0.47,1.4,0.01,0.39,0.98,0.09
PF01437,0.39,1.81,0.13,0.22,1.48,0.48
PF01442,0.52,0.2,0.35,1.00,,0.00
PF01451,1.00,,0.00,1.00,,0.00
PF01459,1.00,,0.00,1.00,,0.00
PF01462,0.48,1.49,0.03,0.39,1.36,0.20
PF01463,0.39,1.15,0.05,0.43,0.89,0.04
PF01467,1.00,,0.00,1.00,,0.00
PF01471,0.49,1.33,0.03,0.43,1.11,0.13
PF01472,1.00,,0.00,1.00,,0.00
PF01477,0.39,0.85,0.11,0.34,0.78,0.22
PF01483,1.00,,0.00,1.00,,0.00
PF01485,1.00,,0.00,1.00,,0.00
PF01490,1.00,,0.00,1.00,,0.00
PF01496,1.00,,0.00,1.00,,0.00
PF01500,0.63,5.62,0.34,0.86,5.4,0.09
PF01510,0.63,2.38,0.09,0.67,2.06,0.05
PF01529,1.00,,0.00,1.00,,0.00
PF01531,1.00,,0.00,1.00,,0.00
PF01532,0.61,2.0,0.04,0.58,2.05,0.10
PF01535,0.47,0.97,0.21,0.44,0.74,0.00
PF01551,1.00,,0.00,1.00,,0.00
PF01553,0.52,1.01,0.04,0.49,0.95,0.11
PF01562,1.00,,0.00,1.00,,0.00
PF01564,0.62,0.84,0.02,0.62,0.83,0.06
PF01575,1.00,,0.00,1.00,,0.00
PF01582,0.43,0.99,0.11,0.41,0.85,0.15
PF01583,1.00,,0.00,1.00,,0.00
PF01585,0.54,1.86,0.04,0.51,1.71,0.07
PF01588,0.82,3.47,0.01,0.81,3.39,0.02
PF01590,0.57,0.41,0.08,0.57,0.29,0.09
PF01591,1.00,,0.00,1.00,,0.00
PF01593,1.00,,0.00,1.00,,0.00
PF01602,0.48,0.9,0.02,0.44,0.88,0.15
PF01612,1.00,,0.00,1.00,,0.00
PF01624,0.57,-0.01,0.05,0.55,-0.08,0.09
PF01630,1.00,,0.00,1.00,,0.00
PF01650,1.00,,0.00,1.00,,0.00
PF01661,0.50,0.93,0.03,0.55,1.06,0.03
PF01663,0.65,2.23,0.02,0.64,2.25,0.05
PF01667,1.00,,0.00,1.00,,0.00
PF01694,0.54,0.88,0.03,0.52,0.76,0.07
PF01699,0.44,0.33,0.04,0.57,0.17,0.05
PF01712,0.66,2.36,0.02,0.61,2.22,0.09
PF01729,1.00,,0.00,1.00,,0.00
PF01731,0.86,4.07,0.00,0.86,4.07,0.00
PF01733,0.71,2.17,0.01,0.69,2.2,0.07
PF01740,0.62,1.81,0.03,0.54,1.27,0.08
PF01751,1.00,,0.00,1.00,,0.00
PF01753,0.55,2.53,0.03,0.45,2.49,0.24
PF01755,1.00,,0.00,1.00,,0.00
PF01756,1.00,,0.00,1.00,,0.00
PF01758,0.66,1.43,0.02,0.65,1.35,0.02
PF01759,0.38,0.53,0.09,0.35,0.46,0.12
PF01762,1.00,,0.00,1.00,,0.00
PF01770,0.72,2.31,0.01,0.70,2.29,0.04
PF01812,1.00,,0.00,1.00,,0.00
PF01822,0.50,1.35,0.08,0.52,1.22,0.12
PF01823,1.00,,0.00,1.00,,0.00
PF01825,1.00,,0.00,1.00,,0.00
PF01826,0.51,2.39,0.04,0.53,2.49,0.11
PF01833,0.33,0.82,0.15,0.28,0.34,0.29
PF01835,0.68,2.22,0.02,0.68,2.19,0.02
PF01839,0.52,2.3,0.04,0.46,2.35,0.15
PF01842,1.00,,0.00,1.00,,0.00
PF01846,0.43,1.18,0.03,0.47,1.21,0.09
PF01852,0.47,0.53,0.06,0.45,0.41,0.08
PF01878,1.00,,0.00,1.00,,0.00
PF01896,1.00,,0.00,1.00,,0.00
PF01909,0.49,0.8,0.20,0.47,0.23,0.14
PF01920,0.47,0.29,0.01,0.46,0.26,0.01
PF01926,0.45,1.17,0.21,0.39,0.9,0.28
PF01963,1.00,,0.00,1.00,,0.00
PF01966,1.00,,0.00,1.00,,0.00
PF01991,1.00,,0.00,1.00,,0.00
PF02002,1.00,,0.00,1.00,,0.00
PF02005,1.00,,0.00,1.00,,0.00
PF02022,1.00,,0.00,1.00,,0.00
PF02023,0.62,0.88,0.02,0.62,0.69,0.00
PF02024,1.00,,0.00,1.00,,0.00
PF02037,0.72,2.53,0.03,0.72,2.41,0.00
PF02038,0.63,2.09,0.04,0.63,1.85,0.00
PF02055,1.00,,0.00,1.00,,0.00
PF02058,0.69,2.23,0.02,0.68,2.23,0.07
PF02063,1.00,,0.00,1.00,,0.00
PF02077,1.00,,0.00,1.00,,0.00
PF02083,1.00,,0.00,1.00,,0.00
PF02101,1.00,,0.00,1.00,,0.00
PF02106,1.00,,0.00,1.00,,0.00
PF02136,1.00,,0.00,1.00,,0.00
PF02140,1.00,,0.00,1.00,,0.00
PF02141,0.59,1.7,0.03,0.59,1.67,0.04
PF02142,0.57,-0.2,0.03,0.56,-0.26,0.10
PF02148,0.70,2.07,0.02,0.65,1.9,0.11
PF02171,1.00,,0.00,1.00,,0.00
PF02172,1.00,,0.00,1.00,,0.00
PF02173,1.00,,0.00,1.00,,0.00
PF02174,0.74,2.28,0.02,0.73,2.14,0.00
PF02176,0.51,1.53,0.04,0.50,1.52,0.05
PF02181,0.47,1.19,0.02,0.44,1.16,0.08
PF02197,0.68,1.72,0.03,0.68,1.55,0.00
PF02198,0.49,1.32,0.02,0.46,1.21,0.07
PF02204,1.00,,0.00,1.00,,0.00
PF02205,0.53,1.61,0.13,0.52,1.27,0.06
PF02210,0.33,0.72,0.04,0.20,0.71,0.44
PF02212,1.00,,0.00,1.00,,0.00
PF02214,0.58,2.15,0.02,0.56,2.08,0.05
PF02219,1.00,,0.00,1.00,,0.00
PF02221,1.00,,0.00,1.00,,0.00
PF02223,1.00,,0.00,1.00,,0.00
PF02230,1.00,,0.00,1.00,,0.00
PF02259,1.00,,0.00,1.00,,0.00
PF02263,0.62,2.27,0.03,0.59,2.24,0.08
PF02269,0.64,1.43,0.02,0.64,1.34,0.02
PF02272,1.00,,0.00,1.00,,0.00
PF02275,1.00,,0.00,1.00,,0.00
PF02295,0.59,0.83,0.02,0.59,0.78,0.01
PF02297,1.00,,0.00,1.00,,0.00
PF02301,1.00,,0.00,1.00,,0.00
PF02319,1.00,,0.00,1.00,,0.00
PF02337,1.00,,0.00,1.00,,0.00
PF02338,0.48,0.4,0.08,0.43,0.37,0.25
PF02344,1.00,,0.00,1.00,,0.00
PF02347,1.00,,0.00,1.00,,0.00
PF02351,0.53,-0.25,0.28,1.00,,0.00
PF02366,0.69,1.84,0.01,0.66,1.74,0.05
PF02368,1.00,,0.00,1.00,,0.00
PF02373,0.55,1.45,0.03,0.54,1.46,0.05
PF02374,1.00,,0.00,1.00,,0.00
PF02389,1.00,,0.00,1.00,,0.00
PF02423,1.00,,0.00,1.00,,0.00
PF02434,0.48,1.42,0.21,0.61,1.79,0.07
PF02441,1.00,,0.00,1.00,,0.00
PF02469,0.37,0.89,0.10,0.36,0.82,0.14
PF02485,0.72,2.47,0.01,0.71,2.39,0.03
PF02493,0.45,1.94,0.14,0.47,1.43,0.01
PF02494,0.79,3.32,0.00,0.79,3.3,0.00
PF02516,1.00,,0.00,1.00,,0.00
PF02518,0.87,3.92,0.01,0.78,3.47,0.10
PF02535,0.44,1.03,0.26,0.52,1.2,0.15
PF02544,0.79,3.17,0.00,0.79,3.19,0.00
PF02597,1.00,,0.00,1.00,,0.00
PF02636,1.00,,0.00,1.00,,0.00
PF02637,1.00,,0.00,1.00,,0.00
PF02678,1.00,,0.00,1.00,,0.00
PF02709,1.00,,0.00,1.00,,0.00
PF02727,0.72,2.06,0.00,0.72,2.06,0.00
PF02728,1.00,,0.00,1.00,,0.00
PF02732,1.00,,0.00,1.00,,0.00
PF02744,1.00,,0.00,1.00,,0.00
PF02750,1.00,,0.00,1.00,,0.00
PF02752,0.53,1.32,0.06,0.51,1.27,0.07
PF02758,0.64,1.14,0.01,0.63,1.23,0.06
PF02759,0.51,0.91,0.05,0.43,0.82,0.24
PF02760,1.00,,0.00,1.00,,0.00
PF02769,0.39,-0.12,0.11,0.43,-0.21,0.12
PF02771,0.64,1.1,0.01,0.62,1.06,0.03
PF02779,0.60,1.16,0.04,0.55,1.1,0.16
PF02780,1.00,,0.00,1.00,,0.00
PF02781,1.00,,0.00,1.00,,0.00
PF02784,1.00,,0.00,1.00,,0.00
PF02785,1.00,,0.00,1.00,,0.00
PF02786,0.52,0.84,0.03,0.61,0.63,0.03
PF02793,0.55,1.85,0.09,0.53,1.57,0.11
PF02798,0.48,0.19,0.06,0.47,0.18,0.09
PF02801,1.00,,0.00,1.00,,0.00
PF02803,0.73,2.34,0.01,0.73,2.3,0.01
PF02806,1.00,,0.00,1.00,,0.00
PF02815,0.61,0.68,0.01,0.60,0.66,0.05
PF02816,1.00,,0.00,1.00,,0.00
PF02818,0.76,3.25,0.01,0.72,2.54,0.01
PF02824,0.60,0.55,0.00,0.59,0.62,0.09
PF02827,1.00,,0.00,1.00,,0.00
PF02836,1.00,,0.00,1.00,,0.00
PF02841,0.89,3.95,0.00,0.89,3.95,0.00
PF02845,0.60,0.9,0.02,0.60,0.71,0.00
PF02847,1.00,,0.00,1.00,,0.00
PF02852,0.71,2.18,0.00,0.70,2.18,0.02
PF02854,0.36,0.29,0.07,0.35,0.4,0.20
PF02870,1.00,,0.00,1.00,,0.00
PF02872,1.00,,0.00,1.00,,0.00
PF02880,1.00,,0.00,1.00,,0.00
PF02882,1.00,,0.00,1.00,,0.00
PF02883,0.55,-0.2,0.05,0.55,-0.24,0.08
PF02886,0.57,1.22,0.00,0.57,1.21,0.00
PF02889,0.48,1.14,0.03,0.48,0.6,0.08
PF02892,0.66,2.56,0.00,0.59,2.52,0.11
PF02893,0.39,0.22,0.08,0.36,0.09,0.17
PF02897,1.00,,0.00,1.00,,0.00
PF02902,1.00,,0.00,1.00,,0.00
PF02922,1.00,,0.00,1.00,,0.00
PF02931,0.45,1.25,0.07,0.44,1.23,0.08
PF02932,0.81,3.29,0.04,0.79,3.0,0.04
PF02969,0.69,2.17,0.02,0.69,2.06,0.01
PF02984,0.56,0.12,0.06,0.55,0.04,0.10
PF02985,0.48,1.01,0.07,0.38,0.49,0.03
PF02994,1.00,,0.00,1.00,,0.00
PF03016,1.00,,0.00,1.00,,0.00
PF03024,0.51,1.11,0.05,0.47,1.13,0.18
PF03031,1.00,,0.00,1.00,,0.00
PF03051,1.00,,0.00,1.00,,0.00
PF03054,1.00,,0.00,1.00,,0.00
PF03061,0.47,0.95,0.05,0.50,0.62,0.06
PF03062,0.45,0.49,0.08,0.43,0.37,0.12
PF03068,0.74,3.16,0.03,0.73,3.15,0.04
PF03071,1.00,,0.00,1.00,,0.00
PF03083,0.61,0.81,0.02,0.61,0.74,0.00
PF03096,1.00,,0.00,1.00,,0.00
PF03098,1.00,,0.00,1.00,,0.00
PF03099,1.00,,0.00,1.00,,0.00
PF03104,1.00,,0.00,1.00,,0.00
PF03109,1.00,,0.00,1.00,,0.00
PF03114,0.48,0.39,0.06,0.47,0.38,0.11
PF03129,0.41,0.2,0.03,0.40,0.17,0.09
PF03131,1.00,,0.00,1.00,,0.00
PF03133,0.48,0.79,0.04,0.44,0.7,0.14
PF03137,0.50,,0.50,1.00,,0.00
PF03143,1.00,,0.00,1.00,,0.00
PF03144,0.56,1.09,0.05,0.55,1.06,0.05
PF03151,1.00,,0.00,1.00,,0.00
PF03153,1.00,,0.00,1.00,,0.00
PF03155,0.62,1.04,0.06,0.60,1.04,0.11
PF03160,1.00,,0.00,1.00,,0.00
PF03165,0.67,1.71,0.02,0.65,1.68,0.07
PF03171,0.86,4.48,0.04,0.77,3.44,0.07
PF03179,0.75,2.92,0.01,0.75,2.92,0.00
PF03184,0.53,0.99,0.04,0.53,0.98,0.06
PF03185,1.00,,0.00,1.00,,0.00
PF03188,0.71,2.23,0.01,0.71,2.18,0.01
PF03190,1.00,,0.00,1.00,,0.00
PF03200,1.00,,0.00,1.00,,0.00
PF03215,1.00,,0.00,1.00,,0.00
PF03221,0.51,1.66,0.09,0.49,1.48,0.10
PF03226,1.00,,0.00,1.00,,0.00
PF03259,1.00,,0.00,1.00,,0.00
PF03281,0.59,0.84,0.09,0.57,1.06,0.20
PF03299,1.00,,0.00,1.00,,0.00
PF03332,0.84,3.76,0.01,0.84,3.74,0.01
PF03351,0.48,0.55,0.07,0.48,0.49,0.06
PF03357,0.43,0.83,0.03,0.40,0.79,0.10
PF03364,1.00,,0.00,1.00,,0.00
PF03370,0.61,2.11,0.09,0.56,1.69,0.17
PF03372,0.37,0.07,0.05,0.27,-0.03,0.37
PF03378,1.00,,0.00,1.00,,0.00
PF03388,1.00,,0.00,1.00,,0.00
PF03399,1.00,,0.00,1.00,,0.00
PF03402,1.00,,0.00,1.00,,0.00
PF03403,0.71,2.25,0.01,0.71,2.27,0.02
PF03404,1.00,,0.00,1.00,,0.00
PF03414,1.00,,0.00,1.00,,0.00
PF03435,1.00,,0.00,1.00,,0.00
PF03446,1.00,,0.00,1.00,,0.00
PF03450,1.00,,0.00,1.00,,0.00
PF03454,1.00,,0.00,1.00,,0.00
PF03464,1.00,,0.00,1.00,,0.00
PF03465,1.00,,0.00,1.00,,0.00
PF03487,1.00,,0.00,1.00,,0.00
PF03516,0.69,2.86,0.02,0.70,2.54,0.04
PF03533,1.00,,0.00,1.00,,0.00
PF03567,0.47,0.86,0.10,0.39,0.89,0.32
PF03572,0.57,1.72,0.04,1.00,,0.00
PF03607,0.66,1.34,0.03,0.65,1.32,0.04
PF03630,1.00,,0.00,1.00,,0.00
PF03643,1.00,,0.00,1.00,,0.00
PF03656,1.00,,0.00,1.00,,0.00
PF03670,1.00,,0.00,1.00,,0.00
PF03700,1.00,,0.00,1.00,,0.00
PF03725,1.00,,0.00,1.00,,0.00
PF03731,0.57,0.15,0.03,0.56,0.14,0.09
PF03770,0.52,1.16,0.07,0.45,1.15,0.31
PF03798,0.40,-0.11,0.05,0.37,-0.11,0.14
PF03803,0.72,2.87,0.01,0.72,2.84,0.01
PF03807,0.59,0.6,0.04,0.58,0.61,0.06
PF03810,0.63,1.09,0.01,0.61,0.99,0.05
PF03815,0.71,2.47,0.06,0.73,2.26,0.00
PF03828,0.76,2.86,0.03,0.75,2.77,0.02
PF03847,1.00,,0.00,1.00,,0.00
PF03901,1.00,,0.00,1.00,,0.00
PF03908,1.00,,0.00,1.00,,0.00
PF03921,0.59,1.55,0.02,0.59,1.55,0.02
PF03931,1.00,,0.00,1.00,,0.00
PF03949,0.76,2.85,0.01,0.76,2.84,0.01
PF03953,0.62,1.08,0.00,0.61,1.04,0.03
PF03954,1.00,,0.00,1.00,,0.00
PF03957,1.00,,0.00,1.00,,0.00
PF03959,1.00,,0.00,1.00,,0.00
PF03992,0.64,2.23,0.03,0.64,2.11,0.00
PF03999,1.00,,0.00,1.00,,0.00
PF04006,1.00,,0.00,1.00,,0.00
PF04053,1.00,,0.00,1.00,,0.00
PF04055,0.37,-0.02,0.09,0.33,-0.06,0.25
PF04057,1.00,,0.00,1.00,,0.00
PF04072,1.00,,0.00,1.00,,0.00
PF04095,1.00,,0.00,1.00,,0.00
PF04099,1.00,,0.00,1.00,,0.00
PF04100,1.00,,0.00,1.00,,0.00
PF04103,0.41,0.69,0.08,0.39,0.67,0.12
PF04110,1.00,,0.00,1.00,,0.00
PF04114,1.00,,0.00,1.00,,0.00
PF04140,1.00,,0.00,1.00,,0.00
PF04142,0.73,2.25,0.01,0.72,2.23,0.02
PF04177,1.00,,0.00,1.00,,0.00
PF04188,1.00,,0.00,1.00,,0.00
PF04191,1.00,,0.00,1.00,,0.00
PF04193,0.43,0.25,0.12,0.61,0.25,0.00
PF04209,1.00,,0.00,1.00,,0.00
PF04218,1.00,,0.00,1.00,,0.00
PF04258,1.00,,0.00,1.00,,0.00
PF04266,1.00,,0.00,1.00,,0.00
PF04280,1.00,,0.00,1.00,,0.00
PF04300,1.00,,0.00,1.00,,0.00
PF04326,1.00,,0.00,1.00,,0.00
PF04360,1.00,,0.00,1.00,,0.00
PF04434,1.00,,0.00,1.00,,0.00
PF04438,1.00,,0.00,1.00,,0.00
PF04488,1.00,,0.00,1.00,,0.00
PF04499,1.00,,0.00,1.00,,0.00
PF04500,0.86,4.31,0.00,1.00,,0.00
PF04503,1.00,,0.00,1.00,,0.00
PF04538,0.57,0.17,0.05,0.54,0.08,0.22
PF04547,1.00,,0.00,1.00,,0.00
PF04548,0.58,2.09,0.04,0.56,1.98,0.07
PF04549,1.00,,0.00,1.00,,0.00
PF04560,0.76,2.99,0.01,0.74,2.83,0.03
PF04564,0.60,1.64,0.01,0.57,1.6,0.07
PF04579,1.00,,0.00,1.00,,0.00
PF04588,1.00,,0.00,1.00,,0.00
PF04593,1.00,,0.00,1.00,,0.00
PF04598,0.51,1.0,0.02,0.51,0.99,0.03
PF04603,1.00,,0.00,1.00,,0.00
PF04628,1.00,,0.00,1.00,,0.00
PF04629,1.00,,0.00,1.00,,0.00
PF04680,0.94,5.03,0.00,1.00,,0.00
PF04691,1.00,,0.00,1.00,,0.00
PF04707,0.55,1.13,0.02,0.54,1.14,0.04
PF04712,1.00,,0.00,1.00,,0.00
PF04732,0.54,0.73,0.05,0.50,0.71,0.16
PF04750,1.00,,0.00,1.00,,0.00
PF04757,1.00,,0.00,1.00,,0.00
PF04790,1.00,,0.00,1.00,,0.00
PF04802,1.00,,0.00,1.00,,0.00
PF04803,1.00,,0.00,1.00,,0.00
PF04811,0.66,2.65,0.01,0.65,2.64,0.02
PF04815,1.00,,0.00,1.00,,0.00
PF04819,1.00,,0.00,1.00,,0.00
PF04824,1.00,,0.00,1.00,,0.00
PF04826,1.00,,0.00,1.00,,0.00
PF04841,1.00,,0.00,1.00,,0.00
PF04845,0.83,3.61,0.01,0.78,3.54,0.08
PF04847,0.83,3.7,0.02,0.82,3.61,0.02
PF04849,1.00,,0.00,1.00,,0.00
PF04857,1.00,,0.00,1.00,,0.00
PF04908,0.71,2.74,0.02,0.70,2.75,0.04
PF04909,1.00,,0.00,1.00,,0.00
PF04912,1.00,,0.00,1.00,,0.00
PF04952,1.00,,0.00,1.00,,0.00
PF04969,0.47,0.16,0.06,0.56,0.06,0.16
PF04970,0.79,3.14,0.00,0.79,3.08,0.00
PF04983,1.00,,0.00,1.00,,0.00
PF04997,1.00,,0.00,1.00,,0.00
PF04998,1.00,,0.00,1.00,,0.00
PF05000,1.00,,0.00,1.00,,0.00
PF05001,0.90,4.88,0.01,1.00,,0.00
PF05004,1.00,,0.00,1.00,,0.00
PF05008,1.00,,0.00,1.00,,0.00
PF05039,1.00,,0.00,1.00,,0.00
PF05063,0.65,1.58,0.04,0.64,1.56,0.06
PF05066,1.00,,0.00,1.00,,0.00
PF05083,1.00,,0.00,1.00,,0.00
PF05147,1.00,,0.00,1.00,,0.00
PF05148,1.00,,0.00,1.00,,0.00
PF05185,1.00,,0.00,1.00,,0.00
PF05186,0.70,2.3,0.02,0.70,2.14,0.00
PF05188,0.45,0.34,0.04,0.44,0.21,0.08
PF05190,0.39,0.06,0.04,0.37,0.11,0.15
PF05193,0.39,0.08,0.04,0.34,0.05,0.16
PF05205,1.00,,0.00,1.00,,0.00
PF05217,1.00,,0.00,1.00,,0.00
PF05219,1.00,,0.00,1.00,,0.00
PF05225,0.61,1.9,0.16,1.00,,0.00
PF05250,1.00,,0.00,1.00,,0.00
PF05279,1.00,,0.00,1.00,,0.00
PF05287,0.51,0.86,0.05,0.45,0.82,0.20
PF05296,0.49,1.43,0.03,0.49,1.41,0.04
PF05300,1.00,,0.00,1.00,,0.00
PF05308,1.00,,0.00,1.00,,0.00
PF05337,1.00,,0.00,1.00,,0.00
PF05347,1.00,,0.00,1.00,,0.00
PF05350,1.00,,0.00,1.00,,0.00
PF05399,1.00,,0.00,1.00,,0.00
PF05406,0.76,2.97,0.00,0.75,2.86,0.01
PF05454,1.00,,0.00,1.00,,0.00
PF05458,1.00,,0.00,1.00,,0.00
PF05461,0.63,1.96,0.02,0.62,1.93,0.03
PF05470,1.00,,0.00,1.00,,0.00
PF05474,1.00,,0.00,1.00,,0.00
PF05477,1.00,,0.00,1.00,,0.00
PF05478,0.63,1.24,0.01,0.63,1.22,0.01
PF05483,1.00,,0.00,1.00,,0.00
PF05507,1.00,,0.00,1.00,,0.00
PF05510,1.00,,0.00,1.00,,0.00
PF05544,1.00,,0.00,1.00,,0.00
PF05577,1.00,,0.00,1.00,,0.00
PF05602,1.00,,0.00,1.00,,0.00
PF05609,0.81,3.39,0.02,0.81,3.36,0.01
PF05622,1.00,,0.00,1.00,,0.00
PF05648,0.61,0.82,0.04,0.60,0.7,0.09
PF05653,1.00,,0.00,1.00,,0.00
PF05686,1.00,,0.00,1.00,,0.00
PF05693,1.00,,0.00,1.00,,0.00
PF05699,0.54,-0.4,0.04,0.53,-0.41,0.08
PF05706,1.00,,0.00,1.00,,0.00
PF05716,1.00,,0.00,1.00,,0.00
PF05721,0.60,0.65,0.02,0.56,0.55,0.17
PF05726,1.00,,0.00,1.00,,0.00
PF05729,0.44,1.09,0.06,0.39,1.02,0.16
PF05739,0.49,1.16,0.02,0.49,1.1,0.00
PF05741,1.00,,0.00,1.00,,0.00
PF05743,1.00,,0.00,1.00,,0.00
PF05760,0.50,,0.50,1.00,,0.00
PF05770,1.00,,0.00,1.00,,0.00
PF05773,0.36,0.49,0.22,0.37,0.42,0.31
PF05781,1.00,,0.00,1.00,,0.00
PF05782,1.00,,0.00,1.00,,0.00
PF05790,0.56,0.91,0.04,0.54,-0.27,0.10
PF05793,1.00,,0.00,1.00,,0.00
PF05804,1.00,,0.00,1.00,,0.00
PF05805,1.00,,0.00,1.00,,0.00
PF05817,1.00,,0.00,1.00,,0.00
PF05831,0.67,1.94,0.02,0.65,1.95,0.05
PF05889,1.00,,0.00,1.00,,0.00
PF05903,1.00,,0.00,1.00,,0.00
PF05916,1.00,,0.00,1.00,,0.00
PF05922,1.00,,0.00,1.00,,0.00
PF05934,1.00,,0.00,1.00,,0.00
PF05937,1.00,,0.00,1.00,,0.00
PF05956,1.00,,0.00,1.00,,0.00
PF05970,1.00,,0.00,1.00,,0.00
PF05971,1.00,,0.00,1.00,,0.00
PF05986,0.48,1.42,0.04,0.44,1.39,0.10
PF05995,1.00,,0.00,1.00,,0.00
PF05997,1.00,,0.00,1.00,,0.00
PF06008,0.45,0.42,0.01,0.45,0.41,0.02
PF06009,1.00,,0.00,1.00,,0.00
PF06021,0.63,1.98,0.02,0.62,1.98,0.04
PF06027,1.00,,0.00,1.00,,0.00
PF06046,0.51,0.83,0.04,0.51,0.84,0.05
PF06052,1.00,,0.00,1.00,,0.00
PF06060,1.00,,0.00,1.00,,0.00
PF06148,1.00,,0.00,1.00,,0.00
PF06159,1.00,,0.00,1.00,,0.00
PF06202,1.00,,0.00,1.00,,0.00
PF06209,1.00,,0.00,1.00,,0.00
PF06211,1.00,,0.00,1.00,,0.00
PF06220,1.00,,0.00,1.00,,0.00
PF06248,1.00,,0.00,1.00,,0.00
PF06268,0.40,0.7,0.05,0.38,0.75,0.13
PF06309,0.73,2.64,0.00,0.73,2.64,0.01
PF06337,0.75,2.95,0.00,0.70,2.71,0.08
PF06367,0.88,3.99,0.00,0.88,3.95,0.00
PF06388,1.00,,0.00,1.00,,0.00
PF06393,1.00,,0.00,1.00,,0.00
PF06396,1.00,,0.00,1.00,,0.00
PF06407,1.00,,0.00,1.00,,0.00
PF06409,1.00,,0.00,1.00,,0.00
PF06456,0.85,3.89,0.00,0.85,3.84,0.00
PF06463,1.00,,0.00,1.00,,0.00
PF06464,0.66,2.0,0.03,0.64,1.96,0.05
PF06467,0.36,1.21,0.07,0.42,0.65,0.07
PF06472,0.60,0.63,0.00,0.60,0.63,0.01
PF06473,0.49,0.92,0.08,0.46,0.83,0.17
PF06546,1.00,,0.00,1.00,,0.00
PF06581,1.00,,0.00,1.00,,0.00
PF06602,1.00,,0.00,1.00,,0.00
PF06607,1.00,,0.00,1.00,,0.00
PF06637,1.00,,0.00,1.00,,0.00
PF06679,1.00,,0.00,1.00,,0.00
PF06730,1.00,,0.00,1.00,,0.00
PF06733,0.61,1.88,0.03,0.58,1.92,0.12
PF06747,0.57,0.56,0.04,0.57,0.44,0.04
PF06758,0.57,1.57,0.05,1.00,,0.00
PF06777,1.00,,0.00,1.00,,0.00
PF06809,1.00,,0.00,1.00,,0.00
PF06817,1.00,,0.00,1.00,,0.00
PF06839,0.63,2.8,0.06,0.72,2.67,0.03
PF06888,1.00,,0.00,1.00,,0.00
PF06907,1.00,,0.00,1.00,,0.00
PF06954,1.00,,0.00,1.00,,0.00
PF06959,1.00,,0.00,1.00,,0.00
PF06963,1.00,,0.00,1.00,,0.00
PF06990,0.61,1.78,0.04,0.59,1.81,0.08
PF07002,0.76,3.22,0.02,0.75,3.19,0.02
PF07004,0.33,1.77,0.36,0.53,0.03,0.16
PF07010,1.00,,0.00,1.00,,0.00
PF07034,1.00,,0.00,1.00,,0.00
PF07096,1.00,,0.00,1.00,,0.00
PF07106,1.00,,0.00,1.00,,0.00
PF07139,1.00,,0.00,1.00,,0.00
PF07140,1.00,,0.00,1.00,,0.00
PF07145,1.00,,0.00,1.00,,0.00
PF07163,1.00,,0.00,1.00,,0.00
PF07225,1.00,,0.00,1.00,,0.00
PF07263,1.00,,0.00,1.00,,0.00
PF07292,0.65,1.08,0.01,0.65,1.11,0.02
PF07326,1.00,,0.00,1.00,,0.00
PF07334,1.00,,0.00,1.00,,0.00
PF07354,1.00,,0.00,1.00,,0.00
PF07458,0.74,2.53,0.01,0.74,2.57,0.01
PF07521,1.00,,0.00,1.00,,0.00
PF07522,1.00,,0.00,1.00,,0.00
PF07524,0.62,1.27,0.05,0.62,1.25,0.04
PF07525,1.00,,0.00,1.00,,0.00
PF07562,1.00,,0.00,1.00,,0.00
PF07565,0.61,2.09,0.03,0.57,1.91,0.09
PF07645,0.60,2.59,0.02,0.65,2.29,0.10
PF07646,1.00,,0.00,1.00,,0.00
PF07647,0.37,0.59,0.07,0.35,0.4,0.11
PF07648,0.51,1.9,0.06,0.48,1.83,0.10
PF07651,0.83,3.61,0.01,0.82,3.52,0.00
PF07653,0.45,0.11,0.04,0.43,0.08,0.15
PF07654,0.38,1.17,0.09,0.40,1.14,0.09
PF07670,0.85,4.15,0.01,0.87,4.21,0.00
PF07678,0.60,1.67,0.03,0.58,1.63,0.07
PF07679,0.34,1.04,0.10,0.45,1.32,0.04
PF07686,0.30,0.44,0.09,0.26,0.3,0.20
PF07699,0.55,1.8,0.01,0.53,1.8,0.05
PF07707,0.48,1.34,0.02,0.48,1.31,0.02
PF07714,0.48,1.76,0.03,0.32,1.8,0.35
PF07716,0.56,1.46,0.04,0.57,1.38,0.01
PF07717,0.55,1.33,0.06,0.50,1.3,0.19
PF07728,0.57,1.29,0.07,1.00,,0.00
PF07738,0.57,1.65,0.03,0.56,1.52,0.07
PF07744,1.00,,0.00,1.00,,0.00
PF07748,0.65,1.26,0.02,0.65,1.46,0.03
PF07773,0.44,0.57,0.07,0.63,1.26,0.08
PF07776,1.00,,0.00,1.00,,0.00
PF07819,1.00,,0.00,1.00,,0.00
PF07842,1.00,,0.00,1.00,,0.00
PF07847,1.00,,0.00,1.00,,0.00
PF07857,1.00,,0.00,1.00,,0.00
PF07885,0.61,1.2,0.10,1.00,,0.00
PF07888,1.00,,0.00,1.00,,0.00
PF07894,1.00,,0.00,1.00,,0.00
PF07915,0.56,1.62,0.02,0.63,1.65,0.08
PF07942,1.00,,0.00,1.00,,0.00
PF07947,1.00,,0.00,1.00,,0.00
PF07959,1.00,,0.00,1.00,,0.00
PF07974,0.65,3.84,0.04,1.00,,0.00
PF07984,1.00,,0.00,1.00,,0.00
PF07986,1.00,,0.00,1.00,,0.00
PF08007,0.70,2.12,0.04,0.70,2.06,0.03
PF08016,1.00,,0.00,1.00,,0.00
PF08032,1.00,,0.00,1.00,,0.00
PF08033,0.53,0.98,0.02,0.49,0.91,0.13
PF08038,1.00,,0.00,1.00,,0.00
PF08040,1.00,,0.00,1.00,,0.00
PF08070,1.00,,0.00,1.00,,0.00
PF08081,1.00,,0.00,1.00,,0.00
PF08180,1.00,,0.00,1.00,,0.00
PF08190,1.00,,0.00,1.00,,0.00
PF08202,1.00,,0.00,1.00,,0.00
PF08204,1.00,,0.00,1.00,,0.00
PF08205,0.34,0.56,0.12,0.33,0.35,0.14
PF08238,0.39,0.94,0.17,0.45,0.71,0.09
PF08264,0.56,0.18,0.14,0.54,-0.15,0.12
PF08266,0.66,2.7,0.02,0.67,2.61,0.00
PF08271,0.63,0.85,0.02,0.61,0.6,0.07
PF08327,1.00,,0.00,1.00,,0.00
PF08357,0.45,0.58,0.02,0.44,0.58,0.07
PF08373,1.00,,0.00,1.00,,0.00
PF08377,1.00,,0.00,1.00,,0.00
PF08385,1.00,,0.00,1.00,,0.00
PF08389,0.44,0.62,0.02,0.41,0.63,0.14
PF08397,0.55,1.4,0.01,0.54,1.41,0.04
PF08416,0.58,0.16,0.03,0.57,0.17,0.04
PF08430,0.74,2.58,0.04,0.72,2.64,0.08
PF08433,1.00,,0.00,1.00,,0.00
PF08434,1.00,,0.00,1.00,,0.00
PF08441,0.54,1.13,0.02,0.54,1.07,0.03
PF08444,0.74,2.6,0.00,0.74,2.6,0.00
PF08447,0.73,3.54,0.09,0.76,3.24,0.00
PF08466,1.00,,0.00,1.00,,0.00
PF08491,1.00,,0.00,1.00,,0.00
PF08513,1.00,,0.00,1.00,,0.00
PF08516,1.00,,0.00,1.00,,0.00
PF08526,0.65,1.14,0.00,0.65,1.14,0.00
PF08527,1.00,,0.00,1.00,,0.00
PF08540,1.00,,0.00,1.00,,0.00
PF08551,1.00,,0.00,1.00,,0.00
PF08558,0.63,1.27,0.03,0.62,1.11,0.02
PF08568,1.00,,0.00,1.00,,0.00
PF08583,1.00,,0.00,1.00,,0.00
PF08604,1.00,,0.00,1.00,,0.00
PF08615,1.00,,0.00,1.00,,0.00
PF08629,1.00,,0.00,1.00,,0.00
PF08641,1.00,,0.00,1.00,,0.00
PF08646,1.00,,0.00,1.00,,0.00
PF08661,1.00,,0.00,1.00,,0.00
PF08662,0.59,0.78,0.01,0.59,0.78,0.03
PF08675,1.00,,0.00,1.00,,0.00
PF08688,1.00,,0.00,1.00,,0.00
PF08709,1.00,,0.00,1.00,,0.00
PF08726,0.67,2.33,0.02,0.67,2.33,0.02
PF08742,0.54,2.34,0.02,0.43,2.06,0.17
PF08743,1.00,,0.00,1.00,,0.00
PF08774,1.00,,0.00,1.00,,0.00
PF08777,0.61,0.81,0.03,0.60,0.81,0.05
PF08784,1.00,,0.00,1.00,,0.00
PF08797,1.00,,0.00,1.00,,0.00
PF08801,1.00,,0.00,1.00,,0.00
PF08824,1.00,,0.00,1.00,,0.00
PF08826,1.00,,0.00,1.00,,0.00
PF08840,0.69,2.42,0.01,0.69,2.38,0.00
PF08913,1.00,,0.00,1.00,,0.00
PF08916,1.00,,0.00,1.00,,0.00
PF08952,0.66,1.8,0.03,0.67,1.8,0.02
PF08976,0.60,1.56,0.21,1.00,,0.00
PF08997,1.00,,0.00,1.00,,0.00
PF09004,1.00,,0.00,1.00,,0.00
PF09006,1.00,,0.00,1.00,,0.00
PF09011,1.00,,0.00,1.00,,0.00
PF09030,1.00,,0.00,1.00,,0.00
PF09038,1.00,,0.00,1.00,,0.00
PF09067,0.65,1.36,0.01,0.65,1.36,0.02
PF09069,1.00,,0.00,1.00,,0.00
PF09085,1.00,,0.00,1.00,,0.00
PF09128,1.00,,0.00,1.00,,0.00
PF09162,1.00,,0.00,1.00,,0.00
PF09169,1.00,,0.00,1.00,,0.00
PF09170,1.00,,0.00,1.00,,0.00
PF09240,0.49,0.47,0.02,0.48,0.47,0.06
PF09256,1.00,,0.00,1.00,,0.00
PF09258,1.00,,0.00,1.00,,0.00
PF09261,0.63,1.14,0.02,0.63,1.17,0.03
PF09291,1.00,,0.00,1.00,,0.00
PF09294,0.43,0.77,0.05,0.41,0.69,0.09
PF09309,1.00,,0.00,1.00,,0.00
PF09325,1.00,,0.00,1.00,,0.00
PF09332,1.00,,0.00,1.00,,0.00
PF09358,1.00,,0.00,1.00,,0.00
PF09379,0.46,1.07,0.02,0.46,1.04,0.02
PF09380,0.43,0.92,0.05,0.40,0.83,0.12
PF09422,0.40,1.12,0.44,0.58,1.28,0.24
PF09439,1.00,,0.00,1.00,,0.00
PF09457,0.61,1.48,0.00,0.57,1.48,0.10
PF09469,0.76,2.73,0.00,0.76,2.73,0.00
PF09514,1.00,,0.00,1.00,,0.00
PF09532,1.00,,0.00,1.00,,0.00
PF09727,1.00,,0.00,1.00,,0.00
PF09766,1.00,,0.00,1.00,,0.00
PF09772,1.00,,0.00,1.00,,0.00
PF09787,1.00,,0.00,1.00,,0.00
PF09809,1.00,,0.00,1.00,,0.00
PF09811,0.64,1.33,0.00,0.64,1.33,0.00
PF09812,1.00,,0.00,1.00,,0.00
PF09815,1.00,,0.00,1.00,,0.00
PF10034,0.62,0.99,0.03,0.61,1.01,0.06
PF10151,1.00,,0.00,1.00,,0.00
PF10184,1.00,,0.00,1.00,,0.00
PF10186,1.00,,0.00,1.00,,0.00
PF10192,1.00,,0.00,1.00,,0.00
PF10226,1.00,,0.00,1.00,,0.00
PF10242,1.00,,0.00,1.00,,0.00
PF10243,1.00,,0.00,1.00,,0.00
PF10257,1.00,,0.00,1.00,,0.00
PF10262,1.00,,0.00,1.00,,0.00
PF10263,1.00,,0.00,1.00,,0.00
PF10265,1.00,,0.00,1.00,,0.00
PF10277,1.00,,0.00,1.00,,0.00
PF10278,1.00,,0.00,1.00,,0.00
PF10300,1.00,,0.00,1.00,,0.00
PF10344,1.00,,0.00,1.00,,0.00
PF10367,1.00,,0.00,1.00,,0.00
PF10376,1.00,,0.00,1.00,,0.00
PF10392,1.00,,0.00,1.00,,0.00
PF10401,0.64,1.1,0.02,0.63,1.09,0.05
PF10409,0.87,4.13,0.02,0.87,4.11,0.02
PF10420,1.00,,0.00,1.00,,0.00
PF10427,0.61,2.25,0.10,0.60,2.22,0.11
PF10472,1.00,,0.00,1.00,,0.00
PF10488,1.00,,0.00,1.00,,0.00
PF10500,1.00,,0.00,1.00,,0.00
PF10508,1.00,,0.00,1.00,,0.00
PF10565,1.00,,0.00,1.00,,0.00
PF10591,1.00,,0.00,1.00,,0.00
PF10607,0.37,0.68,0.31,0.41,0.6,0.38
PF10609,1.00,,0.00,1.00,,0.00
PF10630,1.00,,0.00,1.00,,0.00
PF10631,1.00,,0.00,1.00,,0.00
PF11109,1.00,,0.00,1.00,,0.00
PF11235,1.00,,0.00,1.00,,0.00
PF11465,1.00,,0.00,1.00,,0.00
PF11510,1.00,,0.00,1.00,,0.00
PF11526,1.00,,0.00,1.00,,0.00
PF11560,1.00,,0.00,1.00,,0.00
PF11598,0.74,2.6,0.00,0.74,2.6,0.00
PF11699,1.00,,0.00,1.00,,0.00
PF11759,0.59,2.8,0.18,0.49,2.83,0.33
PF11788,1.00,,0.00,1.00,,0.00
PF11789,1.00,,0.00,1.00,,0.00
PF11802,1.00,,0.00,1.00,,0.00
PF11819,1.00,,0.00,1.00,,0.00
PF11838,1.00,,0.00,1.00,,0.00
PF11933,1.00,,0.00,1.00,,0.00
PF11971,1.00,,0.00,1.00,,0.00
PF11977,0.73,2.45,0.01,0.72,2.4,0.02
PF12004,1.00,,0.00,1.00,,0.00
PF12047,1.00,,0.00,1.00,,0.00
PF12160,1.00,,0.00,1.00,,0.00
PF12171,0.63,1.15,0.02,0.63,1.04,0.00
PF12201,1.00,,0.00,1.00,,0.00
PF12231,1.00,,0.00,1.00,,0.00
PF12260,1.00,,0.00,1.00,,0.00
PF12297,1.00,,0.00,1.00,,0.00
PF12304,1.00,,0.00,1.00,,0.00
PF12349,1.00,,0.00,1.00,,0.00
PF12424,0.57,0.86,0.19,1.00,,0.00
PF12440,0.47,1.07,0.09,0.48,0.99,0.06
PF12480,0.86,3.88,0.01,0.86,3.75,0.00
PF12548,0.54,0.83,0.29,1.00,,0.00
PF12569,1.00,,0.00,1.00,,0.00
PF12657,1.00,,0.00,1.00,,0.00
PF12661,0.50,2.54,0.07,0.49,2.36,0.12
PF12662,0.59,3.0,0.01,0.52,2.78,0.12
PF12738,1.00,,0.00,1.00,,0.00
PF12770,1.00,,0.00,1.00,,0.00
PF12777,0.85,3.6,0.00,0.85,3.6,0.00
PF12796,0.62,1.14,0.04,1.00,,0.00
PF12799,1.00,,0.00,1.00,,0.00
PF12851,1.00,,0.00,1.00,,0.00
PF12861,1.00,,0.00,1.00,,0.00
PF12872,0.40,0.8,0.08,0.43,0.49,0.02
PF12874,0.53,2.36,0.03,0.60,2.21,0.00
PF12877,1.00,,0.00,1.00,,0.00
PF12885,1.00,,0.00,1.00,,0.00
PF12906,1.00,,0.00,1.00,,0.00
PF12937,0.67,1.64,0.02,0.63,1.13,0.04
PF12947,0.54,2.74,0.06,0.64,3.02,0.03
PF12998,1.00,,0.00,1.00,,0.00
PF13086,1.00,,0.00,1.00,,0.00
PF13087,1.00,,0.00,1.00,,0.00
PF13088,1.00,,0.00,1.00,,0.00
PF13193,0.59,0.35,0.01,0.57,0.21,0.07
PF13240,1.00,,0.00,1.00,,0.00
PF13279,1.00,,0.00,1.00,,0.00
PF13324,1.00,,0.00,1.00,,0.00
PF13330,0.73,2.61,0.01,1.00,,0.00
PF13365,1.00,,0.00,1.00,,0.00
PF13378,1.00,,0.00,1.00,,0.00
PF13402,0.86,4.16,0.00,0.86,4.14,0.00
PF13410,1.00,,0.00,1.00,,0.00
PF13450,1.00,,0.00,1.00,,0.00
PF13499,0.59,0.57,0.07,0.59,0.47,0.03
PF13513,1.00,,0.00,0.53,0.61,0.06
PF13517,1.00,,0.00,0.61,0.62,0.04
PF13679,1.00,,0.00,1.00,,0.00
PF13691,1.00,,0.00,1.00,,0.00
PF13725,1.00,,0.00,1.00,,0.00
PF13757,0.72,1.97,0.01,0.72,1.94,0.00
PF13765,0.63,2.29,0.01,0.61,2.31,0.05
PF13804,0.98,5.35,0.00,0.98,5.34,0.00
PF13831,1.00,,0.00,1.00,,0.00
PF13832,1.00,,0.00,1.00,,0.00
PF13833,1.00,,0.00,1.00,,0.00
PF13837,0.93,4.63,0.00,1.00,,0.00
PF13840,1.00,,0.00,1.00,,0.00
PF13841,0.53,2.02,0.01,0.52,1.96,0.02
PF13842,1.00,,0.00,1.00,,0.00
PF13843,0.61,1.84,0.01,0.56,1.83,0.09
PF13848,0.57,0.01,0.01,0.56,-0.04,0.04
PF13853,1.00,,0.00,1.00,,0.00
PF13855,0.62,1.35,0.03,0.70,1.25,0.00
PF13862,1.00,,0.00,1.00,,0.00
PF13868,0.60,0.66,0.01,0.60,0.65,0.00
PF13873,0.63,0.95,0.01,0.62,0.94,0.01
PF13883,0.69,2.29,0.01,0.69,2.22,0.00
PF13885,0.55,2.72,0.06,0.48,2.42,0.15
PF13895,0.39,0.57,0.09,0.35,0.59,0.27
PF13897,1.00,,0.00,1.00,,0.00
PF13899,1.00,,0.00,1.00,,0.00
PF13903,1.00,,0.00,1.00,,0.00
PF13905,1.00,,0.00,1.00,,0.00
PF13908,0.61,1.73,0.13,0.59,0.89,0.14
PF13911,0.53,0.98,0.05,0.52,0.99,0.07
PF13913,0.54,2.03,0.08,0.59,1.52,0.00
PF13914,1.00,,0.00,1.00,,0.00
PF13916,1.00,,0.00,1.00,,0.00
PF13920,0.59,2.1,0.04,0.55,1.68,0.06
PF13923,1.00,,0.00,1.00,,0.00
PF13927,0.46,1.17,0.07,0.46,0.88,0.12
PF14160,1.00,,0.00,1.00,,0.00
PF14260,1.00,,0.00,1.00,,0.00
PF14306,0.84,3.85,0.00,0.84,3.76,0.00
PF14360,1.00,,0.00,1.00,,0.00
PF14493,1.00,,0.00,1.00,,0.00
PF14523,1.00,,0.00,1.00,,0.00
PF14565,1.00,,0.00,1.00,,0.00
PF14572,1.00,,0.00,1.00,,0.00
PF14596,1.00,,0.00,1.00,,0.00
PF14631,1.00,,0.00,1.00,,0.00
PF14634,1.00,,0.00,1.00,,0.00
PF14635,1.00,,0.00,1.00,,0.00
PF14639,1.00,,0.00,1.00,,0.00
PF14642,0.33,4.15,0.64,1.00,,0.00
PF14643,1.00,,0.00,1.00,,0.00
PF14648,1.00,,0.00,1.00,,0.00
PF14650,0.63,0.84,0.04,0.62,0.83,0.05
PF14651,1.00,,0.00,1.00,,0.00
PF14654,1.00,,0.00,1.00,,0.00
PF14670,1.00,,0.00,1.00,,0.00
PF14694,1.00,,0.00,1.00,,0.00
PF14701,1.00,,0.00,1.00,,0.00
PF14707,0.66,2.73,0.02,0.61,2.76,0.11
PF14713,1.00,,0.00,1.00,,0.00
PF14724,1.00,,0.00,1.00,,0.00
PF14749,1.00,,0.00,1.00,,0.00
PF14787,0.88,4.58,0.00,0.88,4.58,0.00
PF14797,1.00,,0.00,1.00,,0.00
PF14800,1.00,,0.00,1.00,,0.00
PF14816,1.00,,0.00,1.00,,0.00
PF14817,1.00,,0.00,1.00,,0.00
PF14818,1.00,,0.00,1.00,,0.00
PF14828,1.00,,0.00,1.00,,0.00
PF14836,0.65,1.74,0.02,0.63,1.72,0.09
PF14858,1.00,,0.00,1.00,,0.00
PF14880,1.00,,0.00,1.00,,0.00
PF14893,1.00,,0.00,1.00,,0.00
PF14915,1.00,,0.00,1.00,,0.00
PF14922,1.00,,0.00,1.00,,0.00
PF14925,1.00,,0.00,1.00,,0.00
PF14932,1.00,,0.00,1.00,,0.00
PF14933,1.00,,0.00,1.00,,0.00
PF14950,1.00,,0.00,1.00,,0.00
PF14951,1.00,,0.00,1.00,,0.00
PF14957,1.00,,0.00,1.00,,0.00
PF14958,1.00,,0.00,1.00,,0.00
PF14967,1.00,,0.00,1.00,,0.00
PF14969,1.00,,0.00,1.00,,0.00
PF14977,1.00,,0.00,1.00,,0.00
PF14979,1.00,,0.00,1.00,,0.00
PF14985,1.00,,0.00,1.00,,0.00
PF14986,1.00,,0.00,1.00,,0.00
PF14988,0.59,0.62,0.03,0.59,0.62,0.03
PF14992,0.71,1.97,0.01,0.71,1.97,0.02
PF15005,0.63,1.06,0.01,0.62,1.06,0.02
PF15015,1.00,,0.00,1.00,,0.00
PF15020,1.00,,0.00,1.00,,0.00
PF15030,1.00,,0.00,1.00,,0.00
PF15032,1.00,,0.00,1.00,,0.00
PF15037,1.00,,0.00,1.00,,0.00
PF15039,1.00,,0.00,1.00,,0.00
PF15040,0.79,2.89,0.00,0.79,2.89,0.00
PF15050,1.00,,0.00,1.00,,0.00
PF15057,1.00,,0.00,1.00,,0.00
PF15058,1.00,,0.00,1.00,,0.00
PF15068,1.00,,0.00,1.00,,0.00
PF15070,1.00,,0.00,1.00,,0.00
PF15079,1.00,,0.00,1.00,,0.00
PF15080,1.00,,0.00,1.00,,0.00
PF15081,1.00,,0.00,1.00,,0.00
PF15083,1.00,,0.00,1.00,,0.00
PF15095,1.00,,0.00,1.00,,0.00
PF15101,1.00,,0.00,1.00,,0.00
PF15102,1.00,,0.00,1.00,,0.00
PF15105,1.00,,0.00,1.00,,0.00
PF15136,1.00,,0.00,1.00,,0.00
PF15141,1.00,,0.00,1.00,,0.00
PF15142,1.00,,0.00,1.00,,0.00
PF15143,0.59,3.68,0.38,1.00,,0.00
PF15149,1.00,,0.00,1.00,,0.00
PF15160,1.00,,0.00,1.00,,0.00
PF15164,1.00,,0.00,1.00,,0.00
PF15165,1.00,,0.00,1.00,,0.00
PF15174,1.00,,0.00,1.00,,0.00
PF15177,0.63,0.76,0.03,0.62,0.75,0.04
PF15180,1.00,,0.00,1.00,,0.00
PF15192,1.00,,0.00,1.00,,0.00
PF15195,1.00,,0.00,1.00,,0.00
PF15199,1.00,,0.00,1.00,,0.00
PF15201,1.00,,0.00,1.00,,0.00
PF15202,1.00,,0.00,1.00,,0.00
PF15205,1.00,,0.00,1.00,,0.00
PF15206,1.00,,0.00,1.00,,0.00
PF15209,1.00,,0.00,1.00,,0.00
PF15215,1.00,,0.00,1.00,,0.00
PF15218,1.00,,0.00,1.00,,0.00
PF15227,1.00,,0.00,1.00,,0.00
PF15231,1.00,,0.00,1.00,,0.00
PF15255,1.00,,0.00,1.00,,0.00
PF15268,1.00,,0.00,1.00,,0.00
PF15274,1.00,,0.00,1.00,,0.00
PF15288,1.00,,0.00,1.00,,0.00
PF15291,1.00,,0.00,1.00,,0.00
PF15292,1.00,,0.00,1.00,,0.00
PF15314,1.00,,0.00,1.00,,0.00
PF15315,1.00,,0.00,1.00,,0.00
PF15319,1.00,,0.00,1.00,,0.00
PF15324,1.00,,0.00,1.00,,0.00
PF15334,1.00,,0.00,1.00,,0.00
PF15338,1.00,,0.00,1.00,,0.00
PF15339,1.00,,0.00,1.00,,0.00
PF15347,1.00,,0.00,1.00,,0.00
PF15351,1.00,,0.00,1.00,,0.00
PF15352,1.00,,0.00,1.00,,0.00
PF15357,1.00,,0.00,1.00,,0.00
PF15371,1.00,,0.00,1.00,,0.00
PF15372,1.00,,0.00,1.00,,0.00
PF15379,1.00,,0.00,1.00,,0.00
PF15384,1.00,,0.00,1.00,,0.00
PF15390,1.00,,0.00,1.00,,0.00
PF15391,1.00,,0.00,1.00,,0.00
PF15393,1.00,,0.00,1.00,,0.00
PF15395,1.00,,0.00,1.00,,0.00
PF15399,1.00,,0.00,1.00,,0.00
PF15412,1.00,,0.00,1.00,,0.00
PF15419,1.00,,0.00,1.00,,0.00
PF15423,1.00,,0.00,1.00,,0.00
PF15429,1.00,,0.00,1.00,,0.00
PF15439,1.00,,0.00,1.00,,0.00
PF15440,1.00,,0.00,1.00,,0.00
PF15441,1.00,,0.00,1.00,,0.00
PF15455,1.00,,0.00,1.00,,0.00
PF15462,1.00,,0.00,1.00,,0.00
PF15471,1.00,,0.00,1.00,,0.00
PF15482,1.00,,0.00,1.00,,0.00
PF15483,1.00,,0.00,1.00,,0.00
PF15485,1.00,,0.00,1.00,,0.00
PF15489,1.00,,0.00,1.00,,0.00
PF15506,1.00,,0.00,1.00,,0.00
PF15508,1.00,,0.00,1.00,,0.00
PF15539,1.00,,0.00,1.00,,0.00
PF15554,1.00,,0.00,1.00,,0.00
PF15557,1.00,,0.00,1.00,,0.00
PF15578,1.00,,0.00,1.00,,0.00
PF15621,1.00,,0.00,1.00,,0.00
PF15622,1.00,,0.00,1.00,,0.00
PF15664,1.00,,0.00,1.00,,0.00
PF15670,1.00,,0.00,1.00,,0.00
PF15681,1.00,,0.00,1.00,,0.00
PF15687,1.00,,0.00,1.00,,0.00
PF15688,1.00,,0.00,1.00,,0.00
PF15695,0.90,3.79,0.00,0.90,3.79,0.00
PF15710,1.00,,0.00,1.00,,0.00
PF15721,1.00,,0.00,1.00,,0.00
PF15727,1.00,,0.00,1.00,,0.00
PF15729,1.00,,0.00,1.00,,0.00
PF15741,1.00,,0.00,1.00,,0.00
PF15746,1.00,,0.00,1.00,,0.00
PF15754,1.00,,0.00,1.00,,0.00
PF15758,1.00,,0.00,1.00,,0.00
PF15769,1.00,,0.00,1.00,,0.00
PF15776,1.00,,0.00,1.00,,0.00
PF15783,0.35,1.05,0.44,1.00,,0.00
PF15788,0.48,1.25,0.24,0.72,1.69,0.05
PF15789,1.00,,0.00,1.00,,0.00
PF15790,1.00,,0.00,1.00,,0.00
PF15807,1.00,,0.00,1.00,,0.00
PF15816,1.00,,0.00,1.00,,0.00
PF15817,1.00,,0.00,1.00,,0.00
PF15821,1.00,,0.00,1.00,,0.00
PF15830,1.00,,0.00,1.00,,0.00
PF15838,1.00,,0.00,1.00,,0.00
PF15841,1.00,,0.00,1.00,,0.00
PF15843,1.00,,0.00,1.00,,0.00
PF15845,1.00,,0.00,1.00,,0.00
PF15847,1.00,,0.00,1.00,,0.00
PF15849,1.00,,0.00,1.00,,0.00
PF15855,1.00,,0.00,1.00,,0.00
PF15873,1.00,,0.00,1.00,,0.00
PF15874,0.64,0.99,0.01,0.62,0.97,0.04
PF15875,1.00,,0.00,1.00,,0.00
PF15876,1.00,,0.00,1.00,,0.00
PF15895,1.00,,0.00,1.00,,0.00
PF15897,1.00,,0.00,1.00,,0.00
PF15902,1.00,,0.00,1.00,,0.00
PF15903,1.00,,0.00,1.00,,0.00
PF15908,1.00,,0.00,1.00,,0.00
PF15909,1.00,,0.00,1.00,,0.00
PF15910,1.00,,0.00,1.00,,0.00
PF15913,1.00,,0.00,1.00,,0.00
PF15961,1.00,,0.00,1.00,,0.00
PF15964,1.00,,0.00,1.00,,0.00
PF15974,1.00,,0.00,1.00,,0.00
PF16006,1.00,,0.00,1.00,,0.00
PF16076,1.00,,0.00,1.00,,0.00
PF16094,1.00,,0.00,1.00,,0.00
PF16177,1.00,,0.00,1.00,,0.00
PF16182,0.50,,0.50,1.00,,0.00
PF16207,1.00,,0.00,1.00,,0.00
PF16208,1.00,,0.00,1.00,,0.00
PF16210,1.00,,0.00,1.00,,0.00
PF16214,1.00,,0.00,1.00,,0.00
PF16317,1.00,,0.00,1.00,,0.00
PF16360,1.00,,0.00,1.00,,0.00
PF16474,1.00,,0.00,1.00,,0.00
PF16482,1.00,,0.00,1.00,,0.00
PF16489,1.00,,0.00,1.00,,0.00
PF16492,0.85,3.54,0.02,0.86,3.5,0.00
PF16499,1.00,,0.00,1.00,,0.00
PF16619,1.00,,0.00,1.00,,0.00
PF16620,1.00,,0.00,1.00,,0.00
PF16630,1.00,,0.00,1.00,,0.00
PF16647,1.00,,0.00,1.00,,0.00
PF16652,1.00,,0.00,1.00,,0.00
PF16696,1.00,,0.00,1.00,,0.00
PF16716,1.00,,0.00,1.00,,0.00
PF16746,1.00,,0.00,1.00,,0.00
PF16788,1.00,,0.00,1.00,,0.00
PF17039,0.87,4.19,0.00,0.87,4.16,0.00
PF17047,1.00,,0.00,1.00,,0.00
PF17085,1.00,,0.00,1.00,,0.00
PF17146,1.00,,0.00,1.00,,0.00
PF17256,1.00,,0.00,1.00,,0.00
PF17284,0.63,1.64,0.03,0.63,1.64,0.05
PF17285,1.00,,0.00,1.00,,0.00
PF17286,1.00,,0.00,1.00,,0.00
PF17291,0.80,3.41,0.00,0.81,3.36,0.00
PF17333,1.00,,0.00,1.00,,0.00
PF17450,1.00,,0.00,1.00,,0.00
PF17489,1.00,,0.00,1.00,,0.00
PF17490,1.00,,0.00,1.00,,0.00
PF17677,1.00,,0.00,1.00,,0.00
PF17686,1.00,,0.00,1.00,,0.00
PF17690,1.00,,0.00,1.00,,0.00
PF17698,1.00,,0.00,1.00,,0.00
PF17699,1.00,,0.00,1.00,,0.00
PF17703,1.00,,0.00,1.00,,0.00
PF17706,1.00,,0.00,1.00,,0.00
PF17708,0.51,0.7,0.04,0.51,0.68,0.03
PF17710,1.00,,0.00,1.00,,0.00
PF17714,1.00,,0.00,1.00,,0.00
PF17729,1.00,,0.00,1.00,,0.00
PF17739,1.00,,0.00,1.00,,0.00
PF17744,1.00,,0.00,1.00,,0.00
PF17749,1.00,,0.00,1.00,,0.00
PF17776,1.00,,0.00,1.00,,0.00
PF17779,1.00,,0.00,1.00,,0.00
PF17780,1.00,,0.00,1.00,,0.00
PF17790,1.00,,0.00,1.00,,0.00
PF17791,1.00,,0.00,1.00,,0.00
PF17821,1.00,,0.00,1.00,,0.00
PF17825,1.00,,0.00,1.00,,0.00
PF17848,1.00,,0.00,1.00,,0.00
PF17857,0.78,2.94,0.00,0.78,2.94,0.00
PF17862,1.00,,0.00,1.00,,0.00
PF17900,0.60,1.53,0.01,0.59,1.54,0.05
PF17927,1.00,,0.00,1.00,,0.00
PF17949,1.00,,0.00,1.00,,0.00
PF18111,1.00,,0.00,1.00,,0.00
PF18114,1.00,,0.00,1.00,,0.00
PF18122,1.00,,0.00,1.00,,0.00
PF18139,1.00,,0.00,1.00,,0.00
PF18201,1.00,,0.00,1.00,,0.00
PF18256,1.00,,0.00,1.00,,0.00
PF18366,0.84,3.7,0.00,0.83,3.7,0.01
PF18727,0.69,2.57,0.02,0.68,2.56,0.02
PF18872,0.92,4.77,0.00,1.00,,0.00
PF18875,1.00,,0.00,1.00,,0.00
PF18876,1.00,,0.00,1.00,,0.00
PF19031,0.45,0.37,0.04,0.44,0.32,0.12
PF19032,0.56,0.14,0.08,0.55,0.14,0.16
PF19033,0.45,0.08,0.04,0.41,0.05,0.25
PF19036,0.57,-0.15,0.02,0.56,-0.13,0.10
PF19037,0.58,-0.18,0.05,0.54,-0.33,0.27
PF19038,0.56,-0.49,0.02,0.53,-0.61,0.21
PF19046,1.00,,0.00,1.00,,0.00
PF19047,1.00,,0.00,1.00,,0.00
PF19088,1.00,,0.00,1.00,,0.00
PF19236,1.00,,0.00,1.00,,0.00
PF19273,1.00,,0.00,1.00,,0.00
PF19317,1.00,,0.00,1.00,,0.00
PF19326,0.78,3.08,0.00,0.78,3.14,0.02
PF19336,1.00,,0.00,1.00,,0.00
PF19729,1.00,,0.00,1.00,,0.00
PF19743,1.00,,0.00,1.00,,0.00
PF20166,0.56,1.0,0.01,0.54,1.0,0.07
PF20168,1.00,,0.00,1.00,,0.00
PF20258,1.00,,0.00,1.00,,0.00
PF20259,1.00,,0.00,1.00,,0.00
PF20266,0.61,1.25,0.04,0.60,1.16,0.06
PF20433,1.00,,0.00,1.00,,0.00
PF20443,0.55,0.06,0.10,0.55,0.05,0.12
PF20491,1.00,,0.00,1.00,,0.00
PF20510,1.00,,0.00,1.00,,0.00
PF20511,1.00,,0.00,1.00,,0.00
PF20512,1.00,,0.00,1.00,,0.00
PF20514,1.00,,0.00,1.00,,0.00
PF20518,1.00,,0.00,1.00,,0.00
PF20519,1.00,,0.00,1.00,,0.00
PF20626,1.00,,0.00,1.00,,0.00
PF20634,1.00,,0.00,1.00,,0.00
PF20665,1.00,,0.00,1.00,,0.00
PF20666,1.00,,0.00,1.00,,0.00
PF20691,0.84,4.01,0.00,0.84,3.88,0.00
PF20692,1.00,,0.00,1.00,,0.00
PF20721,1.00,,0.00,1.00,,0.00
PF20770,1.00,,0.00,1.00,,0.00
PF20801,1.00,,0.00,1.00,,0.00
PF20805,0.54,1.23,0.04,0.52,1.2,0.11
PF20806,0.48,0.74,0.11,0.48,0.71,0.11
PF20808,1.00,,0.00,1.00,,0.00
PF20826,1.00,,0.00,1.00,,0.00
PF20854,1.00,,0.00,1.00,,0.00
PF20864,1.00,,0.00,1.00,,0.00
PF20885,1.00,,0.00,1.00,,0.00
PF20927,1.00,,0.00,1.00,,0.00
PF20936,1.00,,0.00,1.00,,0.00
PF20989,1.00,,0.00,1.00,,0.00
PF20996,1.00,,0.00,1.00,,0.00
PF21009,0.53,1.78,0.42,1.00,,0.00
PF21031,1.00,,0.00,1.00,,0.00
PF21032,1.00,,0.00,1.00,,0.00
PF21033,1.00,,0.00,1.00,,0.00
PF21034,1.00,,0.00,1.00,,0.00
PF21044,1.00,,0.00,1.00,,0.00
PF21045,1.00,,0.00,1.00,,0.00
PF21317,1.00,,0.00,1.00,,0.00
PF21363,1.00,,0.00,1.00,,0.00
PF21365,0.84,3.67,0.00,1.00,,0.00
PF21399,1.00,,0.00,1.00,,0.00
PF21530,1.00,,0.00,1.00,,0.00
PF21711,1.00,,0.00,1.00,,0.00
PF21771,1.00,,0.00,1.00,,0.00
