Pfam_code,HMMER_gaps,SEED_gaps,HMMER_vs_SEED_gaps_diff,HMMER_vs_SEED_gaps_%_improvement
PF00001,0.37,0.38,0.01,2.63
PF00002,0.26,0.26,0.00,0.00
PF00004,0.27,0.26,-0.01,-3.85
PF00007,0.10,0.07,-0.03,-42.86
PF00008,0.22,0.17,-0.05,-29.41
PF00009,0.22,0.19,-0.03,-15.79
PF00010,0.15,0.10,-0.05,-50.00
PF00012,0.03,0.02,-0.01,-50.00
PF00013,0.24,0.15,-0.09,-60.00
PF00014,0.11,0.09,-0.02,-22.22
PF00017,0.20,0.18,-0.02,-11.11
PF00018,0.10,0.06,-0.04,-66.67
PF00020,0.09,0.09,0.00,0.00
PF00021,0.25,0.20,-0.05,-25.00
PF00023,0.31,0.49,0.18,36.73
PF00024,0.22,0.19,-0.03,-15.79
PF00025,0.05,0.03,-0.02,-66.67
PF00026,0.02,0.02,0.00,0.00
PF00027,0.12,0.03,-0.09,-300.00
PF00028,0.24,0.12,-0.12,-100.00
PF00030,0.22,0.12,-0.10,-83.33
PF00031,0.08,0.06,-0.02,-33.33
PF00035,0.08,0.04,-0.04,-100.00
PF00038,0.03,0.03,0.00,0.00
PF00041,0.41,0.24,-0.17,-70.83
PF00043,0.12,0.05,-0.07,-140.00
PF00044,0.03,0.00,-0.03,
PF00045,0.28,0.20,-0.08,-40.00
PF00046,0.03,0.00,-0.03,
PF00047,0.22,0.15,-0.07,-46.67
PF00049,0.00,0.00,0.00,
PF00050,0.00,0.00,0.00,
PF00051,0.07,0.07,0.00,0.00
PF00052,0.07,0.04,-0.03,-75.00
PF00053,0.38,0.26,-0.12,-46.15
PF00054,0.21,0.16,-0.05,-31.25
PF00057,0.16,0.08,-0.08,-100.00
PF00058,0.26,0.11,-0.15,-136.36
PF00059,0.23,0.21,-0.02,-9.52
PF00060,0.07,0.06,-0.01,-16.67
PF00061,0.18,0.12,-0.06,-50.00
PF00062,0.00,0.00,0.00,
PF00063,0.00,0.00,0.00,
PF00067,0.14,0.11,-0.03,-27.27
PF00068,0.08,0.06,-0.02,-33.33
PF00069,0.24,0.25,0.01,4.00
PF00071,0.01,0.01,0.00,0.00
PF00074,0.00,0.00,0.00,
PF00075,0.00,0.00,0.00,
PF00076,0.30,0.08,-0.22,-275.00
PF00077,0.00,0.00,0.00,
PF00078,0.00,0.00,0.00,
PF00079,0.06,0.11,0.05,45.45
PF00081,0.00,0.00,0.00,
PF00082,0.00,0.00,0.00,
PF00083,0.00,0.00,0.00,
PF00084,0.38,0.10,-0.28,-280.00
PF00086,0.45,0.07,-0.38,-542.86
PF00088,0.09,0.00,-0.09,
PF00089,0.24,0.24,0.00,0.00
PF00090,0.33,0.15,-0.18,-120.00
PF00091,0.06,0.06,0.00,0.00
PF00092,0.40,0.34,-0.06,-17.65
PF00093,0.20,0.23,0.03,13.04
PF00094,0.14,0.08,-0.06,-75.00
PF00095,0.15,0.16,0.01,6.25
PF00096,0.11,0.08,-0.03,-37.50
PF00097,0.07,0.07,0.00,0.00
PF00098,0.06,0.00,-0.06,
PF00102,0.14,0.13,-0.01,-7.69
PF00103,0.00,0.02,0.02,100.00
PF00105,0.04,0.01,-0.03,-300.00
PF00106,0.05,0.09,0.04,44.44
PF00108,0.00,0.00,0.00,
PF00109,0.00,0.00,0.00,
PF00112,0.13,0.14,0.01,7.14
PF00117,0.06,0.08,0.02,25.00
PF00118,0.00,0.00,0.00,
PF00120,0.00,0.00,0.00,
PF00125,0.05,0.04,-0.01,-25.00
PF00129,0.01,0.01,0.00,0.00
PF00130,0.19,0.15,-0.04,-26.67
PF00133,0.00,0.00,0.00,
PF00134,0.02,0.01,-0.01,-100.00
PF00135,0.11,0.15,0.04,26.67
PF00136,0.00,0.00,0.00,
PF00143,0.01,0.00,-0.01,
PF00146,0.00,0.00,0.00,
PF00147,0.00,0.00,0.00,
PF00149,0.41,0.41,0.00,0.00
PF00151,0.00,0.00,0.00,
PF00152,0.00,0.00,0.00,
PF00153,0.15,0.11,-0.04,-36.36
PF00155,0.00,0.00,0.00,
PF00167,0.03,0.02,-0.01,-50.00
PF00168,0.55,0.41,-0.14,-34.15
PF00169,0.48,0.39,-0.09,-23.08
PF00170,0.09,0.03,-0.06,-200.00
PF00171,0.00,0.00,0.00,
PF00173,0.04,0.04,0.00,0.00
PF00175,0.00,0.00,0.00,
PF00176,0.11,0.11,0.00,0.00
PF00179,0.04,0.03,-0.01,-33.33
PF00188,0.00,0.00,0.00,
PF00191,0.05,0.01,-0.04,-400.00
PF00194,0.06,0.09,0.03,33.33
PF00201,0.01,0.01,0.00,0.00
PF00202,0.00,0.00,0.00,
PF00206,0.06,0.06,0.00,0.00
PF00207,0.08,0.05,-0.03,-60.00
PF00209,0.01,0.01,0.00,0.00
PF00211,0.12,0.07,-0.05,-71.43
PF00213,0.00,0.00,0.00,
PF00215,0.00,0.00,0.00,
PF00217,0.00,0.00,0.00,
PF00220,0.00,0.00,0.00,
PF00224,0.00,0.00,0.00,
PF00225,0.30,0.30,0.00,0.00
PF00226,0.11,0.08,-0.03,-37.50
PF00229,0.19,0.18,-0.01,-5.56
PF00230,0.02,0.02,0.00,0.00
PF00232,0.24,0.01,-0.23,-2300.00
PF00236,0.00,0.00,0.00,
PF00240,0.18,0.13,-0.05,-38.46
PF00245,0.00,0.00,0.00,
PF00246,0.11,0.09,-0.02,-22.22
PF00249,0.15,0.06,-0.09,-150.00
PF00254,0.12,0.05,-0.07,-140.00
PF00255,0.03,0.03,0.00,0.00
PF00258,0.22,0.23,0.01,4.35
PF00261,0.00,0.00,0.00,
PF00270,0.25,0.23,-0.02,-8.70
PF00271,0.27,0.28,0.01,3.57
PF00282,0.00,0.00,0.00,
PF00287,0.00,0.00,0.00,
PF00288,0.24,0.19,-0.05,-26.32
PF00289,0.00,0.00,0.00,
PF00292,0.00,0.00,0.00,
PF00293,0.30,0.21,-0.09,-42.86
PF00297,0.50,0.00,-0.50,
PF00307,0.30,0.24,-0.06,-25.00
PF00313,0.10,0.00,-0.10,
PF00320,0.09,0.04,-0.05,-125.00
PF00324,0.00,0.00,0.00,
PF00328,0.02,0.02,0.00,0.00
PF00334,0.00,0.00,0.00,
PF00335,0.18,0.25,0.07,28.00
PF00337,0.10,0.08,-0.02,-25.00
PF00340,0.10,0.09,-0.01,-11.11
PF00341,0.00,0.00,0.00,
PF00342,0.00,0.00,0.00,
PF00350,0.00,0.00,0.00,
PF00354,0.01,0.01,0.00,0.00
PF00357,0.10,0.00,-0.10,
PF00364,0.02,0.01,-0.01,-100.00
PF00370,0.00,0.00,0.00,
PF00373,0.13,0.09,-0.04,-44.44
PF00378,0.03,0.03,0.00,0.00
PF00382,0.02,0.02,0.00,0.00
PF00383,0.18,0.14,-0.04,-28.57
PF00384,0.00,0.00,0.00,
PF00385,0.38,0.28,-0.10,-35.71
PF00386,0.07,0.08,0.01,12.50
PF00388,0.03,0.02,-0.01,-50.00
PF00389,0.50,0.00,-0.50,
PF00390,0.00,0.00,0.00,
PF00394,0.00,0.00,0.00,
PF00396,0.01,0.00,-0.01,
PF00397,0.06,0.02,-0.04,-200.00
PF00400,0.52,0.47,-0.05,-10.64
PF00405,0.12,0.05,-0.07,-140.00
PF00406,0.50,0.00,-0.50,
PF00412,0.12,0.06,-0.06,-100.00
PF00413,0.05,0.06,0.01,16.67
PF00415,0.14,0.06,-0.08,-133.33
PF00420,0.00,0.00,0.00,
PF00431,0.18,0.09,-0.09,-100.00
PF00432,0.05,0.03,-0.02,-66.67
PF00435,0.33,0.15,-0.18,-120.00
PF00439,0.20,0.07,-0.13,-185.71
PF00443,0.68,0.39,-0.29,-74.36
PF00447,0.00,0.00,0.00,
PF00448,0.00,0.00,0.00,
PF00450,0.00,0.00,0.00,
PF00454,0.14,0.13,-0.01,-7.69
PF00459,0.00,0.00,0.00,
PF00462,0.01,0.00,-0.01,
PF00464,0.00,0.00,0.00,
PF00467,0.13,0.04,-0.09,-225.00
PF00473,0.00,0.00,0.00,
PF00474,0.01,0.00,-0.01,
PF00481,0.16,0.16,0.00,0.00
PF00487,0.00,0.00,0.00,
PF00488,0.00,0.00,0.00,
PF00491,0.00,0.00,0.00,
PF00498,0.24,0.26,0.02,7.69
PF00501,0.29,0.22,-0.07,-31.82
PF00503,0.03,0.03,0.00,0.00
PF00505,0.08,0.00,-0.08,
PF00514,0.22,0.14,-0.08,-57.14
PF00515,0.17,0.00,-0.17,
PF00520,0.44,0.48,0.04,8.33
PF00530,0.26,0.17,-0.09,-52.94
PF00531,0.16,0.11,-0.05,-45.45
PF00533,0.28,0.20,-0.08,-40.00
PF00535,0.21,0.07,-0.14,-200.00
PF00536,0.24,0.13,-0.11,-84.62
PF00554,0.00,0.00,0.00,
PF00560,0.22,0.13,-0.09,-69.23
PF00561,0.11,0.10,-0.01,-10.00
PF00564,0.14,0.09,-0.05,-55.56
PF00567,0.23,0.07,-0.16,-228.57
PF00568,0.07,0.05,-0.02,-40.00
PF00571,0.13,0.23,0.10,43.48
PF00573,0.00,0.00,0.00,
PF00579,0.00,0.00,0.00,
PF00583,0.26,0.16,-0.10,-62.50
PF00587,0.00,0.00,0.00,
PF00588,0.00,0.00,0.00,
PF00591,0.00,0.00,0.00,
PF00595,0.19,0.13,-0.06,-46.15
PF00596,0.00,0.00,0.00,
PF00607,0.00,0.00,0.00,
PF00609,0.08,0.08,0.00,0.00
PF00610,0.22,0.15,-0.07,-46.67
PF00612,0.16,0.00,-0.16,
PF00613,0.14,0.08,-0.06,-75.00
PF00615,0.08,0.06,-0.02,-33.33
PF00616,0.00,0.00,0.00,
PF00618,0.29,0.26,-0.03,-11.54
PF00619,0.16,0.10,-0.06,-60.00
PF00620,0.33,0.26,-0.07,-26.92
PF00621,0.16,0.21,0.05,23.81
PF00622,0.37,0.24,-0.13,-54.17
PF00623,0.05,0.05,0.00,0.00
PF00625,0.09,0.09,0.00,0.00
PF00626,0.20,0.14,-0.06,-42.86
PF00627,0.12,0.04,-0.08,-200.00
PF00628,0.22,0.22,0.00,0.00
PF00629,0.22,0.22,0.00,0.00
PF00630,0.33,0.12,-0.21,-175.00
PF00631,0.05,0.01,-0.04,-400.00
PF00632,0.07,0.07,0.00,0.00
PF00633,0.00,0.00,0.00,
PF00634,0.02,0.00,-0.02,
PF00635,0.11,0.09,-0.02,-22.22
PF00637,0.15,0.04,-0.11,-275.00
PF00638,0.03,0.02,-0.01,-50.00
PF00640,0.20,0.18,-0.02,-11.11
PF00641,0.15,0.08,-0.07,-87.50
PF00642,0.16,0.04,-0.12,-300.00
PF00643,0.11,0.04,-0.07,-175.00
PF00644,0.15,0.15,0.00,0.00
PF00646,0.06,0.05,-0.01,-20.00
PF00650,0.00,0.00,0.00,
PF00651,0.34,0.22,-0.12,-54.55
PF00652,0.22,0.19,-0.03,-15.79
PF00653,0.06,0.00,-0.06,
PF00656,0.20,0.22,0.02,9.09
PF00657,0.00,0.00,0.00,
PF00664,0.08,0.05,-0.03,-60.00
PF00665,0.00,0.00,0.00,
PF00666,0.00,0.00,0.00,
PF00667,0.02,0.02,0.00,0.00
PF00670,0.00,0.00,0.00,
PF00675,0.05,0.05,0.00,0.00
PF00676,0.05,0.05,0.00,0.00
PF00679,0.00,0.00,0.00,
PF00681,0.00,0.00,0.00,
PF00682,0.00,0.00,0.00,
PF00685,0.19,0.16,-0.03,-18.75
PF00689,0.00,0.00,0.00,
PF00692,0.00,0.00,0.00,
PF00694,0.00,0.00,0.00,
PF00698,0.00,0.00,0.00,
PF00702,0.27,0.27,0.00,0.00
PF00704,0.03,0.01,-0.02,-200.00
PF00705,0.00,0.00,0.00,
PF00725,0.18,0.07,-0.11,-157.14
PF00730,0.59,0.13,-0.46,-353.85
PF00733,0.50,0.00,-0.50,
PF00743,0.01,0.00,-0.01,
PF00749,0.01,0.01,0.00,0.00
PF00750,0.00,0.00,0.00,
PF00752,0.07,0.05,-0.02,-40.00
PF00754,0.19,0.17,-0.02,-11.76
PF00755,0.07,0.09,0.02,22.22
PF00756,0.00,0.00,0.00,
PF00757,0.03,0.03,0.00,0.00
PF00780,0.16,0.18,0.02,11.11
PF00781,0.26,0.18,-0.08,-44.44
PF00782,0.06,0.06,0.00,0.00
PF00786,0.10,0.06,-0.04,-66.67
PF00787,0.37,0.33,-0.04,-12.12
PF00788,0.22,0.14,-0.08,-57.14
PF00789,0.06,0.05,-0.01,-20.00
PF00790,0.04,0.03,-0.01,-33.33
PF00792,0.24,0.15,-0.09,-60.00
PF00794,0.05,0.03,-0.02,-66.67
PF00797,0.00,0.00,0.00,
PF00801,0.34,0.28,-0.06,-21.43
PF00808,0.00,0.00,0.00,
PF00811,0.00,0.00,0.00,
PF00822,0.12,0.12,0.00,0.00
PF00837,0.08,0.08,0.00,0.00
PF00839,0.19,0.09,-0.10,-111.11
PF00850,0.00,0.00,0.00,
PF00852,0.03,0.00,-0.03,
PF00854,0.42,0.00,-0.42,
PF00856,0.38,0.28,-0.10,-35.71
PF00865,0.00,0.00,0.00,
PF00867,0.02,0.02,0.00,0.00
PF00870,0.01,0.01,0.00,0.00
PF00878,0.35,0.07,-0.28,-400.00
PF00879,0.00,0.00,0.00,
PF00880,0.10,0.00,-0.10,
PF00884,0.16,0.16,0.00,0.00
PF00887,0.00,0.00,0.00,
PF00891,0.00,0.00,0.00,
PF00899,0.51,0.33,-0.18,-54.55
PF00903,0.00,0.00,0.00,
PF00909,0.00,0.00,0.00,
PF00916,0.01,0.01,0.00,0.00
PF00927,0.13,0.08,-0.05,-62.50
PF00928,0.17,0.18,0.01,5.56
PF00929,0.00,0.00,0.00,
PF00930,0.11,0.11,0.00,0.00
PF00931,0.00,0.00,0.00,
PF00932,0.00,0.00,0.00,
PF00939,0.00,0.00,0.00,
PF00941,0.00,0.00,0.00,
PF00957,0.02,0.00,-0.02,
PF00965,0.00,0.00,0.00,
PF00969,0.02,0.01,-0.01,-100.00
PF00970,0.00,0.00,0.00,
PF00975,0.00,0.00,0.00,
PF00989,0.08,0.07,-0.01,-14.29
PF00997,0.00,0.00,0.00,
PF00999,0.10,0.07,-0.03,-42.86
PF01008,0.00,0.00,0.00,
PF01019,0.05,0.06,0.01,16.67
PF01023,0.00,0.00,0.00,
PF01026,0.00,0.00,0.00,
PF01030,0.18,0.17,-0.01,-5.88
PF01039,0.10,0.08,-0.02,-25.00
PF01044,0.00,0.00,0.00,
PF01049,0.00,0.00,0.00,
PF01053,0.00,0.00,0.00,
PF01064,0.06,0.06,0.00,0.00
PF01068,0.05,0.05,0.00,0.00
PF01071,0.00,0.00,0.00,
PF01073,0.00,0.00,0.00,
PF01074,0.06,0.06,0.00,0.00
PF01079,0.00,0.00,0.00,
PF01093,0.03,0.06,0.03,50.00
PF01094,0.25,0.32,0.07,21.88
PF01099,0.02,0.06,0.04,66.67
PF01102,0.00,0.00,0.00,
PF01105,0.05,0.05,0.00,0.00
PF01108,0.28,0.24,-0.04,-16.67
PF01109,0.00,0.00,0.00,
PF01110,0.00,0.00,0.00,
PF01112,0.00,0.00,0.00,
PF01114,0.00,0.00,0.00,
PF01119,0.00,0.00,0.00,
PF01122,0.00,0.00,0.00,
PF01124,0.00,0.00,0.00,
PF01126,0.00,0.00,0.00,
PF01129,0.07,0.07,0.00,0.00
PF01144,0.10,0.09,-0.01,-11.11
PF01148,0.00,0.00,0.00,
PF01150,0.00,0.00,0.00,
PF01151,0.06,0.04,-0.02,-50.00
PF01153,0.00,0.00,0.00,
PF01163,0.09,0.06,-0.03,-50.00
PF01166,0.00,0.00,0.00,
PF01167,0.00,0.00,0.00,
PF01182,0.00,0.00,0.00,
PF01187,0.00,0.00,0.00,
PF01189,0.00,0.00,0.00,
PF01202,0.00,0.00,0.00,
PF01204,0.00,0.00,0.00,
PF01213,0.00,0.00,0.00,
PF01216,0.00,0.00,0.00,
PF01217,0.00,0.00,0.00,
PF01230,0.00,0.00,0.00,
PF01231,0.00,0.00,0.00,
PF01234,0.01,0.02,0.01,50.00
PF01238,0.00,0.00,0.00,
PF01244,0.00,0.00,0.00,
PF01248,0.23,0.09,-0.14,-155.56
PF01254,0.00,0.00,0.00,
PF01271,0.22,0.17,-0.05,-29.41
PF01273,0.21,0.17,-0.04,-23.53
PF01284,0.17,0.14,-0.03,-21.43
PF01287,0.00,0.00,0.00,
PF01291,0.00,0.00,0.00,
PF01299,0.00,0.00,0.00,
PF01323,0.00,0.00,0.00,
PF01331,0.00,0.00,0.00,
PF01344,0.23,0.10,-0.13,-130.00
PF01347,0.00,0.00,0.00,
PF01352,0.05,0.00,-0.05,
PF01363,0.08,0.03,-0.05,-166.67
PF01380,0.05,0.03,-0.02,-66.67
PF01387,0.00,0.00,0.00,
PF01390,0.11,0.08,-0.03,-37.50
PF01391,0.06,0.00,-0.06,
PF01394,0.12,0.03,-0.09,-300.00
PF01396,0.00,0.00,0.00,
PF01398,0.23,0.25,0.02,8.00
PF01399,0.23,0.27,0.04,14.81
PF01400,0.03,0.02,-0.01,-50.00
PF01401,0.01,0.00,-0.01,
PF01410,0.00,0.00,0.00,
PF01411,0.00,0.00,0.00,
PF01412,0.03,0.02,-0.01,-50.00
PF01417,0.00,0.00,0.00,
PF01421,0.05,0.05,0.00,0.00
PF01425,0.00,0.00,0.00,
PF01426,0.38,0.29,-0.09,-31.03
PF01429,0.05,0.02,-0.03,-150.00
PF01431,0.00,0.00,0.00,
PF01432,0.00,0.00,0.00,
PF01433,0.03,0.03,0.00,0.00
PF01434,0.00,0.00,0.00,
PF01435,0.00,0.00,0.00,
PF01436,0.09,0.09,0.00,0.00
PF01437,0.37,0.48,0.11,22.92
PF01442,0.37,0.00,-0.37,
PF01451,0.00,0.00,0.00,
PF01459,0.00,0.00,0.00,
PF01462,0.23,0.20,-0.03,-15.00
PF01463,0.11,0.04,-0.07,-175.00
PF01467,0.00,0.00,0.00,
PF01471,0.12,0.13,0.01,7.69
PF01472,0.00,0.00,0.00,
PF01477,0.23,0.22,-0.01,-4.55
PF01483,0.00,0.00,0.00,
PF01485,0.00,0.00,0.00,
PF01490,0.00,0.00,0.00,
PF01496,0.00,0.00,0.00,
PF01500,0.35,0.09,-0.26,-288.89
PF01510,0.16,0.05,-0.11,-220.00
PF01529,0.00,0.00,0.00,
PF01531,0.00,0.00,0.00,
PF01532,0.09,0.10,0.01,10.00
PF01535,0.24,0.00,-0.24,
PF01551,0.00,0.00,0.00,
PF01553,0.16,0.11,-0.05,-45.45
PF01562,0.00,0.00,0.00,
PF01564,0.06,0.06,0.00,0.00
PF01575,0.00,0.00,0.00,
PF01582,0.22,0.15,-0.07,-46.67
PF01583,0.00,0.00,0.00,
PF01585,0.12,0.07,-0.05,-71.43
PF01588,0.02,0.02,0.00,0.00
PF01590,0.11,0.09,-0.02,-22.22
PF01591,0.00,0.00,0.00,
PF01593,0.00,0.00,0.00,
PF01602,0.15,0.15,0.00,0.00
PF01612,0.00,0.00,0.00,
PF01624,0.11,0.09,-0.02,-22.22
PF01630,0.00,0.00,0.00,
PF01650,0.00,0.00,0.00,
PF01661,0.06,0.03,-0.03,-100.00
PF01663,0.05,0.05,0.00,0.00
PF01667,0.00,0.00,0.00,
PF01694,0.07,0.07,0.00,0.00
PF01699,0.18,0.05,-0.13,-260.00
PF01712,0.10,0.09,-0.01,-11.11
PF01729,0.00,0.00,0.00,
PF01731,0.00,0.00,0.00,
PF01733,0.05,0.07,0.02,28.57
PF01740,0.13,0.08,-0.05,-62.50
PF01751,0.00,0.00,0.00,
PF01753,0.21,0.24,0.03,12.50
PF01755,0.00,0.00,0.00,
PF01756,0.00,0.00,0.00,
PF01758,0.02,0.02,0.00,0.00
PF01759,0.24,0.12,-0.12,-100.00
PF01762,0.00,0.00,0.00,
PF01770,0.04,0.04,0.00,0.00
PF01812,0.00,0.00,0.00,
PF01822,0.12,0.12,0.00,0.00
PF01823,0.00,0.00,0.00,
PF01825,0.00,0.00,0.00,
PF01826,0.23,0.11,-0.12,-109.09
PF01833,0.48,0.29,-0.19,-65.52
PF01835,0.02,0.02,0.00,0.00
PF01839,0.29,0.15,-0.14,-93.33
PF01842,0.00,0.00,0.00,
PF01846,0.24,0.09,-0.15,-166.67
PF01852,0.09,0.08,-0.01,-12.50
PF01878,0.00,0.00,0.00,
PF01896,0.00,0.00,0.00,
PF01909,0.24,0.14,-0.10,-71.43
PF01920,0.02,0.01,-0.01,-100.00
PF01926,0.31,0.28,-0.03,-10.71
PF01963,0.00,0.00,0.00,
PF01966,0.00,0.00,0.00,
PF01991,0.00,0.00,0.00,
PF02002,0.00,0.00,0.00,
PF02005,0.00,0.00,0.00,
PF02022,0.00,0.00,0.00,
PF02023,0.03,0.00,-0.03,
PF02024,0.00,0.00,0.00,
PF02037,0.04,0.00,-0.04,
PF02038,0.07,0.00,-0.07,
PF02055,0.00,0.00,0.00,
PF02058,0.07,0.07,0.00,0.00
PF02063,0.00,0.00,0.00,
PF02077,0.00,0.00,0.00,
PF02083,0.00,0.00,0.00,
PF02101,0.00,0.00,0.00,
PF02106,0.00,0.00,0.00,
PF02136,0.00,0.00,0.00,
PF02140,0.00,0.00,0.00,
PF02141,0.05,0.04,-0.01,-25.00
PF02142,0.12,0.10,-0.02,-20.00
PF02148,0.13,0.11,-0.02,-18.18
PF02171,0.00,0.00,0.00,
PF02172,0.00,0.00,0.00,
PF02173,0.00,0.00,0.00,
PF02174,0.03,0.00,-0.03,
PF02176,0.05,0.05,0.00,0.00
PF02181,0.09,0.08,-0.01,-12.50
PF02197,0.03,0.00,-0.03,
PF02198,0.09,0.07,-0.02,-28.57
PF02204,0.00,0.00,0.00,
PF02205,0.17,0.06,-0.11,-183.33
PF02210,0.43,0.44,0.01,2.27
PF02212,0.00,0.00,0.00,
PF02214,0.07,0.05,-0.02,-40.00
PF02219,0.00,0.00,0.00,
PF02221,0.00,0.00,0.00,
PF02223,0.00,0.00,0.00,
PF02230,0.00,0.00,0.00,
PF02259,0.00,0.00,0.00,
PF02263,0.10,0.08,-0.02,-25.00
PF02269,0.03,0.02,-0.01,-50.00
PF02272,0.00,0.00,0.00,
PF02275,0.00,0.00,0.00,
PF02295,0.03,0.01,-0.02,-200.00
PF02297,0.00,0.00,0.00,
PF02301,0.00,0.00,0.00,
PF02319,0.00,0.00,0.00,
PF02337,0.00,0.00,0.00,
PF02338,0.24,0.25,0.01,4.00
PF02344,0.00,0.00,0.00,
PF02347,0.00,0.00,0.00,
PF02351,0.29,0.00,-0.29,
PF02366,0.05,0.05,0.00,0.00
PF02368,0.00,0.00,0.00,
PF02373,0.05,0.05,0.00,0.00
PF02374,0.00,0.00,0.00,
PF02389,0.00,0.00,0.00,
PF02423,0.00,0.00,0.00,
PF02434,0.23,0.07,-0.16,-228.57
PF02441,0.00,0.00,0.00,
PF02469,0.28,0.14,-0.14,-100.00
PF02485,0.03,0.03,0.00,0.00
PF02493,0.22,0.01,-0.21,-2100.00
PF02494,0.00,0.00,0.00,
PF02516,0.00,0.00,0.00,
PF02518,0.07,0.10,0.03,30.00
PF02535,0.37,0.15,-0.22,-146.67
PF02544,0.01,0.00,-0.01,
PF02597,0.00,0.00,0.00,
PF02636,0.00,0.00,0.00,
PF02637,0.00,0.00,0.00,
PF02678,0.00,0.00,0.00,
PF02709,0.00,0.00,0.00,
PF02727,0.00,0.00,0.00,
PF02728,0.00,0.00,0.00,
PF02732,0.00,0.00,0.00,
PF02744,0.00,0.00,0.00,
PF02750,0.00,0.00,0.00,
PF02752,0.10,0.07,-0.03,-42.86
PF02758,0.06,0.06,0.00,0.00
PF02759,0.25,0.24,-0.01,-4.17
PF02760,0.00,0.00,0.00,
PF02769,0.26,0.12,-0.14,-116.67
PF02771,0.01,0.03,0.02,66.67
PF02779,0.17,0.16,-0.01,-6.25
PF02780,0.00,0.00,0.00,
PF02781,0.00,0.00,0.00,
PF02784,0.00,0.00,0.00,
PF02785,0.00,0.00,0.00,
PF02786,0.04,0.03,-0.01,-33.33
PF02793,0.14,0.11,-0.03,-27.27
PF02798,0.12,0.09,-0.03,-33.33
PF02801,0.00,0.00,0.00,
PF02803,0.01,0.01,0.00,0.00
PF02806,0.00,0.00,0.00,
PF02815,0.05,0.05,0.00,0.00
PF02816,0.00,0.00,0.00,
PF02818,0.01,0.01,0.00,0.00
PF02824,0.09,0.09,0.00,0.00
PF02827,0.00,0.00,0.00,
PF02836,0.00,0.00,0.00,
PF02841,0.00,0.00,0.00,
PF02845,0.02,0.00,-0.02,
PF02847,0.00,0.00,0.00,
PF02852,0.01,0.02,0.01,50.00
PF02854,0.26,0.20,-0.06,-30.00
PF02870,0.00,0.00,0.00,
PF02872,0.00,0.00,0.00,
PF02880,0.00,0.00,0.00,
PF02882,0.00,0.00,0.00,
PF02883,0.09,0.08,-0.01,-12.50
PF02886,0.00,0.00,0.00,
PF02889,0.17,0.08,-0.09,-112.50
PF02892,0.11,0.11,0.00,0.00
PF02893,0.24,0.17,-0.07,-41.18
PF02897,0.00,0.00,0.00,
PF02902,0.00,0.00,0.00,
PF02922,0.00,0.00,0.00,
PF02931,0.13,0.08,-0.05,-62.50
PF02932,0.04,0.04,0.00,0.00
PF02969,0.02,0.01,-0.01,-100.00
PF02984,0.10,0.10,0.00,0.00
PF02985,0.12,0.03,-0.09,-300.00
PF02994,0.00,0.00,0.00,
PF03016,0.00,0.00,0.00,
PF03024,0.17,0.18,0.01,5.56
PF03031,0.00,0.00,0.00,
PF03051,0.00,0.00,0.00,
PF03054,0.00,0.00,0.00,
PF03061,0.11,0.06,-0.05,-83.33
PF03062,0.14,0.12,-0.02,-16.67
PF03068,0.04,0.04,0.00,0.00
PF03071,0.00,0.00,0.00,
PF03083,0.03,0.00,-0.03,
PF03096,0.00,0.00,0.00,
PF03098,0.00,0.00,0.00,
PF03099,0.00,0.00,0.00,
PF03104,0.00,0.00,0.00,
PF03109,0.00,0.00,0.00,
PF03114,0.12,0.11,-0.01,-9.09
PF03129,0.10,0.09,-0.01,-11.11
PF03131,0.00,0.00,0.00,
PF03133,0.15,0.14,-0.01,-7.14
PF03137,0.50,0.00,-0.50,
PF03143,0.00,0.00,0.00,
PF03144,0.05,0.05,0.00,0.00
PF03151,0.00,0.00,0.00,
PF03153,0.00,0.00,0.00,
PF03155,0.10,0.11,0.01,9.09
PF03160,0.00,0.00,0.00,
PF03165,0.07,0.07,0.00,0.00
PF03171,0.04,0.07,0.03,42.86
PF03179,0.01,0.00,-0.01,
PF03184,0.07,0.06,-0.01,-16.67
PF03185,0.00,0.00,0.00,
PF03188,0.01,0.01,0.00,0.00
PF03190,0.00,0.00,0.00,
PF03200,0.00,0.00,0.00,
PF03215,0.00,0.00,0.00,
PF03221,0.15,0.10,-0.05,-50.00
PF03226,0.00,0.00,0.00,
PF03259,0.00,0.00,0.00,
PF03281,0.13,0.20,0.07,35.00
PF03299,0.00,0.00,0.00,
PF03332,0.01,0.01,0.00,0.00
PF03351,0.09,0.06,-0.03,-50.00
PF03357,0.12,0.10,-0.02,-20.00
PF03364,0.00,0.00,0.00,
PF03370,0.21,0.17,-0.04,-23.53
PF03372,0.37,0.37,0.00,0.00
PF03378,0.00,0.00,0.00,
PF03388,0.00,0.00,0.00,
PF03399,0.00,0.00,0.00,
PF03402,0.00,0.00,0.00,
PF03403,0.02,0.02,0.00,0.00
PF03404,0.00,0.00,0.00,
PF03414,0.00,0.00,0.00,
PF03435,0.00,0.00,0.00,
PF03446,0.00,0.00,0.00,
PF03450,0.00,0.00,0.00,
PF03454,0.00,0.00,0.00,
PF03464,0.00,0.00,0.00,
PF03465,0.00,0.00,0.00,
PF03487,0.00,0.00,0.00,
PF03516,0.05,0.04,-0.01,-25.00
PF03533,0.00,0.00,0.00,
PF03567,0.24,0.32,0.08,25.00
PF03572,0.10,0.00,-0.10,
PF03607,0.03,0.04,0.01,25.00
PF03630,0.00,0.00,0.00,
PF03643,0.00,0.00,0.00,
PF03656,0.00,0.00,0.00,
PF03670,0.00,0.00,0.00,
PF03700,0.00,0.00,0.00,
PF03725,0.00,0.00,0.00,
PF03731,0.09,0.09,0.00,0.00
PF03770,0.31,0.31,0.00,0.00
PF03798,0.12,0.14,0.02,14.29
PF03803,0.03,0.01,-0.02,-200.00
PF03807,0.06,0.06,0.00,0.00
PF03810,0.07,0.05,-0.02,-40.00
PF03815,0.08,0.00,-0.08,
PF03828,0.04,0.02,-0.02,-100.00
PF03847,0.00,0.00,0.00,
PF03901,0.00,0.00,0.00,
PF03908,0.00,0.00,0.00,
PF03921,0.03,0.02,-0.01,-50.00
PF03931,0.00,0.00,0.00,
PF03949,0.01,0.01,0.00,0.00
PF03953,0.04,0.03,-0.01,-33.33
PF03954,0.00,0.00,0.00,
PF03957,0.00,0.00,0.00,
PF03959,0.00,0.00,0.00,
PF03992,0.04,0.00,-0.04,
PF03999,0.00,0.00,0.00,
PF04006,0.00,0.00,0.00,
PF04053,0.00,0.00,0.00,
PF04055,0.29,0.25,-0.04,-16.00
PF04057,0.00,0.00,0.00,
PF04072,0.00,0.00,0.00,
PF04095,0.00,0.00,0.00,
PF04099,0.00,0.00,0.00,
PF04100,0.00,0.00,0.00,
PF04103,0.13,0.12,-0.01,-8.33
PF04110,0.00,0.00,0.00,
PF04114,0.00,0.00,0.00,
PF04140,0.00,0.00,0.00,
PF04142,0.01,0.02,0.01,50.00
PF04177,0.00,0.00,0.00,
PF04188,0.00,0.00,0.00,
PF04191,0.00,0.00,0.00,
PF04193,0.15,0.00,-0.15,
PF04209,0.00,0.00,0.00,
PF04218,0.00,0.00,0.00,
PF04258,0.00,0.00,0.00,
PF04266,0.00,0.00,0.00,
PF04280,0.00,0.00,0.00,
PF04300,0.00,0.00,0.00,
PF04326,0.00,0.00,0.00,
PF04360,0.00,0.00,0.00,
PF04434,0.00,0.00,0.00,
PF04438,0.00,0.00,0.00,
PF04488,0.00,0.00,0.00,
PF04499,0.00,0.00,0.00,
PF04500,0.00,0.00,0.00,
PF04503,0.00,0.00,0.00,
PF04538,0.22,0.22,0.00,0.00
PF04547,0.00,0.00,0.00,
PF04548,0.07,0.07,0.00,0.00
PF04549,0.00,0.00,0.00,
PF04560,0.04,0.03,-0.01,-33.33
PF04564,0.08,0.07,-0.01,-14.29
PF04579,0.00,0.00,0.00,
PF04588,0.00,0.00,0.00,
PF04593,0.00,0.00,0.00,
PF04598,0.05,0.05,0.00,0.00
PF04603,0.00,0.00,0.00,
PF04628,0.00,0.00,0.00,
PF04629,0.00,0.00,0.00,
PF04680,0.00,0.00,0.00,
PF04691,0.00,0.00,0.00,
PF04707,0.04,0.04,0.00,0.00
PF04712,0.00,0.00,0.00,
PF04732,0.20,0.16,-0.04,-25.00
PF04750,0.00,0.00,0.00,
PF04757,0.00,0.00,0.00,
PF04790,0.00,0.00,0.00,
PF04802,0.00,0.00,0.00,
PF04803,0.00,0.00,0.00,
PF04811,0.03,0.02,-0.01,-50.00
PF04815,0.00,0.00,0.00,
PF04819,0.00,0.00,0.00,
PF04824,0.00,0.00,0.00,
PF04826,0.00,0.00,0.00,
PF04841,0.00,0.00,0.00,
PF04845,0.08,0.08,0.00,0.00
PF04847,0.02,0.02,0.00,0.00
PF04849,0.00,0.00,0.00,
PF04857,0.00,0.00,0.00,
PF04908,0.03,0.04,0.01,25.00
PF04909,0.00,0.00,0.00,
PF04912,0.00,0.00,0.00,
PF04952,0.00,0.00,0.00,
PF04969,0.17,0.16,-0.01,-6.25
PF04970,0.01,0.00,-0.01,
PF04983,0.00,0.00,0.00,
PF04997,0.00,0.00,0.00,
PF04998,0.00,0.00,0.00,
PF05000,0.00,0.00,0.00,
PF05001,0.08,0.00,-0.08,
PF05004,0.00,0.00,0.00,
PF05008,0.00,0.00,0.00,
PF05039,0.00,0.00,0.00,
PF05063,0.05,0.06,0.01,16.67
PF05066,0.00,0.00,0.00,
PF05083,0.00,0.00,0.00,
PF05147,0.00,0.00,0.00,
PF05148,0.00,0.00,0.00,
PF05185,0.00,0.00,0.00,
PF05186,0.02,0.00,-0.02,
PF05188,0.13,0.08,-0.05,-62.50
PF05190,0.15,0.15,0.00,0.00
PF05193,0.16,0.16,0.00,0.00
PF05205,0.00,0.00,0.00,
PF05217,0.00,0.00,0.00,
PF05219,0.00,0.00,0.00,
PF05225,0.18,0.00,-0.18,
PF05250,0.00,0.00,0.00,
PF05279,0.00,0.00,0.00,
PF05287,0.21,0.20,-0.01,-5.00
PF05296,0.06,0.04,-0.02,-50.00
PF05300,0.00,0.00,0.00,
PF05308,0.00,0.00,0.00,
PF05337,0.00,0.00,0.00,
PF05347,0.00,0.00,0.00,
PF05350,0.00,0.00,0.00,
PF05399,0.00,0.00,0.00,
PF05406,0.01,0.01,0.00,0.00
PF05454,0.00,0.00,0.00,
PF05458,0.00,0.00,0.00,
PF05461,0.04,0.03,-0.01,-33.33
PF05470,0.00,0.00,0.00,
PF05474,0.00,0.00,0.00,
PF05477,0.00,0.00,0.00,
PF05478,0.02,0.01,-0.01,-100.00
PF05483,0.00,0.00,0.00,
PF05507,0.00,0.00,0.00,
PF05510,0.00,0.00,0.00,
PF05544,0.00,0.00,0.00,
PF05577,0.00,0.00,0.00,
PF05602,0.00,0.00,0.00,
PF05609,0.02,0.01,-0.01,-100.00
PF05622,0.00,0.00,0.00,
PF05648,0.12,0.09,-0.03,-33.33
PF05653,0.00,0.00,0.00,
PF05686,0.00,0.00,0.00,
PF05693,0.00,0.00,0.00,
PF05699,0.11,0.08,-0.03,-37.50
PF05706,0.00,0.00,0.00,
PF05716,0.00,0.00,0.00,
PF05721,0.10,0.17,0.07,41.18
PF05726,0.00,0.00,0.00,
PF05729,0.18,0.16,-0.02,-12.50
PF05739,0.02,0.00,-0.02,
PF05741,0.00,0.00,0.00,
PF05743,0.00,0.00,0.00,
PF05760,0.50,0.00,-0.50,
PF05770,0.00,0.00,0.00,
PF05773,0.40,0.31,-0.09,-29.03
PF05781,0.00,0.00,0.00,
PF05782,0.00,0.00,0.00,
PF05790,0.07,0.10,0.03,30.00
PF05793,0.00,0.00,0.00,
PF05804,0.00,0.00,0.00,
PF05805,0.00,0.00,0.00,
PF05817,0.00,0.00,0.00,
PF05831,0.05,0.05,0.00,0.00
PF05889,0.00,0.00,0.00,
PF05903,0.00,0.00,0.00,
PF05916,0.00,0.00,0.00,
PF05922,0.00,0.00,0.00,
PF05934,0.00,0.00,0.00,
PF05937,0.00,0.00,0.00,
PF05956,0.00,0.00,0.00,
PF05970,0.00,0.00,0.00,
PF05971,0.00,0.00,0.00,
PF05986,0.11,0.10,-0.01,-10.00
PF05995,0.00,0.00,0.00,
PF05997,0.00,0.00,0.00,
PF06008,0.02,0.02,0.00,0.00
PF06009,0.00,0.00,0.00,
PF06021,0.04,0.04,0.00,0.00
PF06027,0.00,0.00,0.00,
PF06046,0.05,0.05,0.00,0.00
PF06052,0.00,0.00,0.00,
PF06060,0.00,0.00,0.00,
PF06148,0.00,0.00,0.00,
PF06159,0.00,0.00,0.00,
PF06202,0.00,0.00,0.00,
PF06209,0.00,0.00,0.00,
PF06211,0.00,0.00,0.00,
PF06220,0.00,0.00,0.00,
PF06248,0.00,0.00,0.00,
PF06268,0.18,0.13,-0.05,-38.46
PF06309,0.01,0.01,0.00,0.00
PF06337,0.03,0.08,0.05,62.50
PF06367,0.00,0.00,0.00,
PF06388,0.00,0.00,0.00,
PF06393,0.00,0.00,0.00,
PF06396,0.00,0.00,0.00,
PF06407,0.00,0.00,0.00,
PF06409,0.00,0.00,0.00,
PF06456,0.01,0.00,-0.01,
PF06463,0.00,0.00,0.00,
PF06464,0.07,0.05,-0.02,-40.00
PF06467,0.17,0.07,-0.10,-142.86
PF06472,0.01,0.01,0.00,0.00
PF06473,0.16,0.17,0.01,5.88
PF06546,0.00,0.00,0.00,
PF06581,0.00,0.00,0.00,
PF06602,0.00,0.00,0.00,
PF06607,0.00,0.00,0.00,
PF06637,0.00,0.00,0.00,
PF06679,0.00,0.00,0.00,
PF06730,0.00,0.00,0.00,
PF06733,0.11,0.12,0.01,8.33
PF06747,0.08,0.04,-0.04,-100.00
PF06758,0.07,0.00,-0.07,
PF06777,0.00,0.00,0.00,
PF06809,0.00,0.00,0.00,
PF06817,0.00,0.00,0.00,
PF06839,0.10,0.03,-0.07,-233.33
PF06888,0.00,0.00,0.00,
PF06907,0.00,0.00,0.00,
PF06954,0.00,0.00,0.00,
PF06959,0.00,0.00,0.00,
PF06963,0.00,0.00,0.00,
PF06990,0.07,0.08,0.01,12.50
PF07002,0.03,0.02,-0.01,-50.00
PF07004,0.44,0.16,-0.28,-175.00
PF07010,0.00,0.00,0.00,
PF07034,0.00,0.00,0.00,
PF07096,0.00,0.00,0.00,
PF07106,0.00,0.00,0.00,
PF07139,0.00,0.00,0.00,
PF07140,0.00,0.00,0.00,
PF07145,0.00,0.00,0.00,
PF07163,0.00,0.00,0.00,
PF07225,0.00,0.00,0.00,
PF07263,0.00,0.00,0.00,
PF07292,0.02,0.02,0.00,0.00
PF07326,0.00,0.00,0.00,
PF07334,0.00,0.00,0.00,
PF07354,0.00,0.00,0.00,
PF07458,0.01,0.01,0.00,0.00
PF07521,0.00,0.00,0.00,
PF07522,0.00,0.00,0.00,
PF07524,0.08,0.04,-0.04,-100.00
PF07525,0.00,0.00,0.00,
PF07562,0.00,0.00,0.00,
PF07565,0.07,0.09,0.02,22.22
PF07645,0.15,0.10,-0.05,-50.00
PF07646,0.00,0.00,0.00,
PF07647,0.17,0.11,-0.06,-54.55
PF07648,0.12,0.10,-0.02,-20.00
PF07651,0.01,0.00,-0.01,
PF07653,0.16,0.15,-0.01,-6.67
PF07654,0.23,0.09,-0.14,-155.56
PF07670,0.01,0.00,-0.01,
PF07678,0.08,0.07,-0.01,-14.29
PF07679,0.50,0.04,-0.46,-1150.00
PF07686,0.29,0.20,-0.09,-45.00
PF07699,0.05,0.05,0.00,0.00
PF07707,0.05,0.02,-0.03,-150.00
PF07714,0.37,0.35,-0.02,-5.71
PF07716,0.06,0.01,-0.05,-500.00
PF07717,0.21,0.19,-0.02,-10.53
PF07728,0.12,0.00,-0.12,
PF07738,0.09,0.07,-0.02,-28.57
PF07744,0.00,0.00,0.00,
PF07748,0.06,0.06,0.00,0.00
PF07773,0.27,0.08,-0.19,-237.50
PF07776,0.00,0.00,0.00,
PF07819,0.00,0.00,0.00,
PF07842,0.00,0.00,0.00,
PF07847,0.00,0.00,0.00,
PF07857,0.00,0.00,0.00,
PF07885,0.13,0.00,-0.13,
PF07888,0.00,0.00,0.00,
PF07894,0.00,0.00,0.00,
PF07915,0.09,0.08,-0.01,-12.50
PF07942,0.00,0.00,0.00,
PF07947,0.00,0.00,0.00,
PF07959,0.00,0.00,0.00,
PF07974,0.11,0.00,-0.11,
PF07984,0.00,0.00,0.00,
PF07986,0.00,0.00,0.00,
PF08007,0.07,0.03,-0.04,-133.33
PF08016,0.00,0.00,0.00,
PF08032,0.00,0.00,0.00,
PF08033,0.13,0.13,0.00,0.00
PF08038,0.00,0.00,0.00,
PF08040,0.00,0.00,0.00,
PF08070,0.00,0.00,0.00,
PF08081,0.00,0.00,0.00,
PF08180,0.00,0.00,0.00,
PF08190,0.00,0.00,0.00,
PF08202,0.00,0.00,0.00,
PF08204,0.00,0.00,0.00,
PF08205,0.30,0.14,-0.16,-114.29
PF08238,0.27,0.09,-0.18,-200.00
PF08264,0.16,0.12,-0.04,-33.33
PF08266,0.03,0.00,-0.03,
PF08271,0.10,0.07,-0.03,-42.86
PF08327,0.00,0.00,0.00,
PF08357,0.07,0.07,0.00,0.00
PF08373,0.00,0.00,0.00,
PF08377,0.00,0.00,0.00,
PF08385,0.00,0.00,0.00,
PF08389,0.15,0.14,-0.01,-7.14
PF08397,0.04,0.04,0.00,0.00
PF08416,0.06,0.04,-0.02,-50.00
PF08430,0.10,0.08,-0.02,-25.00
PF08433,0.00,0.00,0.00,
PF08434,0.00,0.00,0.00,
PF08441,0.05,0.03,-0.02,-66.67
PF08444,0.00,0.00,0.00,
PF08447,0.12,0.00,-0.12,
PF08466,0.00,0.00,0.00,
PF08491,0.00,0.00,0.00,
PF08513,0.00,0.00,0.00,
PF08516,0.00,0.00,0.00,
PF08526,0.00,0.00,0.00,
PF08527,0.00,0.00,0.00,
PF08540,0.00,0.00,0.00,
PF08551,0.00,0.00,0.00,
PF08558,0.03,0.02,-0.01,-50.00
PF08568,0.00,0.00,0.00,
PF08583,0.00,0.00,0.00,
PF08604,0.00,0.00,0.00,
PF08615,0.00,0.00,0.00,
PF08629,0.00,0.00,0.00,
PF08641,0.00,0.00,0.00,
PF08646,0.00,0.00,0.00,
PF08661,0.00,0.00,0.00,
PF08662,0.03,0.03,0.00,0.00
PF08675,0.00,0.00,0.00,
PF08688,0.00,0.00,0.00,
PF08709,0.00,0.00,0.00,
PF08726,0.02,0.02,0.00,0.00
PF08742,0.11,0.17,0.06,35.29
PF08743,0.00,0.00,0.00,
PF08774,0.00,0.00,0.00,
PF08777,0.05,0.05,0.00,0.00
PF08784,0.00,0.00,0.00,
PF08797,0.00,0.00,0.00,
PF08801,0.00,0.00,0.00,
PF08824,0.00,0.00,0.00,
PF08826,0.00,0.00,0.00,
PF08840,0.01,0.00,-0.01,
PF08913,0.00,0.00,0.00,
PF08916,0.00,0.00,0.00,
PF08952,0.04,0.02,-0.02,-100.00
PF08976,0.23,0.00,-0.23,
PF08997,0.00,0.00,0.00,
PF09004,0.00,0.00,0.00,
PF09006,0.00,0.00,0.00,
PF09011,0.00,0.00,0.00,
PF09030,0.00,0.00,0.00,
PF09038,0.00,0.00,0.00,
PF09067,0.02,0.02,0.00,0.00
PF09069,0.00,0.00,0.00,
PF09085,0.00,0.00,0.00,
PF09128,0.00,0.00,0.00,
PF09162,0.00,0.00,0.00,
PF09169,0.00,0.00,0.00,
PF09170,0.00,0.00,0.00,
PF09240,0.06,0.06,0.00,0.00
PF09256,0.00,0.00,0.00,
PF09258,0.00,0.00,0.00,
PF09261,0.08,0.03,-0.05,-166.67
PF09291,0.00,0.00,0.00,
PF09294,0.10,0.09,-0.01,-11.11
PF09309,0.00,0.00,0.00,
PF09325,0.00,0.00,0.00,
PF09332,0.00,0.00,0.00,
PF09358,0.00,0.00,0.00,
PF09379,0.04,0.02,-0.02,-100.00
PF09380,0.15,0.12,-0.03,-25.00
PF09422,0.48,0.24,-0.24,-100.00
PF09439,0.00,0.00,0.00,
PF09457,0.10,0.10,0.00,0.00
PF09469,0.00,0.00,0.00,
PF09514,0.00,0.00,0.00,
PF09532,0.00,0.00,0.00,
PF09727,0.00,0.00,0.00,
PF09766,0.00,0.00,0.00,
PF09772,0.00,0.00,0.00,
PF09787,0.00,0.00,0.00,
PF09809,0.00,0.00,0.00,
PF09811,0.00,0.00,0.00,
PF09812,0.00,0.00,0.00,
PF09815,0.00,0.00,0.00,
PF10034,0.06,0.06,0.00,0.00
PF10151,0.00,0.00,0.00,
PF10184,0.00,0.00,0.00,
PF10186,0.00,0.00,0.00,
PF10192,0.00,0.00,0.00,
PF10226,0.00,0.00,0.00,
PF10242,0.00,0.00,0.00,
PF10243,0.00,0.00,0.00,
PF10257,0.00,0.00,0.00,
PF10262,0.00,0.00,0.00,
PF10263,0.00,0.00,0.00,
PF10265,0.00,0.00,0.00,
PF10277,0.00,0.00,0.00,
PF10278,0.00,0.00,0.00,
PF10300,0.00,0.00,0.00,
PF10344,0.00,0.00,0.00,
PF10367,0.00,0.00,0.00,
PF10376,0.00,0.00,0.00,
PF10392,0.00,0.00,0.00,
PF10401,0.03,0.05,0.02,40.00
PF10409,0.02,0.02,0.00,0.00
PF10420,0.00,0.00,0.00,
PF10427,0.18,0.11,-0.07,-63.64
PF10472,0.00,0.00,0.00,
PF10488,0.00,0.00,0.00,
PF10500,0.00,0.00,0.00,
PF10508,0.00,0.00,0.00,
PF10565,0.00,0.00,0.00,
PF10591,0.00,0.00,0.00,
PF10607,0.36,0.38,0.02,5.26
PF10609,0.00,0.00,0.00,
PF10630,0.00,0.00,0.00,
PF10631,0.00,0.00,0.00,
PF11109,0.00,0.00,0.00,
PF11235,0.00,0.00,0.00,
PF11465,0.00,0.00,0.00,
PF11510,0.00,0.00,0.00,
PF11526,0.00,0.00,0.00,
PF11560,0.00,0.00,0.00,
PF11598,0.00,0.00,0.00,
PF11699,0.00,0.00,0.00,
PF11759,0.27,0.33,0.06,18.18
PF11788,0.00,0.00,0.00,
PF11789,0.00,0.00,0.00,
PF11802,0.00,0.00,0.00,
PF11819,0.00,0.00,0.00,
PF11838,0.00,0.00,0.00,
PF11933,0.00,0.00,0.00,
PF11971,0.00,0.00,0.00,
PF11977,0.03,0.02,-0.01,-50.00
PF12004,0.00,0.00,0.00,
PF12047,0.00,0.00,0.00,
PF12160,0.00,0.00,0.00,
PF12171,0.02,0.00,-0.02,
PF12201,0.00,0.00,0.00,
PF12231,0.00,0.00,0.00,
PF12260,0.00,0.00,0.00,
PF12297,0.00,0.00,0.00,
PF12304,0.00,0.00,0.00,
PF12349,0.00,0.00,0.00,
PF12424,0.22,0.00,-0.22,
PF12440,0.12,0.06,-0.06,-100.00
PF12480,0.01,0.00,-0.01,
PF12548,0.30,0.00,-0.30,
PF12569,0.00,0.00,0.00,
PF12657,0.00,0.00,0.00,
PF12661,0.21,0.12,-0.09,-75.00
PF12662,0.01,0.12,0.11,91.67
PF12738,0.00,0.00,0.00,
PF12770,0.00,0.00,0.00,
PF12777,0.00,0.00,0.00,
PF12796,0.09,0.00,-0.09,
PF12799,0.00,0.00,0.00,
PF12851,0.00,0.00,0.00,
PF12861,0.00,0.00,0.00,
PF12872,0.14,0.02,-0.12,-600.00
PF12874,0.06,0.00,-0.06,
PF12877,0.00,0.00,0.00,
PF12885,0.00,0.00,0.00,
PF12906,0.00,0.00,0.00,
PF12937,0.02,0.04,0.02,50.00
PF12947,0.11,0.03,-0.08,-266.67
PF12998,0.00,0.00,0.00,
PF13086,0.00,0.00,0.00,
PF13087,0.00,0.00,0.00,
PF13088,0.00,0.00,0.00,
PF13193,0.04,0.07,0.03,42.86
PF13240,0.00,0.00,0.00,
PF13279,0.00,0.00,0.00,
PF13324,0.00,0.00,0.00,
PF13330,0.04,0.00,-0.04,
PF13365,0.00,0.00,0.00,
PF13378,0.00,0.00,0.00,
PF13402,0.00,0.00,0.00,
PF13410,0.00,0.00,0.00,
PF13450,0.00,0.00,0.00,
PF13499,0.07,0.03,-0.04,-133.33
PF13513,0.00,0.06,0.06,100.00
PF13517,0.00,0.04,0.04,100.00
PF13679,0.00,0.00,0.00,
PF13691,0.00,0.00,0.00,
PF13725,0.00,0.00,0.00,
PF13757,0.01,0.00,-0.01,
PF13765,0.05,0.05,0.00,0.00
PF13804,0.00,0.00,0.00,
PF13831,0.00,0.00,0.00,
PF13832,0.00,0.00,0.00,
PF13833,0.00,0.00,0.00,
PF13837,0.00,0.00,0.00,
PF13840,0.00,0.00,0.00,
PF13841,0.03,0.02,-0.01,-50.00
PF13842,0.00,0.00,0.00,
PF13843,0.09,0.09,0.00,0.00
PF13848,0.04,0.04,0.00,0.00
PF13853,0.00,0.00,0.00,
PF13855,0.03,0.00,-0.03,
PF13862,0.00,0.00,0.00,
PF13868,0.01,0.00,-0.01,
PF13873,0.02,0.01,-0.01,-100.00
PF13883,0.02,0.00,-0.02,
PF13885,0.13,0.15,0.02,13.33
PF13895,0.35,0.27,-0.08,-29.63
PF13897,0.00,0.00,0.00,
PF13899,0.00,0.00,0.00,
PF13903,0.00,0.00,0.00,
PF13905,0.00,0.00,0.00,
PF13908,0.21,0.14,-0.07,-50.00
PF13911,0.09,0.07,-0.02,-28.57
PF13913,0.11,0.00,-0.11,
PF13914,0.00,0.00,0.00,
PF13916,0.00,0.00,0.00,
PF13920,0.10,0.06,-0.04,-66.67
PF13923,0.00,0.00,0.00,
PF13927,0.21,0.12,-0.09,-75.00
PF14160,0.00,0.00,0.00,
PF14260,0.00,0.00,0.00,
PF14306,0.01,0.00,-0.01,
PF14360,0.00,0.00,0.00,
PF14493,0.00,0.00,0.00,
PF14523,0.00,0.00,0.00,
PF14565,0.00,0.00,0.00,
PF14572,0.00,0.00,0.00,
PF14596,0.00,0.00,0.00,
PF14631,0.00,0.00,0.00,
PF14634,0.00,0.00,0.00,
PF14635,0.00,0.00,0.00,
PF14639,0.00,0.00,0.00,
PF14642,0.64,0.00,-0.64,
PF14643,0.00,0.00,0.00,
PF14648,0.00,0.00,0.00,
PF14650,0.05,0.05,0.00,0.00
PF14651,0.00,0.00,0.00,
PF14654,0.00,0.00,0.00,
PF14670,0.00,0.00,0.00,
PF14694,0.00,0.00,0.00,
PF14701,0.00,0.00,0.00,
PF14707,0.11,0.11,0.00,0.00
PF14713,0.00,0.00,0.00,
PF14724,0.00,0.00,0.00,
PF14749,0.00,0.00,0.00,
PF14787,0.00,0.00,0.00,
PF14797,0.00,0.00,0.00,
PF14800,0.00,0.00,0.00,
PF14816,0.00,0.00,0.00,
PF14817,0.00,0.00,0.00,
PF14818,0.00,0.00,0.00,
PF14828,0.00,0.00,0.00,
PF14836,0.09,0.09,0.00,0.00
PF14858,0.00,0.00,0.00,
PF14880,0.00,0.00,0.00,
PF14893,0.00,0.00,0.00,
PF14915,0.00,0.00,0.00,
PF14922,0.00,0.00,0.00,
PF14925,0.00,0.00,0.00,
PF14932,0.00,0.00,0.00,
PF14933,0.00,0.00,0.00,
PF14950,0.00,0.00,0.00,
PF14951,0.00,0.00,0.00,
PF14957,0.00,0.00,0.00,
PF14958,0.00,0.00,0.00,
PF14967,0.00,0.00,0.00,
PF14969,0.00,0.00,0.00,
PF14977,0.00,0.00,0.00,
PF14979,0.00,0.00,0.00,
PF14985,0.00,0.00,0.00,
PF14986,0.00,0.00,0.00,
PF14988,0.03,0.03,0.00,0.00
PF14992,0.02,0.02,0.00,0.00
PF15005,0.02,0.02,0.00,0.00
PF15015,0.00,0.00,0.00,
PF15020,0.00,0.00,0.00,
PF15030,0.00,0.00,0.00,
PF15032,0.00,0.00,0.00,
PF15037,0.00,0.00,0.00,
PF15039,0.00,0.00,0.00,
PF15040,0.00,0.00,0.00,
PF15050,0.00,0.00,0.00,
PF15057,0.00,0.00,0.00,
PF15058,0.00,0.00,0.00,
PF15068,0.00,0.00,0.00,
PF15070,0.00,0.00,0.00,
PF15079,0.00,0.00,0.00,
PF15080,0.00,0.00,0.00,
PF15081,0.00,0.00,0.00,
PF15083,0.00,0.00,0.00,
PF15095,0.00,0.00,0.00,
PF15101,0.00,0.00,0.00,
PF15102,0.00,0.00,0.00,
PF15105,0.00,0.00,0.00,
PF15136,0.00,0.00,0.00,
PF15141,0.00,0.00,0.00,
PF15142,0.00,0.00,0.00,
PF15143,0.38,0.00,-0.38,
PF15149,0.00,0.00,0.00,
PF15160,0.00,0.00,0.00,
PF15164,0.00,0.00,0.00,
PF15165,0.00,0.00,0.00,
PF15174,0.00,0.00,0.00,
PF15177,0.05,0.04,-0.01,-25.00
PF15180,0.00,0.00,0.00,
PF15192,0.00,0.00,0.00,
PF15195,0.00,0.00,0.00,
PF15199,0.00,0.00,0.00,
PF15201,0.00,0.00,0.00,
PF15202,0.00,0.00,0.00,
PF15205,0.00,0.00,0.00,
PF15206,0.00,0.00,0.00,
PF15209,0.00,0.00,0.00,
PF15215,0.00,0.00,0.00,
PF15218,0.00,0.00,0.00,
PF15227,0.00,0.00,0.00,
PF15231,0.00,0.00,0.00,
PF15255,0.00,0.00,0.00,
PF15268,0.00,0.00,0.00,
PF15274,0.00,0.00,0.00,
PF15288,0.00,0.00,0.00,
PF15291,0.00,0.00,0.00,
PF15292,0.00,0.00,0.00,
PF15314,0.00,0.00,0.00,
PF15315,0.00,0.00,0.00,
PF15319,0.00,0.00,0.00,
PF15324,0.00,0.00,0.00,
PF15334,0.00,0.00,0.00,
PF15338,0.00,0.00,0.00,
PF15339,0.00,0.00,0.00,
PF15347,0.00,0.00,0.00,
PF15351,0.00,0.00,0.00,
PF15352,0.00,0.00,0.00,
PF15357,0.00,0.00,0.00,
PF15371,0.00,0.00,0.00,
PF15372,0.00,0.00,0.00,
PF15379,0.00,0.00,0.00,
PF15384,0.00,0.00,0.00,
PF15390,0.00,0.00,0.00,
PF15391,0.00,0.00,0.00,
PF15393,0.00,0.00,0.00,
PF15395,0.00,0.00,0.00,
PF15399,0.00,0.00,0.00,
PF15412,0.00,0.00,0.00,
PF15419,0.00,0.00,0.00,
PF15423,0.00,0.00,0.00,
PF15429,0.00,0.00,0.00,
PF15439,0.00,0.00,0.00,
PF15440,0.00,0.00,0.00,
PF15441,0.00,0.00,0.00,
PF15455,0.00,0.00,0.00,
PF15462,0.00,0.00,0.00,
PF15471,0.00,0.00,0.00,
PF15482,0.00,0.00,0.00,
PF15483,0.00,0.00,0.00,
PF15485,0.00,0.00,0.00,
PF15489,0.00,0.00,0.00,
PF15506,0.00,0.00,0.00,
PF15508,0.00,0.00,0.00,
PF15539,0.00,0.00,0.00,
PF15554,0.00,0.00,0.00,
PF15557,0.00,0.00,0.00,
PF15578,0.00,0.00,0.00,
PF15621,0.00,0.00,0.00,
PF15622,0.00,0.00,0.00,
PF15664,0.00,0.00,0.00,
PF15670,0.00,0.00,0.00,
PF15681,0.00,0.00,0.00,
PF15687,0.00,0.00,0.00,
PF15688,0.00,0.00,0.00,
PF15695,0.00,0.00,0.00,
PF15710,0.00,0.00,0.00,
PF15721,0.00,0.00,0.00,
PF15727,0.00,0.00,0.00,
PF15729,0.00,0.00,0.00,
PF15741,0.00,0.00,0.00,
PF15746,0.00,0.00,0.00,
PF15754,0.00,0.00,0.00,
PF15758,0.00,0.00,0.00,
PF15769,0.00,0.00,0.00,
PF15776,0.00,0.00,0.00,
PF15783,0.44,0.00,-0.44,
PF15788,0.33,0.05,-0.28,-560.00
PF15789,0.00,0.00,0.00,
PF15790,0.00,0.00,0.00,
PF15807,0.00,0.00,0.00,
PF15816,0.00,0.00,0.00,
PF15817,0.00,0.00,0.00,
PF15821,0.00,0.00,0.00,
PF15830,0.00,0.00,0.00,
PF15838,0.00,0.00,0.00,
PF15841,0.00,0.00,0.00,
PF15843,0.00,0.00,0.00,
PF15845,0.00,0.00,0.00,
PF15847,0.00,0.00,0.00,
PF15849,0.00,0.00,0.00,
PF15855,0.00,0.00,0.00,
PF15873,0.00,0.00,0.00,
PF15874,0.04,0.04,0.00,0.00
PF15875,0.00,0.00,0.00,
PF15876,0.00,0.00,0.00,
PF15895,0.00,0.00,0.00,
PF15897,0.00,0.00,0.00,
PF15902,0.00,0.00,0.00,
PF15903,0.00,0.00,0.00,
PF15908,0.00,0.00,0.00,
PF15909,0.00,0.00,0.00,
PF15910,0.00,0.00,0.00,
PF15913,0.00,0.00,0.00,
PF15961,0.00,0.00,0.00,
PF15964,0.00,0.00,0.00,
PF15974,0.00,0.00,0.00,
PF16006,0.00,0.00,0.00,
PF16076,0.00,0.00,0.00,
PF16094,0.00,0.00,0.00,
PF16177,0.00,0.00,0.00,
PF16182,0.50,0.00,-0.50,
PF16207,0.00,0.00,0.00,
PF16208,0.00,0.00,0.00,
PF16210,0.00,0.00,0.00,
PF16214,0.00,0.00,0.00,
PF16317,0.00,0.00,0.00,
PF16360,0.00,0.00,0.00,
PF16474,0.00,0.00,0.00,
PF16482,0.00,0.00,0.00,
PF16489,0.00,0.00,0.00,
PF16492,0.03,0.00,-0.03,
PF16499,0.00,0.00,0.00,
PF16619,0.00,0.00,0.00,
PF16620,0.00,0.00,0.00,
PF16630,0.00,0.00,0.00,
PF16647,0.00,0.00,0.00,
PF16652,0.00,0.00,0.00,
PF16696,0.00,0.00,0.00,
PF16716,0.00,0.00,0.00,
PF16746,0.00,0.00,0.00,
PF16788,0.00,0.00,0.00,
PF17039,0.00,0.00,0.00,
PF17047,0.00,0.00,0.00,
PF17085,0.00,0.00,0.00,
PF17146,0.00,0.00,0.00,
PF17256,0.00,0.00,0.00,
PF17284,0.05,0.05,0.00,0.00
PF17285,0.00,0.00,0.00,
PF17286,0.00,0.00,0.00,
PF17291,0.00,0.00,0.00,
PF17333,0.00,0.00,0.00,
PF17450,0.00,0.00,0.00,
PF17489,0.00,0.00,0.00,
PF17490,0.00,0.00,0.00,
PF17677,0.00,0.00,0.00,
PF17686,0.00,0.00,0.00,
PF17690,0.00,0.00,0.00,
PF17698,0.00,0.00,0.00,
PF17699,0.00,0.00,0.00,
PF17703,0.00,0.00,0.00,
PF17706,0.00,0.00,0.00,
PF17708,0.13,0.12,-0.01,-8.33
PF17710,0.00,0.00,0.00,
PF17714,0.00,0.00,0.00,
PF17729,0.00,0.00,0.00,
PF17739,0.00,0.00,0.00,
PF17744,0.00,0.00,0.00,
PF17749,0.00,0.00,0.00,
PF17776,0.00,0.00,0.00,
PF17779,0.00,0.00,0.00,
PF17780,0.00,0.00,0.00,
PF17790,0.00,0.00,0.00,
PF17791,0.00,0.00,0.00,
PF17821,0.00,0.00,0.00,
PF17825,0.00,0.00,0.00,
PF17848,0.00,0.00,0.00,
PF17857,0.00,0.00,0.00,
PF17862,0.00,0.00,0.00,
PF17900,0.06,0.05,-0.01,-20.00
PF17927,0.00,0.00,0.00,
PF17949,0.00,0.00,0.00,
PF18111,0.00,0.00,0.00,
PF18114,0.00,0.00,0.00,
PF18122,0.00,0.00,0.00,
PF18139,0.00,0.00,0.00,
PF18201,0.00,0.00,0.00,
PF18256,0.00,0.00,0.00,
PF18366,0.01,0.01,0.00,0.00
PF18727,0.18,0.02,-0.16,-800.00
PF18872,0.00,0.00,0.00,
PF18875,0.00,0.00,0.00,
PF18876,0.00,0.00,0.00,
PF19031,0.13,0.12,-0.01,-8.33
PF19032,0.14,0.16,0.02,12.50
PF19033,0.26,0.25,-0.01,-4.00
PF19036,0.11,0.10,-0.01,-10.00
PF19037,0.28,0.27,-0.01,-3.70
PF19038,0.22,0.21,-0.01,-4.76
PF19046,0.00,0.00,0.00,
PF19047,0.00,0.00,0.00,
PF19088,0.00,0.00,0.00,
PF19236,0.00,0.00,0.00,
PF19273,0.00,0.00,0.00,
PF19317,0.00,0.00,0.00,
PF19326,0.02,0.02,0.00,0.00
PF19336,0.00,0.00,0.00,
PF19729,0.00,0.00,0.00,
PF19743,0.00,0.00,0.00,
PF20166,0.07,0.07,0.00,0.00
PF20168,0.00,0.00,0.00,
PF20258,0.00,0.00,0.00,
PF20259,0.00,0.00,0.00,
PF20266,0.06,0.06,0.00,0.00
PF20433,0.00,0.00,0.00,
PF20443,0.12,0.12,0.00,0.00
PF20491,0.00,0.00,0.00,
PF20510,0.00,0.00,0.00,
PF20511,0.00,0.00,0.00,
PF20512,0.00,0.00,0.00,
PF20514,0.00,0.00,0.00,
PF20518,0.00,0.00,0.00,
PF20519,0.00,0.00,0.00,
PF20626,0.00,0.00,0.00,
PF20634,0.00,0.00,0.00,
PF20665,0.00,0.00,0.00,
PF20666,0.00,0.00,0.00,
PF20691,0.00,0.00,0.00,
PF20692,0.00,0.00,0.00,
PF20721,0.00,0.00,0.00,
PF20770,0.00,0.00,0.00,
PF20801,0.00,0.00,0.00,
PF20805,0.12,0.11,-0.01,-9.09
PF20806,0.14,0.11,-0.03,-27.27
PF20808,0.00,0.00,0.00,
PF20826,0.00,0.00,0.00,
PF20854,0.00,0.00,0.00,
PF20864,0.00,0.00,0.00,
PF20885,0.00,0.00,0.00,
PF20927,0.00,0.00,0.00,
PF20936,0.00,0.00,0.00,
PF20989,0.00,0.00,0.00,
PF20996,0.00,0.00,0.00,
PF21009,0.42,0.00,-0.42,
PF21031,0.00,0.00,0.00,
PF21032,0.00,0.00,0.00,
PF21033,0.00,0.00,0.00,
PF21034,0.00,0.00,0.00,
PF21044,0.00,0.00,0.00,
PF21045,0.00,0.00,0.00,
PF21317,0.00,0.00,0.00,
PF21363,0.00,0.00,0.00,
PF21365,0.01,0.00,-0.01,
PF21399,0.00,0.00,0.00,
PF21530,0.00,0.00,0.00,
PF21711,0.00,0.00,0.00,
PF21771,0.00,0.00,0.00,
