Pfam_code,blosum62_global_mean
PF00001,0.7
PF00002,1.31
PF00003,1.01
PF00004,1.74
PF00005,1.22
PF00006,1.89
PF00007,1.65
PF00008,2.53
PF00009,1.69
PF00010,1.29
PF00011,2.18
PF00012,2.26
PF00013,1.14
PF00014,2.46
PF00017,1.23
PF00018,1.76
PF00019,2.06
PF00020,1.57
PF00021,1.08
PF00022,2.34
PF00023,1.49
PF00024,1.2
PF00025,1.9
PF00026,2.69
PF00027,1.11
PF00028,0.94
PF00029,2.62
PF00030,1.62
PF00031,0.92
PF00032,
PF00033,
PF00034,5.33
PF00035,1.22
PF00036,1.46
PF00037,4.3
PF00038,1.75
PF00039,2.45
PF00040,2.92
PF00041,0.71
PF00042,2.05
PF00043,0.97
PF00044,3.86
PF00045,1.2
PF00046,1.74
PF00047,1.7
PF00048,1.56
PF00049,1.29
PF00050,2.04
PF00051,3.04
PF00052,1.38
PF00053,1.97
PF00054,1.0
PF00055,2.38
PF00056,2.74
PF00057,2.6
PF00058,1.59
PF00059,1.08
PF00060,1.56
PF00061,0.4
PF00062,2.86
PF00063,1.99
PF00066,2.79
PF00067,0.86
PF00068,2.22
PF00069,1.1
PF00071,1.5
PF00074,1.22
PF00075,3.84
PF00076,1.11
PF00077,5.2
PF00078,3.88
PF00079,1.38
PF00080,3.2
PF00081,5.08
PF00082,2.15
PF00083,0.92
PF00084,1.42
PF00085,1.58
PF00086,2.05
PF00087,2.39
PF00088,2.65
PF00089,1.61
PF00090,2.11
PF00091,3.03
PF00092,0.85
PF00093,2.14
PF00094,0.95
PF00095,2.37
PF00096,2.75
PF00097,2.18
PF00098,3.15
PF00100,1.13
PF00102,2.08
PF00103,3.13
PF00104,0.96
PF00105,3.25
PF00106,0.9
PF00107,1.36
PF00108,1.86
PF00109,2.15
PF00110,2.53
PF00111,1.4
PF00112,2.12
PF00113,2.95
PF00115,
PF00116,
PF00117,1.92
PF00118,1.35
PF00119,
PF00120,2.32
PF00121,5.21
PF00122,0.99
PF00123,1.95
PF00125,1.49
PF00128,2.67
PF00129,3.12
PF00130,1.86
PF00131,4.81
PF00133,2.05
PF00134,0.91
PF00135,2.18
PF00136,2.14
PF00137,2.01
PF00143,3.3
PF00144,2.01
PF00145,2.99
PF00146,
PF00147,2.52
PF00149,1.01
PF00151,2.22
PF00152,2.14
PF00153,0.8
PF00155,0.57
PF00156,0.92
PF00157,3.39
PF00159,3.25
PF00160,2.61
PF00162,4.6
PF00163,3.6
PF00164,3.64
PF00166,4.48
PF00167,2.02
PF00168,0.67
PF00169,0.48
PF00170,1.63
PF00171,1.55
PF00173,1.58
PF00174,
PF00175,1.28
PF00176,2.02
PF00177,2.68
PF00178,2.91
PF00179,1.79
PF00180,2.25
PF00181,2.91
PF00183,3.04
PF00184,5.08
PF00185,2.74
PF00186,4.68
PF00188,1.95
PF00189,5.05
PF00191,1.65
PF00193,2.18
PF00194,2.01
PF00198,2.84
PF00199,5.03
PF00200,3.26
PF00201,2.56
PF00202,1.96
PF00203,5.16
PF00204,4.7
PF00205,2.94
PF00206,3.09
PF00207,2.53
PF00208,5.2
PF00209,2.66
PF00210,3.86
PF00211,1.99
PF00212,3.61
PF00213,4.57
PF00214,2.13
PF00215,4.47
PF00217,4.25
PF00219,2.75
PF00220,5.22
PF00221,5.01
PF00224,4.51
PF00225,1.87
PF00226,2.58
PF00227,1.08
PF00229,0.98
PF00230,1.62
PF00231,
PF00232,2.38
PF00233,1.98
PF00235,3.09
PF00236,5.14
PF00237,3.83
PF00238,3.38
PF00240,1.7
PF00241,1.13
PF00243,3.42
PF00244,3.93
PF00245,3.99
PF00246,1.29
PF00248,1.85
PF00249,1.87
PF00250,2.85
PF00252,3.44
PF00253,3.46
PF00254,1.69
PF00255,-inf
PF00258,1.95
PF00260,
PF00261,3.88
PF00262,4.02
PF00264,2.72
PF00265,4.92
PF00266,1.62
PF00268,4.87
PF00270,1.16
PF00271,0.98
PF00273,1.51
PF00274,4.29
PF00276,3.25
PF00277,4.21
PF00278,1.57
PF00281,5.02
PF00282,2.11
PF00285,4.9
PF00287,2.5
PF00288,1.59
PF00289,2.79
PF00291,1.5
PF00292,4.07
PF00293,0.71
PF00294,2.45
PF00297,2.64
PF00298,2.01
PF00300,1.72
PF00303,
PF00305,2.54
PF00306,
PF00307,0.82
PF00312,0.39
PF00313,1.65
PF00316,4.36
PF00317,
PF00318,2.46
PF00319,4.79
PF00320,2.57
PF00322,5.3
PF00323,2.85
PF00324,2.63
PF00326,1.51
PF00327,2.51
PF00328,1.47
PF00329,
PF00330,4.06
PF00333,3.65
PF00334,2.03
PF00335,1.23
PF00337,1.8
PF00338,1.86
PF00339,1.42
PF00340,1.38
PF00341,2.9
PF00342,5.09
PF00343,4.54
PF00344,4.79
PF00346,5.16
PF00347,2.36
PF00348,1.7
PF00349,3.09
PF00350,1.48
PF00351,3.86
PF00352,2.19
PF00354,1.39
PF00355,1.94
PF00357,2.82
PF00361,0.59
PF00362,3.25
PF00363,
PF00364,2.05
PF00365,2.92
PF00366,2.45
PF00368,4.8
PF00370,1.61
PF00373,1.1
PF00375,3.35
PF00377,3.12
PF00378,1.18
PF00380,3.65
PF00382,1.83
PF00383,1.92
PF00384,5.09
PF00385,1.97
PF00386,1.41
PF00387,2.63
PF00388,2.93
PF00389,1.98
PF00390,4.6
PF00393,5.28
PF00394,3.56
PF00396,3.59
PF00397,2.46
PF00398,3.22
PF00400,1.06
PF00402,3.63
PF00403,2.32
PF00405,2.87
PF00406,1.44
PF00408,2.04
PF00410,4.49
PF00411,3.15
PF00412,1.42
PF00413,2.53
PF00414,2.63
PF00415,1.46
PF00416,5.42
PF00418,3.24
PF00420,
PF00428,2.39
PF00429,1.04
PF00431,1.38
PF00432,0.76
PF00433,1.6
PF00435,0.47
PF00436,5.25
PF00438,4.07
PF00439,1.49
PF00441,1.53
PF00443,1.1
PF00444,
PF00445,5.56
PF00446,4.5
PF00447,2.95
PF00448,4.17
PF00450,3.42
PF00452,1.85
PF00453,5.09
PF00454,1.16
PF00456,4.03
PF00458,2.29
PF00459,1.93
PF00462,1.51
PF00464,4.75
PF00465,4.94
PF00466,3.81
PF00467,2.2
PF00468,5.25
PF00471,
PF00472,2.08
PF00473,1.66
PF00474,1.73
PF00476,2.6
PF00478,2.78
PF00479,3.65
PF00480,5.08
PF00481,1.2
PF00483,2.56
PF00485,3.79
PF00487,1.51
PF00488,2.95
PF00489,5.05
PF00490,5.13
PF00491,2.78
PF00493,2.6
PF00494,2.22
PF00498,1.07
PF00499,
PF00501,0.75
PF00503,2.96
PF00505,1.59
PF00507,
PF00510,
PF00514,0.78
PF00515,1.14
PF00517,4.7
PF00520,0.72
PF00521,4.64
PF00525,3.18
PF00530,2.37
PF00531,2.44
PF00533,0.57
PF00534,0.94
PF00535,1.38
PF00536,0.99
PF00538,1.47
PF00542,4.2
PF00549,1.92
PF00550,1.36
PF00551,2.74
PF00552,5.95
PF00554,2.48
PF00557,1.19
PF00560,1.49
PF00561,0.7
PF00562,2.85
PF00564,1.32
PF00565,0.86
PF00566,0.89
PF00567,0.7
PF00568,1.88
PF00569,2.5
PF00570,1.71
PF00571,0.96
PF00572,2.95
PF00573,2.44
PF00574,4.66
PF00575,1.14
PF00576,5.14
PF00578,3.37
PF00579,1.45
PF00581,0.71
PF00583,0.61
PF00584,
PF00586,2.5
PF00587,2.18
PF00588,1.35
PF00590,
PF00591,4.87
PF00594,3.39
PF00595,1.24
PF00596,2.83
PF00605,2.81
PF00607,5.07
PF00609,2.51
PF00610,1.28
PF00611,1.22
PF00612,1.49
PF00613,1.88
PF00614,2.26
PF00615,1.09
PF00616,1.43
PF00617,1.4
PF00618,1.06
PF00619,0.78
PF00620,1.44
PF00621,0.92
PF00622,0.66
PF00623,2.89
PF00625,1.72
PF00626,0.78
PF00627,1.36
PF00628,2.08
PF00629,1.25
PF00630,1.51
PF00631,1.64
PF00632,1.61
PF00633,3.03
PF00634,1.81
PF00635,1.44
PF00636,3.16
PF00637,0.52
PF00638,2.95
PF00639,4.94
PF00640,0.96
PF00641,2.21
PF00642,2.22
PF00643,1.93
PF00644,1.35
PF00645,2.82
PF00646,1.24
PF00647,
PF00648,2.51
PF00650,1.4
PF00651,1.17
PF00652,1.14
PF00653,2.57
PF00654,2.32
PF00656,1.5
PF00657,1.87
PF00658,4.15
PF00659,1.32
PF00662,
PF00664,0.5
PF00665,5.47
PF00666,2.56
PF00667,2.05
PF00670,3.9
PF00673,5.29
PF00675,1.9
PF00676,1.62
PF00679,1.13
PF00681,1.51
PF00682,2.82
PF00683,2.58
PF00684,3.68
PF00685,1.13
PF00686,2.02
PF00687,2.58
PF00688,0.94
PF00689,1.4
PF00690,1.39
PF00692,3.79
PF00694,3.31
PF00696,
PF00698,2.42
PF00701,2.11
PF00702,0.99
PF00703,
PF00704,2.45
PF00705,
PF00708,4.03
PF00709,4.52
PF00710,5.1
PF00711,1.79
PF00714,
PF00715,
PF00717,3.91
PF00719,4.77
PF00723,3.22
PF00725,1.81
PF00726,1.9
PF00727,4.63
PF00728,3.42
PF00730,1.96
PF00731,5.29
PF00732,5.41
PF00733,2.42
PF00735,3.06
PF00736,5.01
PF00743,3.53
PF00748,2.5
PF00749,2.45
PF00750,2.37
PF00751,4.28
PF00752,1.71
PF00753,1.09
PF00754,1.84
PF00755,2.08
PF00756,5.41
PF00757,2.91
PF00758,3.1
PF00762,5.13
PF00763,2.59
PF00764,5.25
PF00766,4.75
PF00769,3.03
PF00773,2.16
PF00777,1.56
PF00778,3.13
PF00779,2.97
PF00780,1.35
PF00781,1.7
PF00782,1.25
PF00784,1.61
PF00786,2.07
PF00787,1.03
PF00788,0.56
PF00789,1.03
PF00790,2.29
PF00791,2.37
PF00792,1.75
PF00794,1.33
PF00795,1.77
PF00797,4.64
PF00801,0.75
PF00804,2.2
PF00805,1.27
PF00806,1.67
PF00808,1.48
PF00809,5.08
PF00810,4.28
PF00811,5.42
PF00812,2.42
PF00814,2.67
PF00817,2.47
PF00821,4.84
PF00822,1.12
PF00827,5.33
PF00828,2.39
PF00829,4.97
PF00830,5.3
PF00831,4.65
PF00832,5.1
PF00833,4.87
PF00834,5.06
PF00835,4.76
PF00836,3.2
PF00837,-inf
PF00838,4.64
PF00839,1.16
PF00841,
PF00849,1.72
PF00850,2.3
PF00852,2.78
PF00853,5.06
PF00854,2.58
PF00855,1.31
PF00856,1.12
PF00857,3.73
PF00858,1.86
PF00859,3.49
PF00860,2.77
PF00861,
PF00864,2.71
PF00865,5.27
PF00867,2.71
PF00868,1.77
PF00870,4.47
PF00875,4.36
PF00876,1.04
PF00878,1.35
PF00879,2.92
PF00880,1.55
PF00881,5.0
PF00882,
PF00883,2.34
PF00884,1.48
PF00886,5.61
PF00887,3.39
PF00888,2.2
PF00889,4.77
PF00890,4.96
PF00891,3.17
PF00892,0.3
PF00895,
PF00899,1.12
PF00900,4.89
PF00903,0.96
PF00904,3.09
PF00907,3.11
PF00909,2.57
PF00916,2.18
PF00917,2.71
PF00918,4.92
PF00919,1.32
PF00923,4.75
PF00927,0.7
PF00928,1.42
PF00929,0.82
PF00930,1.91
PF00931,5.15
PF00932,2.47
PF00935,5.33
PF00939,2.76
PF00940,4.83
PF00941,2.08
PF00953,5.14
PF00955,2.65
PF00956,2.59
PF00957,2.22
PF00958,
PF00962,2.07
PF00965,3.18
PF00969,3.08
PF00970,3.46
PF00975,2.44
PF00976,3.33
PF00984,
PF00988,3.57
PF00989,1.69
PF00992,1.9
PF00993,2.58
PF00994,1.81
PF00995,1.91
PF00996,3.22
PF00997,
PF00999,1.17
PF01000,4.38
PF01007,2.84
PF01008,1.52
PF01011,
PF01012,2.73
PF01015,5.06
PF01016,5.01
PF01017,2.41
PF01018,3.12
PF01019,3.42
PF01020,5.08
PF01023,1.89
PF01025,2.5
PF01026,2.43
PF01027,1.73
PF01028,4.48
PF01030,1.78
PF01031,2.46
PF01033,2.59
PF01034,3.31
PF01035,5.23
PF01039,2.38
PF01040,1.94
PF01042,4.67
PF01044,3.22
PF01048,1.63
PF01049,2.95
PF01053,
PF01055,2.56
PF01056,3.27
PF01058,5.36
PF01059,
PF01061,1.59
PF01062,3.77
PF01063,4.23
PF01064,1.58
PF01066,1.46
PF01067,1.86
PF01068,2.27
PF01070,3.01
PF01071,5.25
PF01073,2.02
PF01074,2.34
PF01079,2.29
PF01080,4.76
PF01082,2.07
PF01084,2.55
PF01085,4.97
PF01086,3.6
PF01087,5.38
PF01088,2.42
PF01090,4.87
PF01091,3.98
PF01092,5.18
PF01093,3.1
PF01094,0.75
PF01096,4.02
PF01099,1.1
PF01101,2.72
PF01102,3.84
PF01103,
PF01105,1.47
PF01106,5.15
PF01108,1.1
PF01109,
PF01110,
PF01111,5.02
PF01112,2.16
PF01114,5.5
PF01115,5.27
PF01119,2.11
PF01120,3.74
PF01121,2.71
PF01122,2.24
PF01124,1.22
PF01125,5.44
PF01126,4.1
PF01127,
PF01128,4.5
PF01129,2.45
PF01130,2.89
PF01131,3.11
PF01133,5.34
PF01134,5.1
PF01135,2.7
PF01137,2.16
PF01138,0.99
PF01139,
PF01142,2.9
PF01144,1.75
PF01145,1.17
PF01146,3.6
PF01148,4.45
PF01149,5.21
PF01150,1.96
PF01151,2.01
PF01153,2.16
PF01154,4.52
PF01157,5.05
PF01158,4.78
PF01159,
PF01160,3.28
PF01161,1.05
PF01163,2.51
PF01165,
PF01166,3.99
PF01167,3.72
PF01168,4.4
PF01169,2.65
PF01170,1.91
PF01171,
PF01172,4.94
PF01175,
PF01176,2.9
PF01179,3.26
PF01180,2.93
PF01182,2.43
PF01186,3.95
PF01187,3.48
PF01189,1.26
PF01191,4.99
PF01192,4.94
PF01193,2.93
PF01194,
PF01195,4.78
PF01196,5.11
PF01198,5.18
PF01199,
PF01200,
PF01201,2.54
PF01202,1.37
PF01204,
PF01205,5.29
PF01207,2.04
PF01208,5.0
PF01209,5.11
PF01210,4.41
PF01212,
PF01213,3.26
PF01214,5.33
PF01215,
PF01216,4.17
PF01217,1.35
PF01218,5.23
PF01221,3.72
PF01222,3.37
PF01223,1.59
PF01227,
PF01229,5.43
PF01230,2.6
PF01231,3.56
PF01233,5.08
PF01234,2.95
PF01237,2.4
PF01238,4.96
PF01239,1.42
PF01242,5.34
PF01243,4.48
PF01244,3.6
PF01245,4.18
PF01246,3.81
PF01247,5.27
PF01248,0.99
PF01249,3.82
PF01250,
PF01251,4.74
PF01253,2.27
PF01254,5.43
PF01255,4.57
PF01256,5.09
PF01257,5.2
PF01259,5.29
PF01261,4.78
PF01262,3.6
PF01263,5.16
PF01265,
PF01266,0.97
PF01267,3.74
PF01268,4.46
PF01269,5.0
PF01271,1.07
PF01273,0.53
PF01275,3.82
PF01279,4.11
PF01280,4.92
PF01281,4.85
PF01282,5.37
PF01283,4.94
PF01284,0.57
PF01285,5.04
PF01286,5.91
PF01287,4.37
PF01290,4.26
PF01291,2.16
PF01294,5.34
PF01296,5.29
PF01299,1.48
PF01300,
PF01301,3.3
PF01302,2.57
PF01315,2.36
PF01321,4.02
PF01323,5.23
PF01327,
PF01329,4.22
PF01331,
PF01335,1.37
PF01336,1.26
PF01342,2.29
PF01344,1.35
PF01347,1.44
PF01351,5.01
PF01352,3.05
PF01359,
PF01363,2.5
PF01365,1.64
PF01368,4.36
PF01369,2.5
PF01370,1.44
PF01379,4.79
PF01380,2.01
PF01381,
PF01384,3.31
PF01387,3.73
PF01388,2.15
PF01390,1.06
PF01391,1.88
PF01392,1.76
PF01393,4.91
PF01394,0.94
PF01396,
PF01398,0.97
PF01399,0.86
PF01400,2.74
PF01401,3.29
PF01403,1.24
PF01404,3.4
PF01406,3.58
PF01408,1.56
PF01409,3.17
PF01410,2.98
PF01411,4.95
PF01412,2.02
PF01413,2.95
PF01414,3.66
PF01415,4.71
PF01416,1.48
PF01417,3.48
PF01419,0.86
PF01421,1.56
PF01422,3.7
PF01423,1.1
PF01424,1.72
PF01425,1.34
PF01426,1.21
PF01428,2.51
PF01429,1.51
PF01431,3.16
PF01432,3.63
PF01433,2.21
PF01434,4.04
PF01435,2.45
PF01436,2.21
PF01437,1.82
PF01442,1.39
PF01448,1.72
PF01451,4.35
PF01454,2.59
PF01457,2.48
PF01459,2.75
PF01462,2.38
PF01463,1.68
PF01465,3.35
PF01466,5.18
PF01467,1.63
PF01470,3.36
PF01471,1.6
PF01472,2.14
PF01476,2.46
PF01477,1.29
PF01479,1.83
PF01480,2.18
PF01483,3.46
PF01485,1.59
PF01490,1.12
PF01491,5.17
PF01494,2.72
PF01496,3.17
PF01500,3.87
PF01501,2.18
PF01504,2.24
PF01505,2.61
PF01507,5.14
PF01509,2.27
PF01510,2.23
PF01512,4.93
PF01513,2.8
PF01521,2.83
PF01529,1.71
PF01530,4.52
PF01531,3.4
PF01532,2.5
PF01534,2.7
PF01535,0.9
PF01536,5.2
PF01541,5.36
PF01545,1.45
PF01546,1.85
PF01549,1.59
PF01551,
PF01553,0.88
PF01554,1.95
PF01556,2.31
PF01557,1.83
PF01562,1.21
PF01564,1.8
PF01565,2.28
PF01566,4.56
PF01569,1.03
PF01571,2.39
PF01575,3.78
PF01576,2.24
PF01582,1.0
PF01583,4.48
PF01585,1.86
PF01586,1.78
PF01588,3.98
PF01590,1.64
PF01591,4.21
PF01592,4.92
PF01593,1.14
PF01594,5.13
PF01595,2.57
PF01596,2.82
PF01597,4.54
PF01599,5.44
PF01602,1.31
PF01603,4.41
PF01607,3.91
PF01608,2.32
PF01612,0.78
PF01619,3.58
PF01624,1.88
PF01625,4.96
PF01630,2.58
PF01632,5.33
PF01633,2.78
PF01636,1.99
PF01641,-inf
PF01642,
PF01648,5.01
PF01650,3.56
PF01652,3.11
PF01655,5.23
PF01658,5.31
PF01661,1.32
PF01663,2.46
PF01667,5.43
PF01669,4.99
PF01687,5.33
PF01693,2.26
PF01694,0.88
PF01699,1.13
PF01702,2.51
PF01704,3.87
PF01709,
PF01712,2.89
PF01713,5.22
PF01715,5.17
PF01722,3.27
PF01725,
PF01728,1.62
PF01729,4.97
PF01731,4.08
PF01733,2.04
PF01734,0.94
PF01735,2.13
PF01738,
PF01740,1.03
PF01743,4.68
PF01746,2.08
PF01747,4.63
PF01749,2.46
PF01751,2.48
PF01753,2.57
PF01754,3.03
PF01755,3.71
PF01756,1.82
PF01758,1.8
PF01759,1.01
PF01762,1.62
PF01764,3.06
PF01765,4.84
PF01769,2.13
PF01770,3.42
PF01773,3.85
PF01775,5.31
PF01776,4.44
PF01777,5.18
PF01778,2.44
PF01779,5.41
PF01780,5.0
PF01781,4.94
PF01783,
PF01784,4.56
PF01791,4.85
PF01794,1.13
PF01795,4.86
PF01798,2.6
PF01799,4.71
PF01803,4.76
PF01805,2.03
PF01808,5.12
PF01812,2.23
PF01813,4.66
PF01814,
PF01821,3.14
PF01822,1.78
PF01823,1.07
PF01825,2.68
PF01826,2.27
PF01833,0.66
PF01834,3.34
PF01835,2.36
PF01839,2.51
PF01840,2.38
PF01841,2.25
PF01842,4.24
PF01843,2.28
PF01844,5.81
PF01846,1.22
PF01847,3.65
PF01849,2.91
PF01851,1.76
PF01852,1.1
PF01853,4.15
PF01857,2.86
PF01858,2.83
PF01866,3.26
PF01868,5.03
PF01869,4.92
PF01871,5.14
PF01873,4.11
PF01875,5.39
PF01876,4.64
PF01878,
PF01883,3.95
PF01885,5.26
PF01896,3.65
PF01900,0.36
PF01902,5.21
PF01907,5.4
PF01909,1.53
PF01912,5.19
PF01916,4.74
PF01918,2.8
PF01920,0.79
PF01922,5.01
PF01923,5.01
PF01926,1.16
PF01927,
PF01928,4.96
PF01929,5.28
PF01931,
PF01936,5.18
PF01937,2.32
PF01938,2.46
PF01940,4.84
PF01951,5.08
PF01956,2.14
PF01958,5.22
PF01963,2.25
PF01965,4.93
PF01966,5.12
PF01967,
PF01968,
PF01974,3.39
PF01979,1.48
PF01980,5.13
PF01981,2.4
PF01984,4.41
PF01990,
PF01991,4.04
PF01992,4.6
PF01997,2.52
PF02002,5.1
PF02005,2.35
PF02008,2.92
PF02010,0.98
PF02014,2.07
PF02017,2.23
PF02019,2.35
PF02020,2.13
PF02022,5.36
PF02023,3.03
PF02024,
PF02025,4.83
PF02026,2.16
PF02029,3.54
PF02033,
PF02036,2.53
PF02037,1.91
PF02038,2.81
PF02044,4.5
PF02045,
PF02046,3.84
PF02055,5.42
PF02057,5.43
PF02058,2.23
PF02059,
PF02060,2.28
PF02063,2.25
PF02064,2.88
PF02070,5.33
PF02072,
PF02077,5.19
PF02078,4.09
PF02079,
PF02083,
PF02089,3.32
PF02096,3.18
PF02099,3.88
PF02100,3.25
PF02101,5.25
PF02104,5.29
PF02106,5.3
PF02109,4.52
PF02114,2.39
PF02115,3.82
PF02121,3.25
PF02126,5.25
PF02127,5.19
PF02130,
PF02135,3.67
PF02136,2.61
PF02137,2.06
PF02138,3.33
PF02140,4.06
PF02141,1.62
PF02142,1.58
PF02144,4.79
PF02145,2.1
PF02146,2.3
PF02148,2.1
PF02149,4.47
PF02150,3.01
PF02155,4.99
PF02157,4.95
PF02158,4.22
PF02159,5.33
PF02161,5.22
PF02163,0.2
PF02165,5.47
PF02166,5.24
PF02167,
PF02170,1.64
PF02171,2.6
PF02172,4.96
PF02173,3.7
PF02174,1.64
PF02176,2.07
PF02177,3.83
PF02178,3.42
PF02179,1.23
PF02180,3.38
PF02181,1.48
PF02182,4.97
PF02184,3.55
PF02185,1.73
PF02186,5.26
PF02187,4.02
PF02188,2.78
PF02189,1.73
PF02190,1.32
PF02191,3.04
PF02192,3.02
PF02194,2.01
PF02195,
PF02196,1.95
PF02197,2.41
PF02198,1.87
PF02199,3.67
PF02201,2.48
PF02202,
PF02204,1.58
PF02205,1.9
PF02207,2.45
PF02208,4.15
PF02209,2.96
PF02210,0.79
PF02212,2.16
PF02213,4.74
PF02214,1.5
PF02218,3.5
PF02219,5.27
PF02221,3.43
PF02223,3.02
PF02225,0.96
PF02229,
PF02230,3.75
PF02233,4.97
PF02234,3.76
PF02237,
PF02238,3.28
PF02244,1.74
PF02245,5.17
PF02251,3.27
PF02252,3.11
PF02256,3.89
PF02257,2.57
PF02259,1.18
PF02260,2.4
PF02262,4.21
PF02263,2.41
PF02267,3.72
PF02268,4.86
PF02269,2.96
PF02270,
PF02271,4.92
PF02272,5.02
PF02274,
PF02275,4.18
PF02284,4.81
PF02285,2.33
PF02290,5.12
PF02291,5.11
PF02295,2.71
PF02296,4.64
PF02297,2.34
PF02301,2.25
PF02310,3.45
PF02312,5.13
PF02318,2.37
PF02319,2.26
PF02320,5.11
PF02330,5.23
PF02337,5.25
PF02338,1.18
PF02344,4.97
PF02347,3.37
PF02348,4.66
PF02350,5.09
PF02351,1.05
PF02354,3.62
PF02359,3.37
PF02366,4.39
PF02368,3.35
PF02372,0.73
PF02373,1.28
PF02374,
PF02375,3.1
PF02376,2.31
PF02377,3.6
PF02383,2.76
PF02389,4.65
PF02390,4.95
PF02391,
PF02394,3.58
PF02403,1.79
PF02404,5.16
PF02410,
PF02412,2.77
PF02423,4.95
PF02434,2.33
PF02436,
PF02437,2.21
PF02441,5.02
PF02450,3.75
PF02453,3.29
PF02460,1.42
PF02463,0.66
PF02466,0.91
PF02469,1.08
PF02475,0.57
PF02485,1.99
PF02487,4.8
PF02492,4.89
PF02493,1.63
PF02494,2.23
PF02513,2.61
PF02515,3.09
PF02516,4.01
PF02517,4.78
PF02518,1.64
PF02525,3.48
PF02535,0.85
PF02536,1.3
PF02538,
PF02540,2.64
PF02544,1.93
PF02545,
PF02567,5.18
PF02574,3.42
PF02578,5.2
PF02580,3.44
PF02582,5.18
PF02585,4.78
PF02586,5.42
PF02594,4.57
PF02597,5.0
PF02598,4.06
PF02602,4.78
PF02607,5.05
PF02617,3.43
PF02628,5.05
PF02629,2.08
PF02630,3.99
PF02636,4.86
PF02637,4.99
PF02661,
PF02666,5.37
PF02668,1.0
PF02671,1.82
PF02676,5.09
PF02678,
PF02686,4.74
PF02690,2.16
PF02696,5.19
PF02709,2.78
PF02714,3.99
PF02724,4.58
PF02727,3.3
PF02728,3.0
PF02729,2.72
PF02731,5.0
PF02732,1.14
PF02733,4.95
PF02734,5.02
PF02735,2.07
PF02736,2.09
PF02737,2.18
PF02738,2.68
PF02740,5.13
PF02744,
PF02746,5.01
PF02747,
PF02749,
PF02750,4.5
PF02751,5.57
PF02752,1.58
PF02755,2.2
PF02758,1.39
PF02759,0.92
PF02760,2.79
PF02761,4.42
PF02762,4.8
PF02765,5.24
PF02769,0.72
PF02770,2.21
PF02771,1.83
PF02772,4.82
PF02773,4.85
PF02775,2.68
PF02776,2.79
PF02777,5.27
PF02778,5.18
PF02779,1.52
PF02780,1.82
PF02781,3.25
PF02782,1.59
PF02784,3.34
PF02785,2.2
PF02786,1.94
PF02787,3.02
PF02789,
PF02790,
PF02791,2.34
PF02792,5.2
PF02793,1.67
PF02798,1.91
PF02799,4.68
PF02800,4.4
PF02801,2.45
PF02803,2.43
PF02806,2.92
PF02807,4.58
PF02809,2.43
PF02812,5.25
PF02815,1.52
PF02816,1.74
PF02817,3.64
PF02818,3.32
PF02820,2.12
PF02822,2.75
PF02823,4.85
PF02824,2.0
PF02825,1.48
PF02826,2.9
PF02827,2.07
PF02828,1.33
PF02833,2.97
PF02836,3.7
PF02837,4.51
PF02840,5.05
PF02841,2.45
PF02843,
PF02844,5.08
PF02845,1.58
PF02847,1.53
PF02852,3.4
PF02854,1.5
PF02862,2.21
PF02864,2.65
PF02865,2.52
PF02866,1.74
PF02867,5.16
PF02870,5.33
PF02872,5.13
PF02874,1.26
PF02877,2.51
PF02878,2.39
PF02879,1.9
PF02880,1.86
PF02881,3.63
PF02882,2.71
PF02883,1.08
PF02885,4.79
PF02886,1.04
PF02887,4.24
PF02888,3.77
PF02889,1.01
PF02891,4.08
PF02892,2.22
PF02893,1.02
PF02894,1.59
PF02897,2.06
PF02898,4.24
PF02902,2.09
PF02906,3.94
PF02910,5.11
PF02911,2.23
PF02913,2.44
PF02919,4.95
PF02921,4.83
PF02922,5.64
PF02926,1.48
PF02928,4.15
PF02931,1.63
PF02932,1.34
PF02933,3.73
PF02934,4.96
PF02935,5.25
PF02936,4.32
PF02937,
PF02938,5.05
PF02939,
PF02946,2.41
PF02947,5.15
PF02948,5.15
PF02953,1.79
PF02961,2.75
PF02965,5.25
PF02966,3.4
PF02969,3.81
PF02970,4.83
PF02971,5.07
PF02978,4.91
PF02984,0.73
PF02985,1.06
PF02988,
PF02990,3.16
PF02991,2.94
PF02994,2.17
PF02996,1.47
PF03002,4.86
PF03006,0.96
PF03009,1.28
PF03015,4.12
PF03016,1.66
PF03020,2.32
PF03024,2.68
PF03028,2.17
PF03029,2.37
PF03031,2.15
PF03034,3.21
PF03036,2.22
PF03039,5.0
PF03045,3.15
PF03051,5.25
PF03054,5.21
PF03055,2.65
PF03061,1.09
PF03062,0.28
PF03066,3.55
PF03068,3.28
PF03071,4.77
PF03073,3.26
PF03074,5.24
PF03079,5.44
PF03081,5.0
PF03083,2.6
PF03088,5.06
PF03089,5.44
PF03091,4.7
PF03095,5.01
PF03096,4.15
PF03097,1.58
PF03098,2.32
PF03099,5.02
PF03102,5.04
PF03104,1.73
PF03105,-0.52
PF03109,2.06
PF03114,1.1
PF03121,5.77
PF03124,
PF03126,5.29
PF03127,2.35
PF03128,4.04
PF03129,1.57
PF03131,2.02
PF03133,1.55
PF03134,3.91
PF03137,2.03
PF03142,3.93
PF03143,2.41
PF03144,1.17
PF03145,3.97
PF03146,
PF03147,2.59
PF03148,1.59
PF03151,0.97
PF03152,5.2
PF03153,3.86
PF03154,3.92
PF03155,4.34
PF03159,3.84
PF03160,1.02
PF03165,2.81
PF03166,3.01
PF03167,2.47
PF03171,4.46
PF03172,3.19
PF03176,
PF03177,1.77
PF03178,3.22
PF03179,3.59
PF03184,1.09
PF03185,2.51
PF03188,2.56
PF03189,2.17
PF03190,5.32
PF03194,3.09
PF03199,4.96
PF03200,5.32
PF03208,2.26
PF03215,3.4
PF03221,1.52
PF03223,4.11
PF03224,5.09
PF03226,1.98
PF03227,5.35
PF03232,5.09
PF03234,3.92
PF03247,3.89
PF03248,5.29
PF03250,2.6
PF03253,4.41
PF03256,1.95
PF03259,2.54
PF03261,3.35
PF03265,2.93
PF03271,3.77
PF03281,1.57
PF03283,5.26
PF03285,2.4
PF03291,5.26
PF03297,
PF03298,3.28
PF03299,4.51
PF03301,4.85
PF03308,4.98
PF03311,3.24
PF03321,4.94
PF03328,4.77
PF03332,4.35
PF03343,
PF03344,5.16
PF03345,5.15
PF03348,2.57
PF03351,0.97
PF03357,1.17
PF03359,3.42
PF03360,3.46
PF03364,4.77
PF03366,2.66
PF03367,3.09
PF03368,5.4
PF03370,1.93
PF03371,1.93
PF03372,0.66
PF03378,
PF03381,4.13
PF03388,3.23
PF03398,4.92
PF03399,2.22
PF03402,1.68
PF03403,3.66
PF03404,
PF03414,2.61
PF03416,2.99
PF03435,4.05
PF03439,5.19
PF03441,5.3
PF03446,2.05
PF03447,4.88
PF03450,2.19
PF03451,3.34
PF03453,5.14
PF03454,5.39
PF03455,2.07
PF03456,1.81
PF03462,3.74
PF03463,2.99
PF03464,2.44
PF03465,2.59
PF03467,4.1
PF03473,3.28
PF03474,3.04
PF03476,3.21
PF03477,5.12
PF03483,1.61
PF03484,
PF03485,5.12
PF03487,5.07
PF03489,1.81
PF03491,5.27
PF03493,3.62
PF03494,5.18
PF03501,4.92
PF03508,
PF03509,
PF03511,5.01
PF03516,2.87
PF03517,4.55
PF03520,3.16
PF03521,2.47
PF03522,2.43
PF03523,5.12
PF03528,3.59
PF03529,2.9
PF03530,3.93
PF03531,5.45
PF03533,5.02
PF03535,4.02
PF03540,5.08
PF03542,5.17
PF03546,3.89
PF03547,4.78
PF03556,2.89
PF03561,1.35
PF03567,1.13
PF03568,0.29
PF03571,5.22
PF03572,1.59
PF03577,3.19
PF03587,4.99
PF03600,4.84
PF03604,5.81
PF03607,1.92
PF03615,4.0
PF03619,2.63
PF03623,4.47
PF03629,
PF03630,3.2
PF03632,4.96
PF03635,
PF03637,2.47
PF03638,4.33
PF03643,2.72
PF03644,5.4
PF03645,1.75
PF03647,3.53
PF03650,2.51
PF03656,4.71
PF03657,5.0
PF03660,
PF03661,4.66
PF03662,3.39
PF03665,3.33
PF03666,4.58
PF03669,5.47
PF03670,
PF03671,4.62
PF03676,5.27
PF03690,5.35
PF03694,
PF03700,3.39
PF03712,1.78
PF03715,
PF03719,3.72
PF03720,
PF03721,5.34
PF03725,1.3
PF03726,
PF03727,3.23
PF03730,2.0
PF03731,1.93
PF03735,4.84
PF03736,1.01
PF03747,2.17
PF03762,
PF03764,1.48
PF03765,1.48
PF03770,1.97
PF03781,4.1
PF03782,2.08
PF03792,4.67
PF03798,0.86
PF03800,5.34
PF03801,5.1
PF03803,3.55
PF03807,2.36
PF03810,1.09
PF03813,5.43
PF03815,2.21
PF03820,2.93
PF03821,1.4
PF03823,
PF03826,2.78
PF03827,
PF03828,2.06
PF03832,1.66
PF03834,5.2
PF03835,2.14
PF03836,3.38
PF03839,
PF03847,
PF03849,5.12
PF03850,4.98
PF03853,2.87
PF03859,5.1
PF03868,5.13
PF03870,5.2
PF03871,5.35
PF03874,2.34
PF03875,
PF03876,3.24
PF03878,3.96
PF03879,
PF03881,3.68
PF03896,5.04
PF03900,5.29
PF03901,1.44
PF03908,4.62
PF03909,2.17
PF03911,5.38
PF03914,1.06
PF03915,3.6
PF03917,4.3
PF03919,
PF03920,4.58
PF03921,2.25
PF03931,3.36
PF03932,5.01
PF03937,4.9
PF03939,5.08
PF03941,
PF03942,2.62
PF03943,4.41
PF03946,2.15
PF03947,2.88
PF03949,3.97
PF03950,3.34
PF03951,5.43
PF03952,4.34
PF03953,2.87
PF03954,2.91
PF03957,2.28
PF03959,
PF03962,5.17
PF03966,3.83
PF03969,4.75
PF03972,5.12
PF03980,4.9
PF03981,5.21
PF03982,2.96
PF03985,4.69
PF03987,2.87
PF03992,2.72
PF03997,5.09
PF03998,
PF03999,5.05
PF04000,1.83
PF04003,1.7
PF04004,
PF04005,4.0
PF04006,5.11
PF04031,5.42
PF04032,5.24
PF04034,
PF04037,5.38
PF04042,1.81
PF04045,5.31
PF04046,3.25
PF04048,
PF04049,
PF04050,
PF04051,1.74
PF04053,2.84
PF04054,4.9
PF04055,0.6
PF04056,4.98
PF04057,5.03
PF04061,4.78
PF04062,5.2
PF04063,
PF04064,
PF04065,5.05
PF04068,3.39
PF04072,3.04
PF04073,
PF04078,4.96
PF04080,5.44
PF04081,5.67
PF04083,3.1
PF04084,
PF04086,
PF04088,
PF04089,1.28
PF04091,4.38
PF04095,5.12
PF04096,5.3
PF04097,5.03
PF04098,3.52
PF04099,3.12
PF04100,4.96
PF04101,4.76
PF04103,1.02
PF04104,5.04
PF04106,5.03
PF04108,
PF04109,4.47
PF04110,
PF04111,4.27
PF04112,-0.57
PF04113,4.72
PF04114,4.85
PF04116,1.34
PF04117,2.66
PF04118,3.88
PF04121,5.18
PF04124,5.0
PF04127,2.7
PF04129,
PF04130,1.78
PF04133,4.09
PF04135,
PF04136,
PF04137,4.25
PF04139,3.49
PF04140,
PF04142,3.01
PF04144,3.88
PF04145,1.33
PF04146,3.25
PF04147,5.15
PF04148,4.89
PF04152,5.2
PF04153,2.79
PF04157,2.69
PF04158,5.11
PF04161,5.24
PF04176,
PF04177,4.43
PF04178,1.45
PF04180,3.53
PF04181,
PF04182,
PF04184,4.87
PF04188,5.21
PF04189,
PF04190,5.16
PF04191,4.71
PF04192,5.13
PF04193,0.98
PF04194,3.1
PF04201,3.47
PF04209,5.28
PF04212,1.82
PF04218,1.55
PF04241,5.65
PF04253,2.74
PF04258,1.96
PF04263,4.78
PF04265,5.23
PF04266,
PF04272,
PF04275,
PF04280,2.27
PF04281,
PF04300,2.6
PF04321,5.12
PF04326,1.67
PF04360,
PF04366,4.95
PF04376,5.37
PF04377,5.14
PF04379,3.34
PF04382,3.58
PF04387,2.65
PF04388,5.12
PF04389,1.07
PF04402,4.18
PF04406,4.98
PF04408,1.44
PF04410,0.54
PF04418,5.5
PF04419,2.84
PF04420,4.53
PF04421,
PF04423,5.06
PF04424,4.2
PF04427,2.05
PF04430,3.16
PF04433,1.87
PF04434,1.08
PF04437,
PF04438,2.54
PF04440,2.9
PF04442,5.16
PF04446,5.42
PF04457,5.36
PF04487,2.9
PF04488,1.96
PF04493,4.21
PF04494,1.5
PF04495,3.09
PF04499,3.72
PF04500,4.67
PF04502,2.75
PF04503,4.69
PF04505,2.51
PF04506,4.7
PF04511,3.42
PF04515,2.76
PF04516,2.82
PF04538,1.38
PF04547,2.41
PF04548,2.12
PF04549,4.89
PF04553,3.84
PF04557,5.01
PF04558,4.73
PF04560,3.23
PF04561,1.99
PF04563,1.92
PF04564,1.51
PF04565,2.97
PF04566,3.54
PF04567,3.66
PF04568,4.74
PF04571,4.45
PF04572,2.31
PF04573,
PF04577,-0.06
PF04579,5.01
PF04587,5.13
PF04588,2.95
PF04589,3.62
PF04592,-inf
PF04593,-inf
PF04597,5.09
PF04598,1.58
PF04603,
PF04614,4.72
PF04615,3.88
PF04617,2.78
PF04621,3.73
PF04622,5.11
PF04627,4.71
PF04628,3.19
PF04629,2.71
PF04636,3.42
PF04641,5.05
PF04643,1.08
PF04644,0.78
PF04652,5.1
PF04658,3.5
PF04664,3.93
PF04666,3.13
PF04667,3.75
PF04668,5.03
PF04669,4.54
PF04670,2.53
PF04675,1.63
PF04676,1.53
PF04677,2.5
PF04678,2.42
PF04679,2.04
PF04680,5.12
PF04683,4.51
PF04685,4.96
PF04691,4.79
PF04692,2.56
PF04695,4.93
PF04696,
PF04697,4.93
PF04698,3.8
PF04699,4.14
PF04704,3.58
PF04706,3.16
PF04707,2.03
PF04709,
PF04710,4.29
PF04711,4.6
PF04712,4.44
PF04714,4.94
PF04716,4.95
PF04718,4.39
PF04719,4.25
PF04721,5.29
PF04722,4.77
PF04724,
PF04727,2.29
PF04729,4.72
PF04731,1.61
PF04732,1.63
PF04733,4.91
PF04734,5.22
PF04739,5.13
PF04749,2.78
PF04750,3.54
PF04752,2.68
PF04756,4.21
PF04757,1.54
PF04758,5.08
PF04762,5.26
PF04768,5.27
PF04774,2.06
PF04775,3.58
PF04777,2.38
PF04790,2.42
PF04791,2.14
PF04794,
PF04795,4.52
PF04799,4.25
PF04800,5.25
PF04801,5.08
PF04802,4.54
PF04803,2.74
PF04810,3.47
PF04811,2.05
PF04812,3.84
PF04813,4.92
PF04814,3.02
PF04815,1.66
PF04818,1.41
PF04819,2.66
PF04821,
PF04822,5.19
PF04824,3.11
PF04825,3.62
PF04826,1.88
PF04828,4.63
PF04831,2.21
PF04832,2.76
PF04836,3.73
PF04840,2.5
PF04841,5.13
PF04845,3.7
PF04847,4.11
PF04849,3.8
PF04851,1.71
PF04855,5.18
PF04856,4.34
PF04857,3.06
PF04858,5.19
PF04868,4.79
PF04869,
PF04871,
PF04874,
PF04880,3.84
PF04882,3.69
PF04884,4.93
PF04889,
PF04893,1.6
PF04900,3.25
PF04901,2.55
PF04902,5.18
PF04904,5.03
PF04905,4.09
PF04906,2.88
PF04908,3.37
PF04909,
PF04910,5.16
PF04912,4.89
PF04916,2.17
PF04921,4.62
PF04922,5.26
PF04923,4.09
PF04925,
PF04926,4.38
PF04928,3.96
PF04930,4.02
PF04931,5.07
PF04934,5.2
PF04935,
PF04938,5.18
PF04939,
PF04949,
PF04950,1.32
PF04952,3.45
PF04959,5.51
PF04960,4.87
PF04961,4.69
PF04968,4.13
PF04969,0.74
PF04970,2.3
PF04979,3.76
PF04981,5.38
PF04983,2.12
PF04987,5.03
PF04988,2.75
PF04990,5.22
PF04991,4.25
PF04992,5.1
PF04997,1.87
PF04998,1.69
PF05000,1.99
PF05001,4.55
PF05002,1.86
PF05004,3.89
PF05005,
PF05007,
PF05008,1.18
PF05010,3.77
PF05011,
PF05014,5.05
PF05018,2.18
PF05019,5.12
PF05020,5.6
PF05021,5.06
PF05022,5.14
PF05024,4.78
PF05025,4.91
PF05026,5.54
PF05028,
PF05029,
PF05030,4.15
PF05033,2.69
PF05038,4.98
PF05039,2.57
PF05041,3.03
PF05044,4.41
PF05046,5.36
PF05047,2.07
PF05048,
PF05049,2.77
PF05051,5.46
PF05053,4.89
PF05057,4.69
PF05060,
PF05063,1.94
PF05064,4.02
PF05066,4.25
PF05071,2.36
PF05076,
PF05083,4.64
PF05089,5.27
PF05090,5.09
PF05091,5.15
PF05093,3.1
PF05104,2.67
PF05110,3.14
PF05111,5.07
PF05118,3.48
PF05127,5.0
PF05129,5.24
PF05131,
PF05132,
PF05147,2.78
PF05148,4.98
PF05153,5.5
PF05154,2.2
PF05158,
PF05160,5.44
PF05161,
PF05162,5.12
PF05168,
PF05172,
PF05175,1.76
PF05177,5.19
PF05178,5.32
PF05179,5.19
PF05180,
PF05181,5.4
PF05182,5.72
PF05184,1.91
PF05185,5.14
PF05186,2.69
PF05187,
PF05188,1.59
PF05189,2.87
PF05190,2.27
PF05191,4.07
PF05192,1.34
PF05193,0.75
PF05195,3.63
PF05196,4.42
PF05197,3.99
PF05198,
PF05199,
PF05205,4.02
PF05206,
PF05207,3.09
PF05208,5.2
PF05210,2.85
PF05216,5.04
PF05219,5.24
PF05221,3.75
PF05222,3.16
PF05224,4.26
PF05225,3.36
PF05236,3.68
PF05238,5.0
PF05241,1.48
PF05250,5.12
PF05251,5.15
PF05253,2.52
PF05254,
PF05255,4.72
PF05270,2.68
PF05276,3.24
PF05277,5.09
PF05279,4.19
PF05281,5.49
PF05282,5.19
PF05283,2.29
PF05285,4.92
PF05287,1.42
PF05291,5.08
PF05292,4.91
PF05296,1.82
PF05300,2.66
PF05301,
PF05303,5.11
PF05308,2.47
PF05324,4.96
PF05326,
PF05327,4.77
PF05328,5.1
PF05334,4.04
PF05337,5.16
PF05345,4.76
PF05346,4.88
PF05347,1.34
PF05348,5.03
PF05349,2.76
PF05350,4.17
PF05351,2.84
PF05355,5.09
PF05361,2.73
PF05362,3.55
PF05365,
PF05366,
PF05368,5.14
PF05378,5.04
PF05383,2.8
PF05386,4.27
PF05391,4.89
PF05392,4.45
PF05395,2.4
PF05399,5.04
PF05404,4.96
PF05405,5.01
PF05406,2.88
PF05422,5.17
PF05427,5.06
PF05428,5.27
PF05432,
PF05434,4.24
PF05438,5.2
PF05439,4.8
PF05450,4.9
PF05454,
PF05456,3.07
PF05458,5.33
PF05460,5.23
PF05461,2.1
PF05463,2.06
PF05466,5.11
PF05470,5.02
PF05474,4.0
PF05477,
PF05478,1.66
PF05483,4.94
PF05485,2.1
PF05486,5.21
PF05493,4.59
PF05495,5.9
PF05499,4.77
PF05502,3.86
PF05507,4.49
PF05510,4.86
PF05511,4.98
PF05517,3.99
PF05527,3.6
PF05529,3.85
PF05536,5.09
PF05544,5.04
PF05556,1.53
PF05557,4.84
PF05571,5.31
PF05572,3.56
PF05577,3.09
PF05586,4.32
PF05587,3.1
PF05600,5.09
PF05602,2.62
PF05603,5.09
PF05604,
PF05605,2.88
PF05608,5.35
PF05609,4.46
PF05612,
PF05615,5.14
PF05620,4.99
PF05622,3.06
PF05624,5.5
PF05625,4.94
PF05631,5.13
PF05640,3.97
PF05641,5.12
PF05644,4.42
PF05645,5.2
PF05647,3.61
PF05648,1.92
PF05649,2.37
PF05652,
PF05653,2.25
PF05667,
PF05669,5.12
PF05670,2.95
PF05672,2.57
PF05676,
PF05679,1.41
PF05680,
PF05686,2.36
PF05693,4.24
PF05694,5.28
PF05699,0.12
PF05700,
PF05705,4.81
PF05706,5.29
PF05712,3.2
PF05715,4.03
PF05716,1.68
PF05719,4.2
PF05721,2.46
PF05724,
PF05726,
PF05729,1.42
PF05731,2.89
PF05735,4.35
PF05739,1.35
PF05741,4.06
PF05742,4.89
PF05743,3.76
PF05746,1.47
PF05753,4.59
PF05760,0.81
PF05761,2.46
PF05764,5.12
PF05769,3.07
PF05770,5.34
PF05773,1.18
PF05778,5.03
PF05781,3.13
PF05782,
PF05783,3.28
PF05786,5.01
PF05790,0.75
PF05793,5.1
PF05794,3.14
PF05804,
PF05805,2.11
PF05806,
PF05808,4.93
PF05811,5.16
PF05817,4.77
PF05821,5.6
PF05822,4.08
PF05824,4.62
PF05825,2.88
PF05826,2.62
PF05827,3.55
PF05831,2.37
PF05832,4.6
PF05833,5.01
PF05835,3.2
PF05837,4.92
PF05839,
PF05843,2.63
PF05856,4.77
PF05859,5.29
PF05871,4.18
PF05873,5.03
PF05875,3.65
PF05881,
PF05889,5.17
PF05890,5.17
PF05891,3.49
PF05902,3.9
PF05903,2.14
PF05907,
PF05914,2.4
PF05915,2.76
PF05916,1.23
PF05918,4.85
PF05920,3.52
PF05922,4.99
PF05923,2.08
PF05924,2.02
PF05934,5.32
PF05937,
PF05956,1.06
PF05958,2.55
PF05964,3.42
PF05965,2.74
PF05970,
PF05971,5.02
PF05972,3.38
PF05978,2.13
PF05983,5.2
PF05986,1.39
PF05994,4.74
PF05995,
PF05997,3.67
PF06001,5.57
PF06003,4.4
PF06008,1.5
PF06009,1.89
PF06012,
PF06017,1.48
PF06021,2.92
PF06025,4.63
PF06026,
PF06027,2.09
PF06031,2.06
PF06046,1.51
PF06047,4.91
PF06052,5.29
PF06058,4.37
PF06060,2.96
PF06068,3.67
PF06071,5.29
PF06079,5.23
PF06080,5.13
PF06083,1.8
PF06087,5.18
PF06090,5.13
PF06093,5.36
PF06094,3.81
PF06098,5.08
PF06102,
PF06105,3.93
PF06110,5.34
PF06113,5.24
PF06119,4.12
PF06121,
PF06140,3.48
PF06148,4.92
PF06155,2.43
PF06159,
PF06179,4.95
PF06189,4.36
PF06201,2.69
PF06202,
PF06209,5.17
PF06211,
PF06212,4.9
PF06214,5.12
PF06218,4.82
PF06220,2.68
PF06221,5.86
PF06229,4.91
PF06237,3.78
PF06239,5.25
PF06244,
PF06246,4.85
PF06248,4.71
PF06268,1.06
PF06271,
PF06278,4.77
PF06292,2.31
PF06293,
PF06294,2.7
PF06297,3.27
PF06309,2.56
PF06311,4.42
PF06312,2.16
PF06320,4.95
PF06325,1.68
PF06327,1.56
PF06328,1.59
PF06331,
PF06333,4.45
PF06337,2.3
PF06346,5.95
PF06350,5.13
PF06365,1.36
PF06367,2.31
PF06371,2.44
PF06372,4.46
PF06373,
PF06374,5.14
PF06375,5.2
PF06384,2.71
PF06387,3.5
PF06388,4.01
PF06390,5.33
PF06391,5.0
PF06393,
PF06396,
PF06398,1.99
PF06399,5.24
PF06400,5.11
PF06401,5.15
PF06407,4.05
PF06409,4.47
PF06413,5.11
PF06417,4.95
PF06418,5.01
PF06419,4.87
PF06421,
PF06423,
PF06424,
PF06427,3.69
PF06428,4.29
PF06432,
PF06444,
PF06446,
PF06448,
PF06455,
PF06456,2.79
PF06459,3.16
PF06461,5.11
PF06462,2.07
PF06463,
PF06464,2.42
PF06465,5.16
PF06466,4.5
PF06467,1.28
PF06468,3.46
PF06469,4.49
PF06470,1.48
PF06472,1.89
PF06473,0.91
PF06479,2.6
PF06480,4.42
PF06482,4.05
PF06484,3.18
PF06487,5.28
PF06512,2.07
PF06522,2.71
PF06524,5.24
PF06529,
PF06534,3.41
PF06535,3.77
PF06540,
PF06541,5.57
PF06544,1.21
PF06546,2.23
PF06553,4.09
PF06554,
PF06565,2.53
PF06566,5.35
PF06567,
PF06573,4.92
PF06581,
PF06583,3.36
PF06584,5.24
PF06588,5.5
PF06602,2.29
PF06607,2.41
PF06608,5.58
PF06614,
PF06617,2.69
PF06621,1.96
PF06623,4.03
PF06624,4.64
PF06625,4.54
PF06628,
PF06631,3.91
PF06632,
PF06637,5.03
PF06638,3.9
PF06644,4.81
PF06645,5.5
PF06650,1.77
PF06657,3.59
PF06658,
PF06662,5.3
PF06663,4.06
PF06664,3.22
PF06668,1.82
PF06677,5.5
PF06679,1.18
PF06682,5.37
PF06699,5.24
PF06701,3.21
PF06702,2.99
PF06703,5.14
PF06726,5.62
PF06728,5.17
PF06729,
PF06730,3.98
PF06732,5.2
PF06733,2.37
PF06736,3.08
PF06741,4.63
PF06743,1.23
PF06747,1.39
PF06752,1.85
PF06758,2.99
PF06762,3.72
PF06773,5.32
PF06775,5.03
PF06777,4.98
PF06783,5.17
PF06784,
PF06789,2.67
PF06803,
PF06807,5.17
PF06809,5.33
PF06814,2.23
PF06816,3.05
PF06817,5.0
PF06818,2.23
PF06821,
PF06825,2.2
PF06827,
PF06831,1.2
PF06839,2.36
PF06840,4.82
PF06842,3.26
PF06858,
PF06859,1.4
PF06862,5.07
PF06870,4.82
PF06875,
PF06881,4.26
PF06883,5.41
PF06886,0.74
PF06888,3.88
PF06905,5.28
PF06907,2.56
PF06910,5.2
PF06911,
PF06916,3.09
PF06920,1.98
PF06936,5.03
PF06937,5.36
PF06941,3.74
PF06951,3.88
PF06954,3.01
PF06957,5.24
PF06959,5.46
PF06963,5.13
PF06969,
PF06978,4.58
PF06979,1.42
PF06984,
PF06989,
PF06990,3.38
PF06991,
PF07000,
PF07001,3.38
PF07002,3.57
PF07004,1.31
PF07010,4.78
PF07019,2.75
PF07034,
PF07035,4.96
PF07039,5.35
PF07047,5.22
PF07051,4.47
PF07052,
PF07061,5.09
PF07064,5.03
PF07065,5.27
PF07074,4.97
PF07078,4.95
PF07084,2.01
PF07086,4.87
PF07092,2.91
PF07093,5.19
PF07096,5.01
PF07106,5.08
PF07111,4.9
PF07114,2.37
PF07139,3.88
PF07140,5.09
PF07142,3.99
PF07145,3.1
PF07147,2.16
PF07156,3.74
PF07159,2.68
PF07160,5.15
PF07162,2.86
PF07163,5.07
PF07175,5.24
PF07177,1.84
PF07189,
PF07192,4.3
PF07200,2.16
PF07202,1.18
PF07213,1.83
PF07221,5.49
PF07222,5.28
PF07225,4.95
PF07228,
PF07258,1.25
PF07259,
PF07260,4.57
PF07263,
PF07264,4.71
PF07281,4.9
PF07286,5.4
PF07289,5.15
PF07292,1.32
PF07297,4.9
PF07303,2.23
PF07304,5.22
PF07324,4.55
PF07326,4.95
PF07334,0.76
PF07347,4.64
PF07353,
PF07354,3.25
PF07359,
PF07392,
PF07393,5.07
PF07400,4.82
PF07406,4.82
PF07412,4.47
PF07421,4.99
PF07426,4.66
PF07443,3.33
PF07448,5.36
PF07452,1.74
PF07458,2.56
PF07469,1.8
PF07474,1.74
PF07479,4.41
PF07491,5.45
PF07496,2.59
PF07500,2.04
PF07502,2.53
PF07521,2.67
PF07522,1.72
PF07524,2.89
PF07525,1.77
PF07527,2.14
PF07528,2.44
PF07529,3.09
PF07531,3.39
PF07533,3.28
PF07534,2.68
PF07535,3.89
PF07539,
PF07540,
PF07541,5.21
PF07542,5.28
PF07544,
PF07545,4.37
PF07546,2.13
PF07555,5.14
PF07557,
PF07558,5.12
PF07562,2.63
PF07565,2.57
PF07569,
PF07571,2.53
PF07572,
PF07574,5.14
PF07575,4.99
PF07576,5.09
PF07593,5.2
PF07645,2.35
PF07646,1.47
PF07647,0.84
PF07648,1.93
PF07650,4.61
PF07651,2.95
PF07653,1.1
PF07654,1.59
PF07657,1.94
PF07662,2.72
PF07670,3.5
PF07677,2.06
PF07678,2.23
PF07679,0.89
PF07683,5.11
PF07684,2.63
PF07686,0.56
PF07687,1.64
PF07690,0.2
PF07691,2.16
PF07693,2.88
PF07699,1.86
PF07700,3.43
PF07701,2.75
PF07703,1.79
PF07706,
PF07707,1.07
PF07710,2.96
PF07711,5.41
PF07713,4.97
PF07714,1.55
PF07716,1.81
PF07717,1.34
PF07718,
PF07719,1.42
PF07722,5.14
PF07724,3.31
PF07728,1.16
PF07731,3.18
PF07732,2.58
PF07738,2.03
PF07741,
PF07742,2.83
PF07743,
PF07744,1.69
PF07748,1.72
PF07749,5.01
PF07757,
PF07763,3.82
PF07766,2.97
PF07767,4.78
PF07773,2.77
PF07774,4.73
PF07776,5.24
PF07778,5.24
PF07779,
PF07780,
PF07782,0.92
PF07786,
PF07787,3.98
PF07798,3.53
PF07803,3.76
PF07807,5.48
PF07808,5.06
PF07809,3.05
PF07810,2.58
PF07814,5.11
PF07815,4.16
PF07817,
PF07818,5.39
PF07819,5.09
PF07830,3.36
PF07831,4.79
PF07834,
PF07837,3.13
PF07842,1.09
PF07847,
PF07850,4.93
PF07851,4.55
PF07855,5.18
PF07856,4.19
PF07857,5.24
PF07859,1.48
PF07884,3.45
PF07885,1.18
PF07888,3.07
PF07890,
PF07894,1.96
PF07896,
PF07904,
PF07910,2.48
PF07912,5.32
PF07915,2.21
PF07923,3.43
PF07926,
PF07928,4.43
PF07933,4.79
PF07934,5.35
PF07941,
PF07942,5.4
PF07946,5.05
PF07947,1.52
PF07959,1.74
PF07962,5.19
PF07965,2.12
PF07966,2.72
PF07967,5.46
PF07970,3.19
PF07973,2.45
PF07974,3.27
PF07975,6.2
PF07978,2.0
PF07984,3.78
PF07985,
PF07986,1.32
PF07988,4.84
PF07989,4.04
PF07992,1.43
PF07993,3.91
PF07994,4.99
PF07995,2.76
PF07998,
PF08005,2.16
PF08007,3.18
PF08014,3.76
PF08016,1.12
PF08022,2.72
PF08030,2.47
PF08032,
PF08033,2.19
PF08035,
PF08038,5.2
PF08039,4.72
PF08040,
PF08043,3.41
PF08059,2.74
PF08061,3.03
PF08062,1.47
PF08063,5.41
PF08064,5.17
PF08065,2.72
PF08066,5.27
PF08067,5.28
PF08068,5.41
PF08069,5.07
PF08070,1.3
PF08071,5.54
PF08072,5.2
PF08073,4.95
PF08074,4.99
PF08075,4.88
PF08079,2.8
PF08080,5.2
PF08081,3.65
PF08082,5.45
PF08083,5.42
PF08084,5.49
PF08122,5.46
PF08123,5.42
PF08127,5.52
PF08142,2.32
PF08143,2.99
PF08144,
PF08145,5.45
PF08146,5.25
PF08147,5.2
PF08148,2.64
PF08149,
PF08150,2.93
PF08151,2.39
PF08152,2.34
PF08153,
PF08154,3.24
PF08155,
PF08156,2.62
PF08157,
PF08158,5.17
PF08159,1.22
PF08161,
PF08163,
PF08164,4.82
PF08165,2.1
PF08166,3.21
PF08167,4.62
PF08168,5.02
PF08169,3.29
PF08170,
PF08172,
PF08174,2.57
PF08180,4.34
PF08190,2.99
PF08198,5.06
PF08202,4.92
PF08204,5.2
PF08205,0.79
PF08208,
PF08209,5.48
PF08210,0.36
PF08212,5.39
PF08213,
PF08214,5.07
PF08216,5.03
PF08221,5.11
PF08227,4.93
PF08231,
PF08232,4.36
PF08234,
PF08235,4.38
PF08236,
PF08238,1.04
PF08239,5.42
PF08240,2.26
PF08241,1.32
PF08242,1.99
PF08243,
PF08246,2.26
PF08264,1.81
PF08265,2.94
PF08266,2.18
PF08271,2.28
PF08282,2.96
PF08284,5.36
PF08285,
PF08286,4.88
PF08288,5.04
PF08292,
PF08293,5.26
PF08294,4.88
PF08295,3.6
PF08311,4.28
PF08312,2.99
PF08313,3.35
PF08314,5.2
PF08315,5.09
PF08318,5.07
PF08320,4.97
PF08321,2.77
PF08324,5.07
PF08326,4.47
PF08327,5.14
PF08332,4.8
PF08336,3.79
PF08337,2.44
PF08338,4.86
PF08344,3.73
PF08347,3.47
PF08351,5.17
PF08355,3.75
PF08356,4.32
PF08357,1.16
PF08365,
PF08366,3.13
PF08367,5.19
PF08368,1.15
PF08372,2.48
PF08373,1.29
PF08374,2.62
PF08375,
PF08377,5.07
PF08383,3.38
PF08384,5.57
PF08385,2.37
PF08389,2.32
PF08390,3.75
PF08391,0.96
PF08393,2.36
PF08397,2.48
PF08399,2.36
PF08403,3.38
PF08409,2.91
PF08412,4.68
PF08416,1.85
PF08418,5.08
PF08423,1.63
PF08424,5.32
PF08427,
PF08429,3.31
PF08430,1.6
PF08433,2.09
PF08434,3.08
PF08441,0.89
PF08442,3.81
PF08443,4.69
PF08444,1.85
PF08447,1.75
PF08449,1.99
PF08450,
PF08451,4.88
PF08454,3.28
PF08466,4.08
PF08473,2.52
PF08474,4.5
PF08477,1.29
PF08487,1.87
PF08490,5.23
PF08491,5.22
PF08492,
PF08499,4.15
PF08504,4.04
PF08506,1.42
PF08510,
PF08511,5.43
PF08512,0.75
PF08513,2.87
PF08514,4.24
PF08515,3.71
PF08516,2.05
PF08517,2.39
PF08518,2.91
PF08519,5.36
PF08523,
PF08524,
PF08526,1.73
PF08527,1.98
PF08534,
PF08539,4.27
PF08540,3.38
PF08542,1.57
PF08543,5.19
PF08544,2.02
PF08547,5.27
PF08551,
PF08555,4.9
PF08557,4.84
PF08558,3.09
PF08561,
PF08562,3.5
PF08563,5.4
PF08564,4.77
PF08565,4.17
PF08567,5.2
PF08568,4.37
PF08569,4.5
PF08571,4.65
PF08572,
PF08573,5.57
PF08574,5.67
PF08577,4.44
PF08583,3.66
PF08584,5.38
PF08585,3.5
PF08590,5.23
PF08596,4.51
PF08597,4.93
PF08598,2.3
PF08599,5.32
PF08600,
PF08603,4.77
PF08604,
PF08606,4.92
PF08608,5.28
PF08609,5.14
PF08610,5.18
PF08612,5.18
PF08613,2.37
PF08614,2.82
PF08615,5.3
PF08616,1.91
PF08617,
PF08620,5.03
PF08621,4.93
PF08623,4.5
PF08625,5.14
PF08626,4.09
PF08628,1.88
PF08629,
PF08631,
PF08638,
PF08640,
PF08641,4.98
PF08644,
PF08645,5.15
PF08646,2.91
PF08647,
PF08648,4.56
PF08652,5.38
PF08659,5.17
PF08660,
PF08661,5.19
PF08662,1.1
PF08669,2.56
PF08672,
PF08674,4.78
PF08675,5.08
PF08676,2.59
PF08683,4.02
PF08685,4.25
PF08686,2.62
PF08687,2.41
PF08688,2.46
PF08694,
PF08695,5.06
PF08696,5.26
PF08698,
PF08699,3.56
PF08700,2.08
PF08701,5.2
PF08702,2.09
PF08703,3.48
PF08704,2.12
PF08709,2.72
PF08711,2.31
PF08712,
PF08718,2.1
PF08725,3.22
PF08726,3.26
PF08729,4.89
PF08736,2.78
PF08737,-1.38
PF08740,5.22
PF08742,1.94
PF08743,3.38
PF08746,
PF08752,4.52
PF08755,3.12
PF08758,1.69
PF08763,3.28
PF08766,2.35
PF08767,5.12
PF08768,5.41
PF08771,5.42
PF08772,
PF08773,5.35
PF08774,5.35
PF08776,3.49
PF08777,2.22
PF08778,3.92
PF08781,4.26
PF08782,3.42
PF08783,5.18
PF08784,3.62
PF08785,
PF08788,4.92
PF08790,6.0
PF08797,5.33
PF08799,3.53
PF08801,5.18
PF08806,-inf
PF08815,3.01
PF08824,3.18
PF08825,4.9
PF08826,2.95
PF08831,
PF08832,2.68
PF08833,4.15
PF08839,5.16
PF08840,3.37
PF08880,4.55
PF08910,
PF08911,4.33
PF08912,3.52
PF08913,2.55
PF08914,5.37
PF08916,3.24
PF08917,
PF08919,2.05
PF08920,
PF08923,
PF08925,5.21
PF08926,4.38
PF08934,3.25
PF08938,4.94
PF08939,
PF08941,4.95
PF08944,5.03
PF08945,
PF08947,3.81
PF08952,3.28
PF08953,2.67
PF08954,3.37
PF08961,
PF08969,2.73
PF08976,2.35
PF08983,5.04
PF08991,
PF08996,5.47
PF08997,
PF08999,4.89
PF09004,5.16
PF09005,3.66
PF09006,
PF09007,2.94
PF09011,2.41
PF09014,
PF09026,
PF09027,4.06
PF09029,3.88
PF09030,3.36
PF09032,4.71
PF09033,4.96
PF09034,
PF09036,1.95
PF09038,5.26
PF09040,
PF09041,
PF09042,2.29
PF09045,3.79
PF09047,4.57
PF09049,
PF09050,
PF09051,
PF09057,4.95
PF09058,4.59
PF09060,4.96
PF09066,2.36
PF09067,1.94
PF09068,2.85
PF09069,3.38
PF09070,5.35
PF09072,4.54
PF09073,
PF09079,0.69
PF09085,
PF09088,
PF09090,5.06
PF09103,5.01
PF09104,4.94
PF09110,4.89
PF09111,5.02
PF09121,4.9
PF09127,2.15
PF09128,2.59
PF09133,5.38
PF09138,
PF09139,4.84
PF09141,3.85
PF09162,3.81
PF09164,5.36
PF09165,4.84
PF09166,
PF09169,5.3
PF09170,
PF09172,1.79
PF09173,4.99
PF09174,5.2
PF09177,4.55
PF09180,
PF09184,4.37
PF09191,
PF09193,
PF09202,
PF09229,3.92
PF09230,5.31
PF09236,5.15
PF09238,5.55
PF09240,1.25
PF09243,5.08
PF09247,4.79
PF09256,
PF09257,5.72
PF09258,2.64
PF09261,2.17
PF09262,5.08
PF09263,5.29
PF09268,4.31
PF09270,4.31
PF09271,4.77
PF09272,4.78
PF09273,1.21
PF09279,1.88
PF09280,4.69
PF09282,
PF09286,4.94
PF09289,2.87
PF09291,5.2
PF09292,
PF09294,1.22
PF09296,2.23
PF09297,3.14
PF09298,5.17
PF09302,5.15
PF09303,5.48
PF09305,4.1
PF09307,5.0
PF09309,5.34
PF09310,5.34
PF09311,2.79
PF09316,3.86
PF09320,3.19
PF09324,2.84
PF09325,2.05
PF09326,5.08
PF09329,5.5
PF09332,5.2
PF09333,1.98
PF09334,1.8
PF09335,1.17
PF09336,1.88
PF09340,5.06
PF09341,2.05
PF09346,5.33
PF09349,
PF09350,
PF09354,3.32
PF09358,2.04
PF09360,2.27
PF09368,
PF09371,
PF09377,4.97
PF09379,1.97
PF09380,1.99
PF09382,3.01
PF09384,5.01
PF09387,4.77
PF09396,5.25
PF09398,2.85
PF09402,2.57
PF09404,5.18
PF09405,2.8
PF09409,2.4
PF09412,
PF09415,4.5
PF09416,
PF09420,4.38
PF09422,1.32
PF09429,5.03
PF09430,5.04
PF09431,5.01
PF09439,4.87
PF09440,5.01
PF09443,3.92
PF09445,
PF09446,2.57
PF09454,4.87
PF09457,2.35
PF09465,5.24
PF09468,5.16
PF09469,3.78
PF09470,5.2
PF09494,
PF09495,3.41
PF09496,
PF09497,4.25
PF09507,5.05
PF09514,3.91
PF09531,
PF09532,2.24
PF09596,2.5
PF09606,4.8
PF09607,
PF09631,4.69
PF09637,
PF09649,
PF09666,5.24
PF09667,4.88
PF09668,1.97
PF09696,4.98
PF09724,
PF09725,
PF09726,5.25
PF09727,2.65
PF09728,3.63
PF09730,4.0
PF09731,4.76
PF09732,5.79
PF09733,5.35
PF09734,5.31
PF09735,3.66
PF09736,
PF09737,
PF09738,3.26
PF09739,
PF09740,5.47
PF09741,5.08
PF09742,4.92
PF09743,
PF09744,2.66
PF09745,5.05
PF09746,4.63
PF09747,5.11
PF09748,
PF09749,5.28
PF09750,3.61
PF09751,4.7
PF09752,4.89
PF09753,4.8
PF09754,5.09
PF09755,
PF09756,4.81
PF09758,
PF09759,4.75
PF09762,5.19
PF09763,
PF09764,5.15
PF09765,4.67
PF09766,5.12
PF09767,5.38
PF09768,
PF09769,3.43
PF09770,2.96
PF09771,4.92
PF09772,4.98
PF09773,5.13
PF09774,4.95
PF09775,4.2
PF09776,5.01
PF09777,5.28
PF09778,5.32
PF09779,5.51
PF09781,4.76
PF09782,5.49
PF09783,5.2
PF09785,5.01
PF09786,5.08
PF09787,4.82
PF09788,4.14
PF09789,5.0
PF09790,4.34
PF09791,4.74
PF09793,5.02
PF09794,4.11
PF09797,
PF09799,2.21
PF09801,4.9
PF09803,5.16
PF09804,4.69
PF09805,5.04
PF09806,2.95
PF09807,5.08
PF09808,
PF09809,
PF09810,5.04
PF09811,3.43
PF09812,
PF09813,4.96
PF09814,5.28
PF09815,1.46
PF09816,4.41
PF09817,5.33
PF09822,
PF09848,3.0
PF09992,4.76
PF10018,5.11
PF10033,5.07
PF10034,2.35
PF10036,5.09
PF10037,3.87
PF10044,5.13
PF10046,4.8
PF10058,
PF10075,1.78
PF10146,0.0
PF10147,
PF10148,4.96
PF10149,4.95
PF10151,4.71
PF10152,4.64
PF10154,4.97
PF10155,5.07
PF10156,5.0
PF10157,
PF10158,5.05
PF10159,
PF10160,4.88
PF10161,
PF10162,1.54
PF10163,5.04
PF10164,
PF10165,3.55
PF10166,
PF10167,5.06
PF10168,5.15
PF10169,
PF10170,5.32
PF10171,
PF10172,
PF10174,4.12
PF10175,5.0
PF10176,2.73
PF10177,2.05
PF10178,
PF10179,
PF10180,5.46
PF10181,4.74
PF10183,
PF10184,5.24
PF10185,3.61
PF10186,1.99
PF10187,5.24
PF10188,5.07
PF10189,5.17
PF10190,4.28
PF10191,5.13
PF10192,3.41
PF10193,4.62
PF10195,2.35
PF10197,2.21
PF10198,
PF10199,
PF10200,
PF10203,5.04
PF10204,4.23
PF10205,4.27
PF10206,4.92
PF10208,3.6
PF10209,5.21
PF10210,5.41
PF10211,3.02
PF10212,4.78
PF10213,
PF10215,
PF10217,5.45
PF10218,5.33
PF10220,3.92
PF10221,5.06
PF10222,
PF10223,1.41
PF10224,4.86
PF10225,2.17
PF10226,2.77
PF10228,4.61
PF10229,5.18
PF10230,5.13
PF10231,4.68
PF10232,
PF10233,5.16
PF10234,5.01
PF10235,
PF10236,4.92
PF10237,2.42
PF10238,4.7
PF10239,2.66
PF10240,3.19
PF10241,4.96
PF10242,2.11
PF10243,4.92
PF10244,5.55
PF10245,5.14
PF10246,4.94
PF10247,
PF10248,3.61
PF10249,5.35
PF10250,2.83
PF10251,5.46
PF10252,
PF10253,4.79
PF10254,4.16
PF10255,5.25
PF10256,2.43
PF10257,2.03
PF10258,
PF10259,4.69
PF10260,
PF10261,
PF10262,-inf
PF10263,1.97
PF10264,3.79
PF10265,4.23
PF10266,5.14
PF10267,3.06
PF10268,3.69
PF10269,4.18
PF10270,4.73
PF10271,3.83
PF10272,5.14
PF10273,
PF10274,2.96
PF10275,4.31
PF10276,5.45
PF10277,1.54
PF10278,5.39
PF10280,4.21
PF10283,2.21
PF10288,5.39
PF10291,3.47
PF10294,1.59
PF10300,3.67
PF10304,
PF10309,
PF10312,5.11
PF10341,5.01
PF10343,5.22
PF10344,4.93
PF10345,5.11
PF10347,5.8
PF10350,5.11
PF10351,5.15
PF10354,4.99
PF10357,
PF10358,2.55
PF10363,
PF10366,1.08
PF10367,1.83
PF10373,2.63
PF10374,3.08
PF10376,
PF10377,4.97
PF10382,4.83
PF10384,5.16
PF10390,2.95
PF10391,2.99
PF10392,4.82
PF10393,2.48
PF10394,5.3
PF10396,5.19
PF10397,5.07
PF10401,1.79
PF10403,
PF10404,
PF10405,
PF10406,5.25
PF10408,2.46
PF10409,2.2
PF10413,
PF10415,
PF10417,3.43
PF10419,
PF10420,
PF10421,3.25
PF10426,
PF10427,2.6
PF10430,5.25
PF10431,2.88
PF10433,3.46
PF10436,3.03
PF10441,
PF10442,4.98
PF10444,
PF10447,3.83
PF10453,
PF10456,4.05
PF10457,4.42
PF10461,5.82
PF10469,2.65
PF10470,3.69
PF10471,
PF10472,
PF10473,1.3
PF10474,5.26
PF10475,2.66
PF10476,5.24
PF10477,4.7
PF10479,4.91
PF10480,4.85
PF10481,
PF10482,4.39
PF10483,4.86
PF10484,5.26
PF10486,3.1
PF10487,5.08
PF10488,2.09
PF10490,
PF10491,5.01
PF10493,3.1
PF10494,4.88
PF10495,4.52
PF10496,5.1
PF10497,4.69
PF10498,5.35
PF10500,4.81
PF10501,
PF10502,3.04
PF10504,
PF10505,
PF10506,2.06
PF10507,
PF10508,4.52
PF10509,4.19
PF10510,5.0
PF10511,1.82
PF10512,
PF10513,1.97
PF10514,4.71
PF10515,3.92
PF10516,5.05
PF10520,5.62
PF10521,4.6
PF10522,1.54
PF10523,0.82
PF10524,5.23
PF10525,3.58
PF10529,3.65
PF10531,5.37
PF10534,3.77
PF10537,1.05
PF10541,3.64
PF10557,3.02
PF10558,3.47
PF10559,5.38
PF10561,
PF10562,5.17
PF10565,3.26
PF10568,2.11
PF10570,5.03
PF10571,
PF10572,4.91
PF10573,5.44
PF10574,5.23
PF10577,2.03
PF10579,5.05
PF10580,
PF10581,4.89
PF10583,
PF10584,3.61
PF10585,2.38
PF10587,4.63
PF10588,5.64
PF10589,5.48
PF10590,5.75
PF10591,2.05
PF10595,2.39
PF10596,5.53
PF10597,5.18
PF10598,5.11
PF10599,
PF10600,3.81
PF10601,3.44
PF10602,3.1
PF10606,3.55
PF10607,1.64
PF10608,3.78
PF10609,3.26
PF10613,2.82
PF10629,2.92
PF10630,2.42
PF10631,5.91
PF10637,5.4
PF10639,4.72
PF10642,4.8
PF10644,5.37
PF10650,
PF10660,3.65
PF10744,
PF10780,
PF10856,4.95
PF10873,
PF10961,5.29
PF10996,2.48
PF11002,3.77
PF11027,5.34
PF11028,5.03
PF11029,5.32
PF11032,5.25
PF11035,5.09
PF11037,4.94
PF11057,2.09
PF11069,4.14
PF11092,5.42
PF11095,
PF11107,
PF11109,
PF11111,4.38
PF11176,5.15
PF11221,4.98
PF11229,5.1
PF11232,4.28
PF11235,5.26
PF11244,5.66
PF11261,5.05
PF11262,5.37
PF11265,5.3
PF11277,5.1
PF11315,
PF11326,5.47
PF11357,3.49
PF11365,2.1
PF11380,
PF11404,4.35
PF11409,
PF11411,5.47
PF11413,3.42
PF11414,2.32
PF11416,5.3
PF11461,2.39
PF11464,2.49
PF11465,
PF11466,
PF11467,3.34
PF11470,5.26
PF11488,4.97
PF11502,3.6
PF11510,5.0
PF11515,3.73
PF11521,
PF11527,2.86
PF11531,5.18
PF11532,5.4
PF11538,5.05
PF11540,4.62
PF11543,4.94
PF11547,4.73
PF11548,3.25
PF11555,4.92
PF11559,5.08
PF11560,
PF11566,3.04
PF11568,4.99
PF11569,3.02
PF11571,
PF11573,5.3
PF11577,4.06
PF11587,5.68
PF11594,5.08
PF11598,3.08
PF11600,4.94
PF11601,4.49
PF11605,5.18
PF11608,5.2
PF11616,4.19
PF11618,3.8
PF11620,
PF11626,
PF11627,5.3
PF11628,3.92
PF11629,4.06
PF11635,5.02
PF11636,5.13
PF11640,5.05
PF11648,2.96
PF11652,2.53
PF11669,3.72
PF11698,5.26
PF11699,
PF11701,3.55
PF11704,2.47
PF11705,3.28
PF11707,
PF11708,
PF11712,4.75
PF11715,5.28
PF11717,2.34
PF11718,5.07
PF11719,
PF11721,5.01
PF11722,5.66
PF11732,5.13
PF11759,3.58
PF11764,3.94
PF11768,5.2
PF11770,5.29
PF11771,5.52
PF11779,3.06
PF11781,5.82
PF11788,3.89
PF11789,5.37
PF11793,5.74
PF11798,4.84
PF11799,1.94
PF11802,5.03
PF11803,4.5
PF11816,
PF11817,4.77
PF11819,2.48
PF11822,
PF11825,3.28
PF11830,4.03
PF11831,
PF11834,4.81
PF11835,3.25
PF11838,1.57
PF11841,3.2
PF11851,2.91
PF11857,1.95
PF11861,
PF11864,5.11
PF11865,
PF11875,
PF11878,2.33
PF11879,3.36
PF11881,2.5
PF11882,3.61
PF11894,5.05
PF11904,3.03
PF11911,
PF11914,4.89
PF11916,4.95
PF11918,0.87
PF11919,
PF11923,5.33
PF11928,1.97
PF11931,
PF11933,3.19
PF11934,2.76
PF11935,5.02
PF11938,1.89
PF11942,5.18
PF11945,4.95
PF11952,3.97
PF11956,3.39
PF11957,4.84
PF11968,5.23
PF11969,2.41
PF11971,1.69
PF11976,3.01
PF11977,3.61
PF11978,
PF11979,3.07
PF11980,4.28
PF11987,2.14
PF12001,3.23
PF12002,
PF12004,2.87
PF12009,5.35
PF12012,2.11
PF12014,5.18
PF12016,4.5
PF12017,
PF12018,
PF12020,4.27
PF12022,5.07
PF12024,3.19
PF12026,3.42
PF12030,1.72
PF12031,4.88
PF12036,3.3
PF12037,3.75
PF12038,5.25
PF12045,3.04
PF12047,5.38
PF12052,4.37
PF12053,3.38
PF12054,5.17
PF12057,5.18
PF12062,4.37
PF12063,2.51
PF12064,4.98
PF12066,5.19
PF12067,2.64
PF12068,2.09
PF12070,5.04
PF12075,4.21
PF12090,4.26
PF12104,
PF12108,
PF12109,
PF12110,5.19
PF12114,2.66
PF12125,5.51
PF12126,4.94
PF12129,4.59
PF12130,2.11
PF12134,
PF12140,2.43
PF12144,2.96
PF12145,3.78
PF12146,2.5
PF12148,4.11
PF12153,5.11
PF12157,5.22
PF12160,
PF12162,5.0
PF12166,3.93
PF12171,2.02
PF12177,
PF12178,5.47
PF12179,2.84
PF12180,2.59
PF12185,2.04
PF12188,5.41
PF12191,4.32
PF12196,5.3
PF12201,
PF12202,2.88
PF12203,4.23
PF12205,4.43
PF12210,4.95
PF12213,4.73
PF12214,-1.0
PF12215,
PF12220,
PF12230,4.35
PF12231,4.95
PF12232,1.75
PF12234,3.43
PF12235,3.9
PF12237,5.5
PF12240,3.72
PF12248,5.41
PF12251,5.39
PF12253,
PF12254,5.27
PF12257,5.21
PF12258,
PF12260,1.8
PF12265,4.25
PF12269,5.24
PF12280,3.29
PF12284,1.74
PF12287,3.17
PF12295,5.21
PF12297,5.01
PF12301,2.63
PF12304,2.36
PF12308,3.51
PF12309,5.09
PF12310,2.55
PF12316,3.53
PF12317,5.3
PF12325,4.94
PF12328,5.06
PF12329,4.92
PF12330,
PF12333,
PF12335,4.29
PF12336,2.53
PF12341,
PF12346,5.24
PF12347,2.83
PF12348,2.29
PF12349,1.68
PF12352,2.71
PF12353,4.92
PF12356,5.32
PF12360,3.7
PF12366,5.26
PF12368,
PF12369,5.3
PF12371,3.46
PF12372,5.05
PF12374,5.23
PF12394,4.31
PF12397,5.12
PF12400,4.98
PF12402,3.25
PF12403,3.6
PF12409,1.98
PF12413,2.01
PF12414,4.48
PF12416,4.99
PF12417,
PF12422,5.29
PF12423,3.07
PF12424,3.5
PF12430,5.08
PF12432,
PF12436,5.34
PF12440,2.21
PF12443,3.1
PF12444,2.7
PF12448,4.55
PF12451,5.28
PF12453,5.11
PF12455,5.12
PF12456,2.9
PF12457,5.45
PF12460,5.14
PF12463,
PF12465,2.51
PF12470,
PF12473,2.45
PF12474,1.81
PF12478,4.47
PF12480,1.69
PF12483,
PF12485,2.38
PF12489,3.25
PF12490,5.32
PF12491,
PF12494,4.94
PF12496,3.33
PF12497,5.46
PF12509,0.68
PF12510,2.44
PF12513,
PF12516,3.63
PF12529,3.99
PF12530,5.15
PF12533,2.47
PF12534,2.9
PF12537,4.91
PF12540,2.61
PF12542,
PF12547,1.33
PF12548,2.57
PF12549,1.89
PF12554,
PF12560,
PF12567,5.43
PF12569,4.37
PF12572,5.13
PF12576,4.89
PF12577,5.35
PF12578,0.73
PF12580,5.22
PF12584,5.15
PF12589,4.78
PF12595,3.62
PF12597,
PF12598,0.62
PF12605,4.46
PF12606,3.41
PF12610,1.94
PF12612,5.16
PF12618,2.95
PF12619,5.02
PF12624,1.48
PF12627,
PF12631,5.16
PF12632,5.12
PF12640,5.14
PF12643,
PF12656,
PF12657,4.82
PF12660,
PF12661,2.73
PF12662,2.99
PF12678,3.18
PF12689,5.14
PF12697,0.89
PF12698,0.68
PF12701,2.98
PF12705,4.46
PF12706,2.2
PF12714,2.5
PF12717,2.98
PF12719,5.03
PF12721,2.23
PF12722,4.98
PF12734,4.52
PF12736,1.16
PF12738,1.81
PF12739,5.27
PF12742,5.07
PF12743,5.09
PF12745,5.02
PF12752,2.92
PF12755,2.36
PF12756,1.62
PF12763,2.05
PF12765,4.86
PF12767,0.0
PF12769,5.05
PF12770,5.06
PF12772,5.3
PF12773,4.21
PF12774,3.27
PF12775,2.31
PF12777,1.93
PF12780,2.39
PF12781,2.43
PF12783,2.58
PF12796,1.13
PF12799,1.37
PF12807,5.15
PF12810,3.01
PF12813,5.43
PF12816,5.17
PF12820,5.24
PF12826,4.93
PF12830,4.98
PF12832,2.4
PF12836,1.61
PF12838,5.59
PF12842,4.98
PF12845,2.87
PF12848,1.53
PF12850,5.25
PF12851,2.86
PF12859,
PF12861,4.5
PF12862,3.64
PF12871,
PF12872,0.93
PF12874,1.84
PF12877,3.59
PF12881,4.42
PF12884,3.5
PF12885,3.04
PF12886,3.3
PF12894,0.74
PF12895,1.16
PF12896,
PF12901,2.4
PF12906,3.36
PF12922,4.81
PF12923,5.09
PF12924,4.31
PF12925,3.64
PF12926,4.37
PF12928,5.37
PF12931,2.52
PF12932,4.26
PF12933,5.38
PF12934,5.3
PF12936,5.49
PF12937,1.55
PF12938,5.13
PF12940,
PF12947,2.69
PF12971,
PF12972,
PF12998,2.29
PF12999,5.38
PF13000,4.95
PF13001,5.05
PF13012,1.42
PF13015,3.68
PF13017,5.5
PF13019,
PF13023,4.99
PF13041,
PF13085,5.36
PF13086,1.5
PF13087,1.31
PF13088,2.32
PF13091,1.62
PF13092,
PF13094,
PF13096,4.99
PF13097,4.73
PF13167,
PF13174,1.47
PF13176,1.59
PF13177,2.62
PF13180,2.19
PF13181,0.66
PF13185,5.03
PF13191,3.13
PF13193,1.35
PF13202,1.83
PF13229,0.91
PF13233,5.08
PF13234,1.74
PF13236,5.22
PF13238,1.9
PF13240,6.0
PF13242,2.42
PF13243,4.21
PF13245,5.25
PF13246,1.18
PF13249,5.45
PF13251,5.02
PF13270,3.96
PF13271,5.32
PF13279,
PF13281,2.83
PF13287,5.2
PF13289,4.04
PF13293,4.05
PF13297,2.35
PF13299,5.06
PF13300,
PF13302,5.06
PF13306,1.0
PF13307,2.3
PF13324,2.71
PF13325,5.18
PF13328,4.69
PF13330,2.82
PF13339,5.07
PF13341,
PF13344,2.3
PF13347,1.26
PF13349,
PF13353,0.55
PF13359,
PF13360,1.51
PF13361,2.58
PF13364,5.63
PF13365,2.09
PF13369,5.1
PF13374,2.52
PF13378,5.28
PF13383,
PF13385,0.94
PF13392,
PF13393,3.73
PF13401,
PF13402,4.78
PF13405,2.0
PF13409,3.64
PF13410,1.75
PF13414,2.0
PF13415,1.23
PF13417,1.73
PF13418,1.26
PF13419,1.04
PF13423,
PF13424,0.99
PF13426,2.17
PF13431,1.09
PF13432,0.74
PF13439,
PF13450,1.5
PF13460,2.47
PF13465,4.3
PF13469,2.81
PF13472,1.95
PF13476,4.09
PF13481,5.06
PF13483,
PF13489,2.12
PF13499,1.23
PF13506,
PF13507,5.2
PF13510,5.16
PF13513,2.21
PF13516,1.35
PF13517,1.82
PF13519,1.61
PF13520,1.96
PF13522,1.94
PF13532,0.77
PF13534,
PF13537,4.36
PF13538,
PF13540,2.81
PF13543,3.57
PF13553,2.71
PF13558,5.02
PF13561,1.39
PF13564,
PF13570,5.78
PF13574,5.15
PF13589,1.6
PF13593,
PF13599,2.99
PF13602,1.4
PF13604,2.46
PF13606,1.57
PF13616,
PF13620,1.96
PF13621,1.36
PF13622,4.85
PF13625,5.19
PF13637,1.95
PF13638,1.13
PF13639,2.2
PF13640,2.27
PF13641,4.64
PF13646,1.77
PF13649,1.4
PF13656,3.88
PF13660,4.43
PF13661,5.29
PF13664,5.32
PF13669,0.56
PF13671,1.54
PF13673,5.39
PF13676,1.91
PF13679,2.29
PF13688,
PF13691,5.26
PF13695,1.67
PF13696,5.49
PF13704,3.65
PF13705,0.8
PF13716,1.43
PF13718,5.23
PF13725,5.03
PF13733,2.78
PF13757,4.08
PF13764,5.18
PF13765,1.99
PF13768,1.06
PF13771,2.21
PF13772,5.19
PF13774,2.17
PF13775,5.0
PF13778,1.86
PF13793,3.51
PF13802,2.1
PF13804,4.84
PF13812,2.53
PF13815,3.33
PF13820,5.11
PF13821,5.42
PF13831,3.64
PF13832,2.51
PF13833,1.16
PF13836,2.33
PF13837,2.35
PF13838,3.43
PF13839,3.64
PF13840,2.31
PF13841,1.94
PF13842,
PF13843,1.67
PF13844,
PF13846,5.01
PF13847,1.7
PF13848,2.36
PF13850,2.61
PF13851,4.96
PF13853,1.89
PF13854,2.14
PF13855,1.06
PF13857,1.36
PF13862,
PF13863,1.23
PF13864,3.25
PF13865,2.92
PF13866,4.28
PF13867,4.15
PF13868,0.76
PF13869,5.24
PF13870,0.68
PF13871,4.1
PF13872,4.28
PF13873,1.62
PF13874,
PF13877,1.29
PF13878,4.44
PF13879,1.94
PF13880,4.34
PF13881,
PF13882,3.58
PF13883,3.3
PF13884,3.75
PF13885,3.03
PF13886,2.46
PF13887,4.51
PF13888,3.43
PF13889,3.92
PF13890,
PF13891,2.65
PF13892,5.08
PF13893,1.99
PF13894,2.33
PF13895,1.27
PF13896,4.0
PF13897,2.59
PF13898,2.34
PF13899,2.77
PF13901,2.7
PF13902,5.23
PF13903,1.44
PF13904,0.61
PF13905,1.86
PF13906,3.67
PF13907,3.31
PF13908,2.04
PF13909,2.76
PF13910,5.14
PF13911,3.06
PF13912,2.18
PF13913,2.19
PF13914,3.31
PF13915,4.42
PF13916,2.98
PF13917,4.93
PF13918,3.11
PF13919,4.17
PF13920,1.99
PF13921,1.97
PF13922,4.62
PF13923,2.71
PF13925,2.86
PF13926,2.86
PF13927,0.93
PF13931,5.19
PF13932,5.0
PF13934,
PF13949,0.63
PF13959,1.9
PF13964,1.09
PF13965,4.35
PF13967,3.18
PF13971,
PF13975,
PF14008,
PF14046,2.71
PF14047,3.94
PF14048,2.45
PF14049,1.81
PF14050,2.37
PF14051,5.15
PF14061,4.0
PF14073,3.88
PF14075,3.83
PF14077,4.95
PF14138,5.0
PF14160,2.14
PF14161,1.82
PF14186,
PF14204,5.17
PF14222,4.64
PF14225,4.27
PF14228,2.45
PF14237,5.84
PF14252,
PF14260,3.66
PF14291,0.64
PF14304,4.65
PF14306,3.69
PF14309,5.3
PF14324,3.6
PF14327,4.79
PF14336,4.73
PF14360,4.13
PF14369,5.91
PF14370,4.57
PF14374,5.09
PF14377,1.37
PF14381,5.26
PF14382,3.11
PF14396,5.09
PF14413,4.93
PF14429,1.92
PF14438,4.29
PF14443,4.03
PF14444,4.1
PF14447,3.96
PF14465,5.1
PF14469,
PF14473,1.46
PF14478,2.49
PF14484,4.07
PF14492,2.02
PF14493,
PF14497,1.18
PF14500,4.83
PF14513,3.3
PF14520,3.52
PF14523,2.63
PF14533,2.13
PF14538,5.0
PF14542,
PF14545,1.0
PF14551,1.52
PF14554,5.34
PF14555,1.65
PF14559,1.04
PF14560,2.27
PF14565,
PF14566,0.83
PF14570,
PF14572,3.56
PF14575,1.93
PF14580,1.15
PF14593,5.59
PF14596,5.0
PF14598,1.79
PF14599,
PF14603,2.01
PF14604,1.79
PF14608,2.7
PF14617,4.79
PF14619,5.2
PF14621,5.21
PF14622,
PF14629,
PF14630,
PF14631,5.12
PF14632,
PF14633,
PF14634,1.78
PF14635,
PF14636,3.77
PF14637,4.23
PF14638,4.43
PF14639,
PF14641,
PF14642,3.02
PF14643,5.12
PF14644,5.24
PF14645,2.58
PF14646,5.22
PF14647,5.28
PF14648,4.95
PF14649,5.02
PF14650,2.3
PF14651,3.09
PF14652,2.18
PF14653,3.56
PF14654,4.82
PF14655,5.11
PF14656,
PF14658,4.31
PF14661,5.3
PF14662,2.78
PF14663,
PF14664,4.98
PF14665,
PF14666,
PF14668,
PF14669,
PF14670,2.63
PF14671,4.45
PF14672,4.01
PF14674,4.79
PF14675,4.97
PF14676,4.93
PF14677,4.66
PF14678,4.77
PF14679,4.89
PF14680,5.16
PF14681,3.46
PF14687,4.35
PF14688,
PF14691,
PF14694,4.97
PF14695,
PF14697,
PF14698,4.48
PF14699,
PF14700,
PF14701,
PF14702,
PF14703,3.27
PF14704,
PF14705,1.41
PF14707,2.57
PF14709,1.87
PF14712,3.32
PF14713,5.01
PF14716,2.02
PF14719,1.35
PF14721,4.98
PF14722,2.82
PF14723,3.42
PF14724,5.16
PF14726,5.1
PF14727,5.26
PF14728,5.08
PF14732,4.87
PF14735,4.3
PF14736,5.31
PF14737,5.15
PF14738,
PF14739,5.16
PF14740,5.1
PF14744,5.29
PF14745,5.1
PF14746,5.16
PF14748,3.92
PF14749,2.85
PF14750,4.96
PF14752,5.15
PF14753,3.27
PF14759,
PF14761,5.24
PF14762,5.15
PF14763,5.14
PF14764,5.16
PF14765,5.23
PF14766,
PF14767,
PF14768,
PF14769,1.91
PF14770,5.26
PF14771,2.62
PF14772,1.97
PF14773,5.23
PF14774,3.6
PF14775,
PF14776,5.4
PF14777,
PF14778,
PF14779,5.23
PF14780,5.12
PF14781,5.12
PF14782,5.09
PF14783,5.28
PF14784,5.53
PF14787,5.65
PF14788,
PF14791,2.72
PF14792,3.09
PF14796,4.17
PF14797,
PF14798,1.57
PF14799,4.04
PF14800,
PF14802,5.07
PF14806,
PF14807,
PF14808,5.18
PF14811,5.43
PF14813,5.95
PF14815,5.14
PF14816,1.34
PF14817,4.72
PF14818,1.9
PF14820,5.82
PF14821,2.94
PF14822,3.38
PF14825,5.22
PF14826,4.97
PF14828,4.65
PF14833,2.02
PF14835,5.61
PF14836,2.59
PF14837,
PF14838,
PF14839,2.29
PF14843,2.89
PF14844,2.22
PF14845,4.64
PF14846,5.4
PF14851,2.82
PF14852,
PF14853,
PF14854,1.61
PF14857,3.53
PF14858,5.16
PF14868,
PF14874,1.3
PF14875,2.85
PF14880,
PF14881,5.38
PF14886,4.99
PF14887,5.2
PF14892,2.09
PF14893,1.87
PF14895,5.06
PF14901,5.53
PF14904,4.13
PF14906,
PF14908,
PF14909,3.5
PF14910,5.24
PF14911,5.02
PF14912,0.95
PF14913,5.17
PF14914,4.41
PF14915,2.62
PF14916,3.45
PF14917,4.98
PF14918,
PF14919,
PF14920,4.95
PF14921,2.01
PF14922,3.56
PF14923,5.2
PF14924,
PF14925,
PF14926,5.17
PF14927,3.16
PF14929,5.06
PF14931,4.97
PF14932,5.04
PF14933,5.07
PF14934,5.51
PF14935,5.37
PF14936,4.89
PF14937,4.62
PF14938,3.04
PF14939,5.0
PF14940,3.33
PF14941,5.51
PF14942,4.79
PF14943,
PF14944,3.74
PF14945,
PF14946,5.46
PF14948,4.06
PF14949,2.54
PF14950,5.04
PF14951,5.18
PF14952,5.6
PF14953,
PF14954,3.36
PF14955,5.39
PF14956,5.12
PF14957,1.92
PF14958,
PF14959,5.27
PF14960,
PF14961,5.07
PF14962,
PF14963,5.04
PF14964,4.96
PF14965,2.34
PF14966,
PF14967,3.49
PF14968,5.21
PF14969,
PF14970,5.01
PF14972,
PF14973,5.01
PF14974,5.04
PF14975,
PF14976,5.29
PF14977,0.74
PF14978,
PF14979,2.99
PF14980,
PF14981,
PF14982,2.37
PF14983,
PF14984,4.81
PF14985,
PF14986,5.0
PF14987,4.68
PF14988,1.56
PF14989,5.16
PF14990,4.87
PF14991,
PF14992,2.24
PF14993,
PF14994,5.03
PF14995,4.06
PF14996,
PF14997,0.38
PF14998,1.99
PF14999,4.2
PF15000,
PF15001,5.26
PF15002,4.07
PF15003,4.63
PF15004,5.32
PF15005,1.49
PF15006,5.2
PF15007,5.15
PF15008,4.35
PF15009,4.88
PF15010,3.66
PF15011,5.0
PF15012,4.75
PF15013,
PF15014,5.43
PF15015,5.18
PF15016,
PF15017,1.91
PF15018,3.39
PF15019,5.21
PF15020,2.49
PF15021,5.15
PF15022,5.04
PF15024,3.3
PF15025,5.39
PF15027,3.53
PF15028,5.35
PF15029,
PF15030,5.07
PF15031,5.38
PF15032,5.45
PF15033,
PF15034,
PF15035,3.27
PF15036,5.17
PF15037,2.52
PF15038,4.8
PF15039,
PF15040,3.7
PF15041,
PF15042,
PF15043,4.76
PF15044,5.23
PF15045,2.47
PF15046,
PF15047,0.34
PF15048,
PF15049,4.14
PF15050,5.44
PF15051,3.72
PF15052,
PF15053,5.13
PF15054,3.05
PF15055,
PF15056,3.52
PF15057,2.23
PF15058,1.24
PF15059,2.74
PF15060,3.07
PF15061,5.03
PF15062,
PF15063,1.15
PF15064,5.19
PF15065,5.21
PF15066,5.11
PF15067,2.43
PF15068,2.02
PF15069,1.66
PF15070,3.07
PF15071,4.4
PF15072,
PF15073,
PF15074,5.36
PF15075,
PF15076,
PF15077,4.98
PF15078,4.98
PF15079,4.36
PF15080,
PF15081,4.24
PF15083,4.27
PF15084,5.39
PF15085,
PF15086,
PF15087,5.14
PF15088,5.55
PF15089,
PF15090,5.31
PF15091,5.04
PF15092,
PF15093,5.58
PF15094,5.04
PF15095,
PF15096,4.97
PF15097,5.22
PF15098,
PF15099,
PF15100,5.1
PF15101,
PF15102,4.97
PF15103,
PF15104,
PF15105,
PF15106,5.3
PF15107,1.24
PF15108,5.17
PF15109,
PF15110,
PF15111,5.17
PF15112,
PF15113,5.29
PF15114,4.96
PF15115,2.65
PF15116,
PF15117,5.15
PF15118,3.99
PF15119,5.4
PF15120,
PF15121,5.39
PF15122,
PF15123,
PF15124,5.34
PF15125,2.64
PF15127,5.51
PF15128,
PF15129,5.08
PF15130,
PF15132,5.31
PF15133,
PF15134,4.84
PF15135,4.79
PF15136,4.75
PF15137,5.31
PF15138,
PF15139,5.25
PF15140,
PF15141,
PF15142,
PF15143,3.68
PF15144,
PF15145,
PF15146,5.11
PF15147,5.57
PF15148,
PF15149,
PF15150,
PF15151,
PF15152,5.34
PF15153,5.01
PF15155,3.1
PF15156,5.06
PF15157,4.21
PF15158,
PF15159,
PF15160,5.06
PF15161,
PF15162,5.21
PF15163,
PF15164,
PF15165,5.31
PF15167,5.17
PF15168,4.75
PF15169,4.82
PF15170,3.5
PF15171,4.99
PF15172,
PF15173,0.96
PF15174,
PF15175,4.65
PF15176,1.54
PF15177,3.18
PF15179,5.25
PF15180,2.69
PF15181,4.95
PF15182,
PF15183,1.78
PF15184,
PF15185,5.39
PF15186,2.67
PF15187,5.55
PF15188,
PF15189,5.0
PF15190,5.25
PF15191,
PF15192,
PF15193,4.36
PF15194,5.01
PF15195,
PF15196,
PF15198,
PF15199,4.96
PF15200,1.82
PF15201,
PF15202,5.45
PF15203,
PF15204,
PF15205,5.07
PF15206,4.57
PF15207,5.36
PF15208,
PF15209,
PF15210,5.09
PF15211,5.0
PF15212,2.64
PF15213,
PF15214,5.49
PF15215,
PF15216,5.28
PF15217,
PF15218,
PF15219,
PF15220,
PF15221,
PF15223,2.76
PF15224,5.87
PF15225,5.46
PF15226,5.07
PF15227,2.84
PF15228,2.74
PF15229,1.86
PF15230,3.66
PF15231,4.55
PF15232,1.92
PF15233,4.11
PF15234,5.2
PF15235,1.77
PF15236,4.94
PF15237,1.98
PF15238,3.59
PF15239,5.27
PF15240,3.68
PF15241,2.99
PF15242,2.21
PF15243,5.11
PF15244,4.91
PF15245,5.11
PF15246,2.77
PF15247,5.51
PF15248,3.36
PF15249,3.91
PF15250,3.44
PF15251,3.96
PF15252,2.69
PF15253,5.3
PF15254,5.03
PF15255,3.41
PF15256,2.47
PF15257,
PF15258,4.76
PF15259,2.84
PF15260,3.94
PF15261,
PF15262,2.69
PF15264,5.2
PF15265,0.71
PF15266,2.44
PF15268,2.49
PF15269,4.67
PF15273,2.82
PF15274,4.91
PF15275,3.44
PF15276,3.28
PF15277,1.46
PF15279,1.26
PF15280,5.0
PF15281,
PF15282,2.71
PF15285,
PF15287,1.73
PF15288,4.23
PF15289,
PF15290,3.87
PF15291,
PF15292,
PF15293,
PF15294,4.85
PF15295,
PF15296,5.09
PF15297,1.54
PF15298,1.84
PF15299,5.22
PF15300,3.28
PF15301,3.89
PF15302,5.18
PF15303,3.66
PF15304,1.99
PF15305,5.24
PF15306,5.22
PF15307,4.92
PF15308,3.46
PF15309,2.85
PF15310,
PF15311,
PF15312,
PF15313,4.37
PF15314,5.91
PF15315,4.37
PF15316,2.88
PF15317,2.99
PF15318,
PF15319,5.41
PF15320,5.68
PF15321,1.85
PF15322,
PF15323,4.95
PF15324,5.09
PF15325,
PF15326,3.07
PF15327,2.77
PF15328,5.03
PF15330,1.78
PF15331,
PF15332,5.05
PF15333,5.22
PF15334,
PF15335,5.06
PF15336,4.12
PF15337,4.0
PF15338,
PF15339,
PF15340,5.55
PF15341,4.75
PF15342,3.93
PF15343,5.33
PF15344,2.37
PF15345,4.53
PF15346,
PF15347,
PF15348,5.54
PF15349,
PF15350,5.19
PF15351,
PF15352,4.4
PF15353,
PF15354,
PF15355,
PF15356,
PF15357,5.07
PF15358,5.12
PF15359,5.45
PF15360,
PF15361,5.22
PF15362,5.52
PF15363,4.51
PF15364,5.0
PF15365,5.32
PF15366,4.88
PF15367,
PF15368,5.23
PF15369,5.0
PF15370,3.92
PF15371,1.99
PF15372,4.95
PF15373,5.53
PF15374,2.09
PF15375,4.75
PF15376,5.25
PF15377,
PF15378,1.73
PF15379,
PF15380,5.29
PF15382,5.22
PF15383,5.02
PF15384,
PF15385,3.5
PF15386,4.52
PF15387,5.12
PF15388,3.04
PF15389,4.71
PF15390,5.45
PF15391,5.07
PF15392,5.28
PF15393,4.8
PF15394,5.2
PF15395,
PF15396,5.35
PF15397,4.99
PF15398,5.03
PF15399,5.74
PF15400,5.21
PF15409,2.92
PF15410,2.3
PF15412,2.48
PF15419,5.5
PF15423,4.33
PF15424,5.19
PF15427,5.24
PF15429,5.22
PF15431,
PF15433,
PF15434,3.64
PF15435,
PF15439,2.63
PF15440,3.01
PF15441,5.18
PF15442,
PF15443,
PF15444,4.5
PF15449,
PF15450,4.94
PF15451,5.39
PF15452,2.83
PF15453,0.6
PF15454,5.0
PF15455,5.26
PF15462,
PF15464,
PF15465,5.07
PF15466,5.23
PF15467,5.04
PF15468,5.25
PF15469,2.82
PF15470,5.03
PF15471,
PF15472,
PF15473,
PF15475,
PF15476,5.52
PF15477,2.15
PF15478,
PF15479,4.95
PF15480,-1.0
PF15482,
PF15483,4.18
PF15484,4.92
PF15485,5.37
PF15486,5.53
PF15487,4.85
PF15488,
PF15489,5.13
PF15490,5.36
PF15492,5.22
PF15494,1.83
PF15497,4.75
PF15498,
PF15499,
PF15501,5.22
PF15502,
PF15503,
PF15504,
PF15505,5.25
PF15506,4.97
PF15508,4.49
PF15509,
PF15510,4.86
PF15511,2.49
PF15512,
PF15519,3.21
PF15539,4.73
PF15546,
PF15547,
PF15549,4.39
PF15550,
PF15551,5.27
PF15552,5.11
PF15553,
PF15554,
PF15555,4.55
PF15556,5.1
PF15557,5.13
PF15558,0.92
PF15559,
PF15576,
PF15578,
PF15612,1.16
PF15613,2.05
PF15619,3.19
PF15620,5.15
PF15621,3.37
PF15622,5.0
PF15623,3.7
PF15625,4.22
PF15627,5.21
PF15630,4.64
PF15632,
PF15636,4.22
PF15661,
PF15662,4.42
PF15663,3.5
PF15664,
PF15665,3.84
PF15666,3.18
PF15667,5.27
PF15668,
PF15669,4.68
PF15670,2.05
PF15671,5.36
PF15672,5.19
PF15673,5.35
PF15674,
PF15675,5.37
PF15676,5.57
PF15677,
PF15678,4.88
PF15679,4.62
PF15680,
PF15681,
PF15682,5.13
PF15683,
PF15684,
PF15685,5.34
PF15686,5.03
PF15687,5.36
PF15688,
PF15689,
PF15690,
PF15691,5.33
PF15692,2.71
PF15693,
PF15694,5.29
PF15695,3.7
PF15696,1.72
PF15702,
PF15703,5.01
PF15705,2.59
PF15706,3.14
PF15707,
PF15708,4.61
PF15709,5.06
PF15710,5.19
PF15711,1.81
PF15712,5.04
PF15713,
PF15715,4.62
PF15716,
PF15717,4.97
PF15718,5.17
PF15719,5.14
PF15720,5.37
PF15721,
PF15722,3.84
PF15724,5.14
PF15725,5.19
PF15726,
PF15727,
PF15728,
PF15729,
PF15730,
PF15732,4.72
PF15733,2.29
PF15734,
PF15735,2.29
PF15736,4.82
PF15737,1.6
PF15739,1.59
PF15740,
PF15741,
PF15742,5.04
PF15743,
PF15744,4.88
PF15745,5.16
PF15746,
PF15747,
PF15748,
PF15749,4.83
PF15750,
PF15751,5.39
PF15752,
PF15753,4.79
PF15754,
PF15755,
PF15756,
PF15757,
PF15758,
PF15759,5.19
PF15760,
PF15761,3.3
PF15762,4.78
PF15763,5.3
PF15764,5.11
PF15765,5.08
PF15766,5.1
PF15767,5.01
PF15768,
PF15769,
PF15770,
PF15771,
PF15772,4.21
PF15773,5.17
PF15774,5.48
PF15775,5.03
PF15776,
PF15778,5.28
PF15779,2.25
PF15780,1.47
PF15782,3.14
PF15783,1.27
PF15784,4.09
PF15785,5.12
PF15786,
PF15787,3.02
PF15788,1.32
PF15789,
PF15790,4.82
PF15791,3.58
PF15792,5.0
PF15793,
PF15794,5.08
PF15795,5.31
PF15796,3.55
PF15797,5.49
PF15798,
PF15799,
PF15800,5.1
PF15801,5.52
PF15802,5.1
PF15803,
PF15804,0.57
PF15805,
PF15806,5.26
PF15807,1.89
PF15808,4.77
PF15809,
PF15810,5.0
PF15811,
PF15812,5.14
PF15813,
PF15814,
PF15815,2.4
PF15816,
PF15817,5.26
PF15818,4.9
PF15819,
PF15820,
PF15821,4.89
PF15822,
PF15823,
PF15824,
PF15825,4.78
PF15826,
PF15828,
PF15829,
PF15830,5.23
PF15831,1.78
PF15832,4.46
PF15833,
PF15834,5.36
PF15835,
PF15836,5.0
PF15838,5.21
PF15839,5.78
PF15840,5.66
PF15841,
PF15842,5.1
PF15843,5.31
PF15844,
PF15845,
PF15846,5.36
PF15847,
PF15848,5.26
PF15849,
PF15851,4.69
PF15852,4.97
PF15854,
PF15855,
PF15858,
PF15859,
PF15862,
PF15865,5.13
PF15867,4.93
PF15870,3.86
PF15871,2.68
PF15872,2.31
PF15873,
PF15874,3.29
PF15875,5.3
PF15876,5.16
PF15877,5.12
PF15878,
PF15879,
PF15880,
PF15882,4.85
PF15884,5.3
PF15895,
PF15897,
PF15898,3.38
PF15901,3.18
PF15902,2.87
PF15903,3.63
PF15904,5.01
PF15905,4.8
PF15906,5.56
PF15907,5.57
PF15908,3.4
PF15909,5.44
PF15910,1.23
PF15911,
PF15912,
PF15913,3.88
PF15914,4.78
PF15917,3.85
PF15920,3.27
PF15921,
PF15923,4.91
PF15924,4.98
PF15925,3.0
PF15926,4.95
PF15927,5.06
PF15936,1.99
PF15938,
PF15949,3.12
PF15951,3.8
PF15961,5.05
PF15963,5.32
PF15964,4.94
PF15965,3.95
PF15966,
PF15967,4.76
PF15974,3.21
PF15982,5.16
PF15985,3.11
PF15990,5.3
PF15991,5.21
PF15996,5.04
PF15997,5.33
PF16000,1.62
PF16002,
PF16004,5.43
PF16005,2.24
PF16006,5.13
PF16014,5.15
PF16015,4.63
PF16016,3.8
PF16017,4.69
PF16018,1.75
PF16019,4.02
PF16021,4.88
PF16025,
PF16026,5.24
PF16028,5.22
PF16034,4.46
PF16038,5.04
PF16043,3.77
PF16044,5.5
PF16045,
PF16046,4.33
PF16050,5.0
PF16053,5.43
PF16054,
PF16057,4.08
PF16058,
PF16059,5.7
PF16066,5.19
PF16070,2.72
PF16076,1.78
PF16078,5.0
PF16088,4.91
PF16092,5.39
PF16093,4.5
PF16094,4.58
PF16095,4.15
PF16096,4.32
PF16097,5.05
PF16098,5.36
PF16099,
PF16100,5.09
PF16101,
PF16113,4.88
PF16114,5.22
PF16121,5.03
PF16122,5.37
PF16123,3.4
PF16124,2.74
PF16134,5.05
PF16158,2.93
PF16159,4.66
PF16164,
PF16165,2.64
PF16171,4.79
PF16172,2.77
PF16174,0.66
PF16176,3.02
PF16177,2.86
PF16178,2.29
PF16179,2.08
PF16180,4.79
PF16181,5.4
PF16182,3.08
PF16183,3.75
PF16184,0.87
PF16185,5.28
PF16186,3.22
PF16187,3.6
PF16188,3.21
PF16189,3.63
PF16190,3.07
PF16191,1.39
PF16192,3.29
PF16193,
PF16195,4.94
PF16197,5.19
PF16198,5.25
PF16199,5.2
PF16200,4.84
PF16201,
PF16202,5.13
PF16203,5.19
PF16204,5.26
PF16205,5.26
PF16206,5.24
PF16207,2.14
PF16208,2.41
PF16209,2.23
PF16210,
PF16211,3.43
PF16212,1.91
PF16213,2.65
PF16214,1.65
PF16218,3.01
PF16273,5.1
PF16274,4.06
PF16275,5.16
PF16276,5.3
PF16278,5.32
PF16279,3.02
PF16282,5.39
PF16294,5.16
PF16297,2.1
PF16300,2.98
PF16311,4.9
PF16317,4.48
PF16320,4.7
PF16322,2.66
PF16332,4.47
PF16347,
PF16350,2.25
PF16360,
PF16363,1.86
PF16366,4.16
PF16367,3.71
PF16368,5.16
PF16381,4.31
PF16399,5.23
PF16413,5.15
PF16414,3.49
PF16415,4.93
PF16417,5.29
PF16418,5.35
PF16420,5.25
PF16421,2.58
PF16422,4.98
PF16423,5.05
PF16450,2.13
PF16453,4.02
PF16454,4.32
PF16455,4.89
PF16457,2.1
PF16470,2.48
PF16471,4.21
PF16472,2.33
PF16474,2.53
PF16482,3.43
PF16484,3.76
PF16486,3.83
PF16487,5.05
PF16488,3.9
PF16489,1.81
PF16491,4.89
PF16492,2.14
PF16493,4.39
PF16494,3.51
PF16495,4.5
PF16496,4.34
PF16497,2.18
PF16498,4.13
PF16499,4.94
PF16500,0.7
PF16501,5.22
PF16503,
PF16507,5.2
PF16508,5.13
PF16511,4.28
PF16512,3.46
PF16515,1.65
PF16516,2.23
PF16517,2.25
PF16519,3.68
PF16521,5.63
PF16523,4.06
PF16526,2.34
PF16528,
PF16529,
PF16531,
PF16533,4.64
PF16534,4.7
PF16540,5.21
PF16543,
PF16544,5.09
PF16545,4.12
PF16546,4.11
PF16550,4.97
PF16551,5.06
PF16553,3.99
PF16556,2.3
PF16557,4.71
PF16558,5.49
PF16559,3.98
PF16561,4.75
PF16562,4.34
PF16563,3.97
PF16564,2.98
PF16565,5.3
PF16566,4.04
PF16568,4.07
PF16573,5.04
PF16574,5.04
PF16575,3.1
PF16577,
PF16578,1.35
PF16579,4.13
PF16589,1.39
PF16597,1.64
PF16598,5.15
PF16599,
PF16600,1.79
PF16601,
PF16602,5.36
PF16605,5.38
PF16606,5.05
PF16607,5.17
PF16608,3.09
PF16609,3.92
PF16610,5.29
PF16611,
PF16612,
PF16613,
PF16614,4.83
PF16615,3.16
PF16616,2.97
PF16617,5.24
PF16618,5.16
PF16619,4.53
PF16620,
PF16621,4.95
PF16622,2.72
PF16623,5.2
PF16624,
PF16625,
PF16626,5.7
PF16629,3.59
PF16630,5.39
PF16631,5.27
PF16632,2.72
PF16633,
PF16634,
PF16635,
PF16636,
PF16637,
PF16638,5.27
PF16641,4.38
PF16642,5.31
PF16644,1.44
PF16646,4.72
PF16647,5.05
PF16648,5.11
PF16649,
PF16650,5.47
PF16652,3.48
PF16653,4.15
PF16656,5.44
PF16660,5.07
PF16661,2.6
PF16662,3.05
PF16663,3.5
PF16664,1.62
PF16665,2.49
PF16666,5.28
PF16667,5.18
PF16669,
PF16672,5.08
PF16673,1.47
PF16674,2.77
PF16675,2.09
PF16676,3.42
PF16678,4.98
PF16679,
PF16680,3.02
PF16681,5.49
PF16682,
PF16685,5.68
PF16686,5.2
PF16687,
PF16689,4.27
PF16690,5.45
PF16692,
PF16696,4.92
PF16698,
PF16699,4.98
PF16700,4.79
PF16704,4.68
PF16705,5.04
PF16706,
PF16716,5.08
PF16717,
PF16725,4.84
PF16726,4.88
PF16727,
PF16735,4.77
PF16737,5.12
PF16739,1.44
PF16740,4.64
PF16741,1.83
PF16742,5.28
PF16744,
PF16746,1.5
PF16748,5.3
PF16752,
PF16756,5.23
PF16757,2.99
PF16759,
PF16764,
PF16766,
PF16768,5.1
PF16769,
PF16770,1.88
PF16772,4.95
PF16776,5.17
PF16780,5.73
PF16783,5.42
PF16788,2.57
PF16791,
PF16794,4.04
PF16799,
PF16801,4.7
PF16808,3.55
PF16832,
PF16833,
PF16835,
PF16837,
PF16840,
PF16858,5.14
PF16860,5.39
PF16863,2.55
PF16864,1.74
PF16866,4.58
PF16869,4.51
PF16870,4.04
PF16876,3.7
PF16878,2.69
PF16879,3.67
PF16880,4.12
PF16881,5.36
PF16884,3.07
PF16885,3.06
PF16886,5.25
PF16891,4.27
PF16897,3.44
PF16898,4.73
PF16899,4.97
PF16900,4.97
PF16901,
PF16905,4.04
PF16906,5.0
PF16907,2.11
PF16908,1.95
PF16909,2.16
PF16910,1.55
PF16920,3.51
PF16921,
PF16922,
PF16923,5.02
PF16953,5.27
PF16954,0.54
PF16959,3.72
PF16969,
PF16975,4.05
PF16978,4.83
PF16979,4.93
PF17004,5.06
PF17034,
PF17035,4.79
PF17039,2.36
PF17045,3.67
PF17047,3.8
PF17048,5.13
PF17054,3.07
PF17061,5.05
PF17065,
PF17066,5.21
PF17069,3.38
PF17085,5.28
PF17095,2.51
PF17098,5.02
PF17101,
PF17102,
PF17103,
PF17105,3.5
PF17120,
PF17121,
PF17125,5.08
PF17135,5.08
PF17136,5.27
PF17144,4.75
PF17146,5.0
PF17169,
PF17171,2.45
PF17172,1.04
PF17177,2.56
PF17180,
PF17189,5.02
PF17205,3.19
PF17207,1.75
PF17208,1.66
PF17211,
PF17213,
PF17215,2.63
PF17216,2.48
PF17217,3.18
PF17218,2.76
PF17219,4.21
PF17221,4.71
PF17226,2.86
PF17229,5.06
PF17256,5.18
PF17284,2.91
PF17285,5.32
PF17286,5.5
PF17291,4.35
PF17292,
PF17297,4.85
PF17307,
PF17333,
PF17387,5.01
PF17391,
PF17392,
PF17403,5.06
PF17404,5.23
PF17405,5.13
PF17406,5.06
PF17407,5.2
PF17408,
PF17450,3.42
PF17489,
PF17490,2.27
PF17517,5.1
PF17653,5.2
PF17654,3.62
PF17655,2.5
PF17658,5.18
PF17659,5.32
PF17661,3.33
PF17662,5.28
PF17663,5.34
PF17664,5.03
PF17665,
PF17666,
PF17669,5.08
PF17670,
PF17671,5.26
PF17672,4.95
PF17673,4.48
PF17674,1.14
PF17675,3.87
PF17677,1.59
PF17681,1.56
PF17682,5.24
PF17683,
PF17685,5.68
PF17686,
PF17688,4.99
PF17690,5.02
PF17692,
PF17694,
PF17695,5.53
PF17696,
PF17697,5.52
PF17698,
PF17699,
PF17701,4.98
PF17702,
PF17703,5.5
PF17704,
PF17706,
PF17707,
PF17708,1.26
PF17710,
PF17711,
PF17712,
PF17713,
PF17714,
PF17715,
PF17716,5.16
PF17717,5.04
PF17718,4.99
PF17719,4.52
PF17720,4.94
PF17721,5.5
PF17722,4.96
PF17724,5.1
PF17725,4.47
PF17729,
PF17730,5.35
PF17731,
PF17732,5.25
PF17734,2.22
PF17736,1.26
PF17737,
PF17738,
PF17739,
PF17740,4.66
PF17741,4.91
PF17742,
PF17743,5.21
PF17744,5.23
PF17745,5.23
PF17749,
PF17751,2.45
PF17753,5.21
PF17756,5.15
PF17759,
PF17763,5.04
PF17767,5.07
PF17771,2.62
PF17772,4.23
PF17773,
PF17776,1.47
PF17777,3.9
PF17778,
PF17779,1.68
PF17780,2.64
PF17781,5.07
PF17786,5.36
PF17787,3.06
PF17789,1.6
PF17790,1.91
PF17791,2.19
PF17793,4.25
PF17794,4.36
PF17795,
PF17796,
PF17797,5.34
PF17798,
PF17799,
PF17802,5.1
PF17807,4.73
PF17809,5.06
PF17811,3.46
PF17812,5.09
PF17813,4.67
PF17814,2.74
PF17817,3.5
PF17818,3.21
PF17819,4.91
PF17820,1.64
PF17821,
PF17822,
PF17823,5.13
PF17824,5.14
PF17825,5.18
PF17826,5.16
PF17827,
PF17830,2.12
PF17832,2.33
PF17833,5.26
PF17835,5.21
PF17838,2.55
PF17840,2.83
PF17846,2.78
PF17848,5.62
PF17849,3.01
PF17852,2.07
PF17855,1.76
PF17856,3.19
PF17857,2.08
PF17862,1.83
PF17865,5.26
PF17867,1.24
PF17869,
PF17870,
PF17872,2.25
PF17874,0.07
PF17875,
PF17877,4.51
PF17887,2.96
PF17888,1.96
PF17889,2.84
PF17900,1.96
PF17902,3.42
PF17903,
PF17904,3.98
PF17906,3.0
PF17907,3.46
PF17908,5.42
PF17911,5.2
PF17913,3.14
PF17916,5.14
PF17919,0.84
PF17921,2.19
PF17927,5.15
PF17942,2.2
PF17949,4.89
PF17950,5.18
PF17956,4.93
PF17958,3.02
PF17959,4.54
PF17960,1.4
PF17968,
PF17971,1.75
PF17976,5.78
PF17978,5.57
PF17979,4.8
PF17980,3.73
PF17981,5.56
PF17982,4.04
PF17988,2.88
PF18001,5.47
PF18004,5.01
PF18005,5.32
PF18012,3.28
PF18016,2.28
PF18017,4.96
PF18018,5.27
PF18020,1.97
PF18026,
PF18027,2.46
PF18028,5.33
PF18031,3.52
PF18035,3.88
PF18036,4.73
PF18037,5.04
PF18038,3.71
PF18039,2.96
PF18044,3.29
PF18048,
PF18049,5.24
PF18051,
PF18055,4.17
PF18072,
PF18076,5.09
PF18077,
PF18084,
PF18086,4.7
PF18091,5.25
PF18097,5.05
PF18098,
PF18100,4.14
PF18101,5.19
PF18102,3.42
PF18104,2.27
PF18108,2.06
PF18109,3.01
PF18110,5.18
PF18111,3.48
PF18112,3.98
PF18114,
PF18115,5.46
PF18116,1.96
PF18118,3.44
PF18119,2.72
PF18121,4.91
PF18122,5.22
PF18124,4.38
PF18127,5.36
PF18129,5.18
PF18130,
PF18131,5.09
PF18136,5.28
PF18137,
PF18139,3.2
PF18140,4.85
PF18141,
PF18147,
PF18148,3.64
PF18149,5.09
PF18150,4.08
PF18151,2.26
PF18162,
PF18190,5.22
PF18192,4.83
PF18193,5.04
PF18198,2.35
PF18199,1.47
PF18201,1.42
PF18207,5.69
PF18210,5.16
PF18212,3.53
PF18253,5.13
PF18256,6.56
PF18262,
PF18263,
PF18264,6.05
PF18265,5.22
PF18266,4.87
PF18267,
PF18278,5.83
PF18279,
PF18282,4.75
PF18289,
PF18290,
PF18292,1.4
PF18293,3.77
PF18295,
PF18296,4.07
PF18300,5.18
PF18307,
PF18308,4.0
PF18323,
PF18326,4.54
PF18332,5.14
PF18334,5.24
PF18336,4.87
PF18345,3.42
PF18346,3.11
PF18358,5.48
PF18359,5.21
PF18360,4.8
PF18362,3.81
PF18366,4.19
PF18371,3.26
PF18372,3.75
PF18373,3.24
PF18375,3.33
PF18376,4.63
PF18377,2.69
PF18379,3.24
PF18382,3.65
PF18383,5.0
PF18384,5.7
PF18385,4.22
PF18386,4.73
PF18387,3.16
PF18391,4.97
PF18392,4.17
PF18394,4.13
PF18396,4.48
PF18397,3.86
PF18400,4.23
PF18401,2.95
PF18402,2.51
PF18403,2.23
PF18404,4.9
PF18408,4.6
PF18409,5.24
PF18410,3.71
PF18411,4.51
PF18414,5.06
PF18418,
PF18420,5.28
PF18422,
PF18424,
PF18428,5.26
PF18432,5.19
PF18434,
PF18436,4.8
PF18437,
PF18439,
PF18440,4.83
PF18442,4.85
PF18445,5.84
PF18447,5.26
PF18450,
PF18452,2.24
PF18453,
PF18455,
PF18459,5.47
PF18461,5.41
PF18463,5.35
PF18464,5.61
PF18474,4.94
PF18479,5.66
PF18485,5.1
PF18486,4.81
PF18487,5.58
PF18503,
PF18517,2.75
PF18521,5.52
PF18552,4.35
PF18553,4.95
PF18554,4.79
PF18561,3.08
PF18567,1.75
PF18568,2.83
PF18569,5.28
PF18574,2.67
PF18577,5.21
PF18580,3.51
PF18581,2.89
PF18584,3.3
PF18587,5.49
PF18589,0.31
PF18594,
PF18597,5.41
PF18606,3.49
PF18608,
PF18611,3.58
PF18613,4.64
PF18617,5.22
PF18619,4.96
PF18633,5.78
PF18635,5.61
PF18658,1.71
PF18694,5.35
PF18695,0.8
PF18696,1.28
PF18699,4.39
PF18700,4.23
PF18703,
PF18704,
PF18706,5.07
PF18707,5.54
PF18716,5.72
PF18717,5.15
PF18720,4.16
PF18727,2.54
PF18738,5.36
PF18755,3.34
PF18770,
PF18771,5.47
PF18772,3.0
PF18773,
PF18777,5.24
PF18779,5.13
PF18782,2.66
PF18784,5.0
PF18786,0.38
PF18787,5.49
PF18797,4.29
PF18800,5.32
PF18806,5.12
PF18808,4.46
PF18816,5.35
PF18826,5.23
PF18829,4.75
PF18831,
PF18837,5.03
PF18861,2.56
PF18872,4.64
PF18875,3.69
PF18876,2.91
PF18890,5.12
PF18891,5.32
PF18911,2.3
PF18913,4.52
PF18972,
PF18995,2.27
PF19016,4.85
PF19018,2.42
PF19026,3.96
PF19028,2.25
PF19030,1.85
PF19031,2.33
PF19032,1.98
PF19033,0.98
PF19035,3.66
PF19036,1.77
PF19037,1.13
PF19038,1.43
PF19039,2.3
PF19046,4.65
PF19047,2.99
PF19052,3.17
PF19055,2.25
PF19056,2.19
PF19057,2.14
PF19088,3.01
PF19179,3.73
PF19188,3.43
PF19193,1.11
PF19221,2.29
PF19236,2.38
PF19252,4.68
PF19256,3.79
PF19257,3.79
PF19269,
PF19270,5.28
PF19272,2.49
PF19273,4.82
PF19274,5.12
PF19277,1.92
PF19278,
PF19279,5.17
PF19280,1.38
PF19281,4.55
PF19282,
PF19283,4.82
PF19284,
PF19285,
PF19286,1.11
PF19292,2.75
PF19302,5.03
PF19303,4.06
PF19304,4.89
PF19305,5.27
PF19309,2.3
PF19311,1.53
PF19314,2.27
PF19316,5.21
PF19317,4.92
PF19318,5.29
PF19321,
PF19323,
PF19324,5.47
PF19325,5.25
PF19326,3.89
PF19329,2.9
PF19330,
PF19332,
PF19333,
PF19334,5.18
PF19336,
PF19337,
PF19338,
PF19339,
PF19340,5.28
PF19341,
PF19418,5.18
PF19421,3.77
PF19422,1.7
PF19423,5.09
PF19424,5.27
PF19426,2.29
PF19427,4.86
PF19428,5.27
PF19430,5.2
PF19431,5.19
PF19432,5.17
PF19433,
PF19434,5.2
PF19435,5.19
PF19437,
PF19438,5.18
PF19439,4.47
PF19440,3.48
PF19441,3.93
PF19442,
PF19444,5.03
PF19445,5.12
PF19518,3.01
PF19520,3.79
PF19521,5.26
PF19525,3.55
PF19532,2.68
PF19533,
PF19536,3.32
PF19548,3.24
PF19566,
PF19627,3.6
PF19675,5.25
PF19687,5.31
PF19699,3.06
PF19704,
PF19710,
PF19712,5.27
PF19718,
PF19722,3.34
PF19725,5.2
PF19729,5.14
PF19737,4.97
PF19743,3.91
PF19745,5.25
PF19913,5.16
PF19914,5.01
PF20010,3.05
PF20023,2.45
PF20053,5.62
PF20067,5.11
PF20143,5.18
PF20144,4.73
PF20145,3.96
PF20165,4.42
PF20166,1.0
PF20168,3.51
PF20170,2.28
PF20173,4.07
PF20175,5.1
PF20179,0.75
PF20180,4.82
PF20206,5.08
PF20210,4.18
PF20252,3.68
PF20256,4.19
PF20258,5.14
PF20259,5.48
PF20262,5.14
PF20266,0.97
PF20267,3.73
PF20268,5.06
PF20302,2.18
PF20309,2.88
PF20406,4.05
PF20408,2.07
PF20412,2.9
PF20413,5.27
PF20416,
PF20417,
PF20421,1.7
PF20422,2.11
PF20425,2.75
PF20426,2.53
PF20427,5.39
PF20433,2.77
PF20443,3.39
PF20468,
PF20470,2.09
PF20478,
PF20479,
PF20490,3.31
PF20491,5.16
PF20492,2.41
PF20500,
PF20502,
PF20504,5.14
PF20510,5.23
PF20511,5.08
PF20512,5.03
PF20514,
PF20517,5.07
PF20518,5.3
PF20519,1.91
PF20520,3.36
PF20588,5.15
PF20624,2.88
